deviceId,year,month,prediction
000cc3cb7f030c3d0c481bd0e7cf42ee283012c3cb5bfc93ae46eecc5798f0fe,2025,5,0.07706968796049826
000cc3cb7f030c3d0c481bd0e7cf42ee283012c3cb5bfc93ae46eecc5798f0fe,2025,6,0.059513231316073556
000cc3cb7f030c3d0c481bd0e7cf42ee283012c3cb5bfc93ae46eecc5798f0fe,2025,7,0.051857832651199545
000cc3cb7f030c3d0c481bd0e7cf42ee283012c3cb5bfc93ae46eecc5798f0fe,2025,8,0.06340889818510802
000cc3cb7f030c3d0c481bd0e7cf42ee283012c3cb5bfc93ae46eecc5798f0fe,2025,9,0.07590045333159165
000cc3cb7f030c3d0c481bd0e7cf42ee283012c3cb5bfc93ae46eecc5798f0fe,2025,10,0.13593180571095848
005767201ec5d7c3336b3b4d1ffa8a72e7ca1ecdaac30fe5a99d7a76b53f9fc9,2025,5,0.052055176862476654
005767201ec5d7c3336b3b4d1ffa8a72e7ca1ecdaac30fe5a99d7a76b53f9fc9,2025,6,0.03430736014090893
005767201ec5d7c3336b3b4d1ffa8a72e7ca1ecdaac30fe5a99d7a76b53f9fc9,2025,7,0.03776931606539752
005767201ec5d7c3336b3b4d1ffa8a72e7ca1ecdaac30fe5a99d7a76b53f9fc9,2025,8,0.034467436088809214
005767201ec5d7c3336b3b4d1ffa8a72e7ca1ecdaac30fe5a99d7a76b53f9fc9,2025,9,0.03869347529429769
005767201ec5d7c3336b3b4d1ffa8a72e7ca1ecdaac30fe5a99d7a76b53f9fc9,2025,10,0.08821130494153043
01668c64ccc16c506a7c1a5c032e2eb5e2de48ecb284f2e1f6ac48b9de8ad5dd,2025,5,0.02963567848150008
01668c64ccc16c506a7c1a5c032e2eb5e2de48ecb284f2e1f6ac48b9de8ad5dd,2025,6,0.027902101754965963
01668c64ccc16c506a7c1a5c032e2eb5e2de48ecb284f2e1f6ac48b9de8ad5dd,2025,7,0.03308338682988632
01668c64ccc16c506a7c1a5c032e2eb5e2de48ecb284f2e1f6ac48b9de8ad5dd,2025,8,0.03394441023419282
01668c64ccc16c506a7c1a5c032e2eb5e2de48ecb284f2e1f6ac48b9de8ad5dd,2025,9,0.023745170842639527
01668c64ccc16c506a7c1a5c032e2eb5e2de48ecb284f2e1f6ac48b9de8ad5dd,2025,10,0.04908525969018264
01bf745bf2df0312bd5ff2234c0e9dedc39ad0bac9bcfcc89f1f92902934f571,2025,5,0.05085414508885186
01bf745bf2df0312bd5ff2234c0e9dedc39ad0bac9bcfcc89f1f92902934f571,2025,6,0.03585123609221746
01bf745bf2df0312bd5ff2234c0e9dedc39ad0bac9bcfcc89f1f92902934f571,2025,7,0.033809079715091395
01bf745bf2df0312bd5ff2234c0e9dedc39ad0bac9bcfcc89f1f92902934f571,2025,8,0.035735720153970446
01bf745bf2df0312bd5ff2234c0e9dedc39ad0bac9bcfcc89f1f92902934f571,2025,9,0.03437156815945046
01bf745bf2df0312bd5ff2234c0e9dedc39ad0bac9bcfcc89f1f92902934f571,2025,10,0.06799962597900885
02e4ad5d8d0016d35a003ea6df7e10fe27093aba81c64a4ac50c762a15bb1449,2025,5,0.02500169442958944
02e4ad5d8d0016d35a003ea6df7e10fe27093aba81c64a4ac50c762a15bb1449,2025,6,0.02411100618117017
02e4ad5d8d0016d35a003ea6df7e10fe27093aba81c64a4ac50c762a15bb1449,2025,7,0.022975790617488077
02e4ad5d8d0016d35a003ea6df7e10fe27093aba81c64a4ac50c762a15bb1449,2025,8,0.02135759897168367
02e4ad5d8d0016d35a003ea6df7e10fe27093aba81c64a4ac50c762a15bb1449,2025,9,0.012778455218753716
02e4ad5d8d0016d35a003ea6df7e10fe27093aba81c64a4ac50c762a15bb1449,2025,10,0.0521413136034599
038e22575abaab48161b77e91fc9f635bceb292bfa3e43ecf1eeabce9e48c7d7,2025,5,0.0550074883262468
038e22575abaab48161b77e91fc9f635bceb292bfa3e43ecf1eeabce9e48c7d7,2025,6,0.03046667657450917
038e22575abaab48161b77e91fc9f635bceb292bfa3e43ecf1eeabce9e48c7d7,2025,7,0.032757776516322834
038e22575abaab48161b77e91fc9f635bceb292bfa3e43ecf1eeabce9e48c7d7,2025,8,0.03153690389071889
038e22575abaab48161b77e91fc9f635bceb292bfa3e43ecf1eeabce9e48c7d7,2025,9,0.03343648651897431
038e22575abaab48161b77e91fc9f635bceb292bfa3e43ecf1eeabce9e48c7d7,2025,10,0.08886212753310378
04709b6cb733ccadc6db546d80a63ba064e13f0817781bad0d37c59d83cae480,2025,5,0.15131660113853085
04709b6cb733ccadc6db546d80a63ba064e13f0817781bad0d37c59d83cae480,2025,6,0.14664699951955756
04709b6cb733ccadc6db546d80a63ba064e13f0817781bad0d37c59d83cae480,2025,7,0.16269625527669956
04709b6cb733ccadc6db546d80a63ba064e13f0817781bad0d37c59d83cae480,2025,8,0.1630309810170728
04709b6cb733ccadc6db546d80a63ba064e13f0817781bad0d37c59d83cae480,2025,9,0.1551074898014441
04709b6cb733ccadc6db546d80a63ba064e13f0817781bad0d37c59d83cae480,2025,10,0.24730112795409617
0598231b0a5f5adf5f851bd2b77bc6203802dc009e1dff416fa3fe0001112f92,2025,5,0.02122755811364718
0598231b0a5f5adf5f851bd2b77bc6203802dc009e1dff416fa3fe0001112f92,2025,6,0.027713346614768222
0598231b0a5f5adf5f851bd2b77bc6203802dc009e1dff416fa3fe0001112f92,2025,7,0.029454802596755352
0598231b0a5f5adf5f851bd2b77bc6203802dc009e1dff416fa3fe0001112f92,2025,8,0.03228063962182509
0598231b0a5f5adf5f851bd2b77bc6203802dc009e1dff416fa3fe0001112f92,2025,9,0.025835637183575184
0598231b0a5f5adf5f851bd2b77bc6203802dc009e1dff416fa3fe0001112f92,2025,10,0.017790801916563362
05defed45c441db90efd2f2b6236c6aefed530c01edd985f1974de7d9cb7c9cb,2025,5,0.04502218494215044
05defed45c441db90efd2f2b6236c6aefed530c01edd985f1974de7d9cb7c9cb,2025,6,0.020452213686855118
05defed45c441db90efd2f2b6236c6aefed530c01edd985f1974de7d9cb7c9cb,2025,7,0.023039495455251177
05defed45c441db90efd2f2b6236c6aefed530c01edd985f1974de7d9cb7c9cb,2025,8,0.01844475191570112
05defed45c441db90efd2f2b6236c6aefed530c01edd985f1974de7d9cb7c9cb,2025,9,0.02083311666041553
05defed45c441db90efd2f2b6236c6aefed530c01edd985f1974de7d9cb7c9cb,2025,10,0.05567833702760627
06b3fada57ea8ba46e0df50a4f9fddbd6d08ae17b9f833d0cdb7b6ecf625a3b7,2025,5,0.0625993093792353
06b3fada57ea8ba46e0df50a4f9fddbd6d08ae17b9f833d0cdb7b6ecf625a3b7,2025,6,0.030696655325724666
06b3fada57ea8ba46e0df50a4f9fddbd6d08ae17b9f833d0cdb7b6ecf625a3b7,2025,7,0.03243636668047769
06b3fada57ea8ba46e0df50a4f9fddbd6d08ae17b9f833d0cdb7b6ecf625a3b7,2025,8,0.029033485810250653
06b3fada57ea8ba46e0df50a4f9fddbd6d08ae17b9f833d0cdb7b6ecf625a3b7,2025,9,0.03942917514123412
06b3fada57ea8ba46e0df50a4f9fddbd6d08ae17b9f833d0cdb7b6ecf625a3b7,2025,10,0.08544745984306473
06faeae7b722179f1063a5fb71c13525c119948b4fd00dc85cd3bd3cdf63c3c6,2025,5,0.037045415516976626
06faeae7b722179f1063a5fb71c13525c119948b4fd00dc85cd3bd3cdf63c3c6,2025,6,0.01732754448874577
06faeae7b722179f1063a5fb71c13525c119948b4fd00dc85cd3bd3cdf63c3c6,2025,7,0.04299429499455758
06faeae7b722179f1063a5fb71c13525c119948b4fd00dc85cd3bd3cdf63c3c6,2025,8,0.0333247199172413
06faeae7b722179f1063a5fb71c13525c119948b4fd00dc85cd3bd3cdf63c3c6,2025,9,0.048245023835551654
06faeae7b722179f1063a5fb71c13525c119948b4fd00dc85cd3bd3cdf63c3c6,2025,10,0.06224032364673696
072315fe40a4b83ac5693af583ec4735f2f192a7ec5addcf647b133a34b83e8c,2025,5,0.015745138610813274
072315fe40a4b83ac5693af583ec4735f2f192a7ec5addcf647b133a34b83e8c,2025,6,0.018085714521417908
072315fe40a4b83ac5693af583ec4735f2f192a7ec5addcf647b133a34b83e8c,2025,7,0.01412821291571748
072315fe40a4b83ac5693af583ec4735f2f192a7ec5addcf647b133a34b83e8c,2025,8,0.015393921261596513
072315fe40a4b83ac5693af583ec4735f2f192a7ec5addcf647b133a34b83e8c,2025,9,0.007669932179610492
072315fe40a4b83ac5693af583ec4735f2f192a7ec5addcf647b133a34b83e8c,2025,10,0.020261511555524754
0763fb405523c26bb33f06a9ba5c1439f8029bee0c81135f362c8e0371e037e7,2025,5,0.0479826323975536
0763fb405523c26bb33f06a9ba5c1439f8029bee0c81135f362c8e0371e037e7,2025,6,0.043888732553355306
0763fb405523c26bb33f06a9ba5c1439f8029bee0c81135f362c8e0371e037e7,2025,7,0.050768106374548316
0763fb405523c26bb33f06a9ba5c1439f8029bee0c81135f362c8e0371e037e7,2025,8,0.039793291739948444
0763fb405523c26bb33f06a9ba5c1439f8029bee0c81135f362c8e0371e037e7,2025,9,0.04967970815313229
0763fb405523c26bb33f06a9ba5c1439f8029bee0c81135f362c8e0371e037e7,2025,10,0.08610696465889839
07d16d2a3bc4b13439e957b3c44755149177e159aabcc524eec112f7d7ab57cc,2025,5,0.029756967716764622
07d16d2a3bc4b13439e957b3c44755149177e159aabcc524eec112f7d7ab57cc,2025,6,0.022422208067881845
07d16d2a3bc4b13439e957b3c44755149177e159aabcc524eec112f7d7ab57cc,2025,7,0.022630953660366618
07d16d2a3bc4b13439e957b3c44755149177e159aabcc524eec112f7d7ab57cc,2025,8,0.016914793647513096
07d16d2a3bc4b13439e957b3c44755149177e159aabcc524eec112f7d7ab57cc,2025,9,0.018745805384014436
07d16d2a3bc4b13439e957b3c44755149177e159aabcc524eec112f7d7ab57cc,2025,10,0.04081719833602397
07f52c577626daee77665500a709f6cac0dfcd6ad395a9081670d281d00b5e9d,2025,5,0.134953332514453
07f52c577626daee77665500a709f6cac0dfcd6ad395a9081670d281d00b5e9d,2025,6,0.11122466685201353
07f52c577626daee77665500a709f6cac0dfcd6ad395a9081670d281d00b5e9d,2025,7,0.11383840297198525
07f52c577626daee77665500a709f6cac0dfcd6ad395a9081670d281d00b5e9d,2025,8,0.11224428921589337
07f52c577626daee77665500a709f6cac0dfcd6ad395a9081670d281d00b5e9d,2025,9,0.11703501033539554
07f52c577626daee77665500a709f6cac0dfcd6ad395a9081670d281d00b5e9d,2025,10,0.18999061689779612
0885a9a12cc676f39135d3d8ca80b2ddfbc6b662d6ae44f16bebd0a7b90a087c,2025,5,0.09067673277697869
0885a9a12cc676f39135d3d8ca80b2ddfbc6b662d6ae44f16bebd0a7b90a087c,2025,6,0.06759109151351651
0885a9a12cc676f39135d3d8ca80b2ddfbc6b662d6ae44f16bebd0a7b90a087c,2025,7,0.0706921331519428
0885a9a12cc676f39135d3d8ca80b2ddfbc6b662d6ae44f16bebd0a7b90a087c,2025,8,0.07058199751874163
0885a9a12cc676f39135d3d8ca80b2ddfbc6b662d6ae44f16bebd0a7b90a087c,2025,9,0.10023289458014559
0885a9a12cc676f39135d3d8ca80b2ddfbc6b662d6ae44f16bebd0a7b90a087c,2025,10,0.14760286513674023
098344689a0dc9c51d460f142c9e480746dedd3806ca874fae480d27064050d6,2025,5,0.15966316458021024
098344689a0dc9c51d460f142c9e480746dedd3806ca874fae480d27064050d6,2025,6,0.15244200234643485
098344689a0dc9c51d460f142c9e480746dedd3806ca874fae480d27064050d6,2025,7,0.15160109833065444
098344689a0dc9c51d460f142c9e480746dedd3806ca874fae480d27064050d6,2025,8,0.15291665006504523
098344689a0dc9c51d460f142c9e480746dedd3806ca874fae480d27064050d6,2025,9,0.14959720421306516
098344689a0dc9c51d460f142c9e480746dedd3806ca874fae480d27064050d6,2025,10,0.19739086280788615
0a945614f4eeacaca5e3c3a00eefabf932024f140b60b17f2c06e35a34a51130,2025,5,0.05514751359493861
0a945614f4eeacaca5e3c3a00eefabf932024f140b60b17f2c06e35a34a51130,2025,6,0.04206354293788637
0a945614f4eeacaca5e3c3a00eefabf932024f140b60b17f2c06e35a34a51130,2025,7,0.05045616859153809
0a945614f4eeacaca5e3c3a00eefabf932024f140b60b17f2c06e35a34a51130,2025,8,0.05185601226461993
0a945614f4eeacaca5e3c3a00eefabf932024f140b60b17f2c06e35a34a51130,2025,9,0.04628780290222918
0a945614f4eeacaca5e3c3a00eefabf932024f140b60b17f2c06e35a34a51130,2025,10,0.08208451277245393
0aabc0b2d6128734daa5f06e17aa787b13e484c10d613dd8501cc30b5c34903c,2025,5,0.03841988499956322
0aabc0b2d6128734daa5f06e17aa787b13e484c10d613dd8501cc30b5c34903c,2025,6,0.022303103722873686
0aabc0b2d6128734daa5f06e17aa787b13e484c10d613dd8501cc30b5c34903c,2025,7,0.026963527514510102
0aabc0b2d6128734daa5f06e17aa787b13e484c10d613dd8501cc30b5c34903c,2025,8,0.024333331566866533
0aabc0b2d6128734daa5f06e17aa787b13e484c10d613dd8501cc30b5c34903c,2025,9,0.02430448333567329
0aabc0b2d6128734daa5f06e17aa787b13e484c10d613dd8501cc30b5c34903c,2025,10,0.04742204208962524
0ada54a258cb3354d54252c76b14a6eaa7f7f76b4edd720d017e45c143f41dcf,2025,5,0.04548451270714131
0ada54a258cb3354d54252c76b14a6eaa7f7f76b4edd720d017e45c143f41dcf,2025,6,0.036710394807254645
0ada54a258cb3354d54252c76b14a6eaa7f7f76b4edd720d017e45c143f41dcf,2025,7,0.038802820662455426
0ada54a258cb3354d54252c76b14a6eaa7f7f76b4edd720d017e45c143f41dcf,2025,8,0.03617201056308193
0ada54a258cb3354d54252c76b14a6eaa7f7f76b4edd720d017e45c143f41dcf,2025,9,0.034250739849718645
0ada54a258cb3354d54252c76b14a6eaa7f7f76b4edd720d017e45c143f41dcf,2025,10,0.07849099302803902
0c15b2a8d63edb726b95e6fe2121e7ceddb327ed41dd72a7d1460d3b7c31ba8c,2025,5,0.08781384593857981
0c15b2a8d63edb726b95e6fe2121e7ceddb327ed41dd72a7d1460d3b7c31ba8c,2025,6,0.08166411898811465
0c15b2a8d63edb726b95e6fe2121e7ceddb327ed41dd72a7d1460d3b7c31ba8c,2025,7,0.07665319764130357
0c15b2a8d63edb726b95e6fe2121e7ceddb327ed41dd72a7d1460d3b7c31ba8c,2025,8,0.08298732053259304
0c15b2a8d63edb726b95e6fe2121e7ceddb327ed41dd72a7d1460d3b7c31ba8c,2025,9,0.07894740691357789
0c15b2a8d63edb726b95e6fe2121e7ceddb327ed41dd72a7d1460d3b7c31ba8c,2025,10,0.157509402891237
0c27d0c347716bded0cb740f3598bb2665317046bb3fe08106f36273f00e091b,2025,5,0.050304967986468885
0c27d0c347716bded0cb740f3598bb2665317046bb3fe08106f36273f00e091b,2025,6,0.048178765492199585
0c27d0c347716bded0cb740f3598bb2665317046bb3fe08106f36273f00e091b,2025,7,0.0495249133731038
0c27d0c347716bded0cb740f3598bb2665317046bb3fe08106f36273f00e091b,2025,8,0.04769209544592616
0c27d0c347716bded0cb740f3598bb2665317046bb3fe08106f36273f00e091b,2025,9,0.05113502986855212
0c27d0c347716bded0cb740f3598bb2665317046bb3fe08106f36273f00e091b,2025,10,0.08645709358673895
0c5b3a6a5f2eeb053d37ea02b1ac102e4d910a2e0278db7b0d191e86b4075c31,2025,5,0.013359968220797512
0c5b3a6a5f2eeb053d37ea02b1ac102e4d910a2e0278db7b0d191e86b4075c31,2025,6,0.010473967489215592
0c5b3a6a5f2eeb053d37ea02b1ac102e4d910a2e0278db7b0d191e86b4075c31,2025,7,0.013821354261765235
0c5b3a6a5f2eeb053d37ea02b1ac102e4d910a2e0278db7b0d191e86b4075c31,2025,8,0.012596129528865964
0c5b3a6a5f2eeb053d37ea02b1ac102e4d910a2e0278db7b0d191e86b4075c31,2025,9,0.014073496071902346
0c5b3a6a5f2eeb053d37ea02b1ac102e4d910a2e0278db7b0d191e86b4075c31,2025,10,0.05195166131129704
0c9170249a105041d8796f0755653d5bc78f98e10a27fe4e89078aa04dbdacf2,2025,5,0.010185970582511802
0c9170249a105041d8796f0755653d5bc78f98e10a27fe4e89078aa04dbdacf2,2025,6,0.016982707820605514
0c9170249a105041d8796f0755653d5bc78f98e10a27fe4e89078aa04dbdacf2,2025,7,0.0273783930218362
0c9170249a105041d8796f0755653d5bc78f98e10a27fe4e89078aa04dbdacf2,2025,8,0.04210817411867994
0c9170249a105041d8796f0755653d5bc78f98e10a27fe4e89078aa04dbdacf2,2025,9,0.025883370633796608
0c9170249a105041d8796f0755653d5bc78f98e10a27fe4e89078aa04dbdacf2,2025,10,0.02230318842267074
0ce1c71b58b94d46cb4a93a10a11107d5a9a0bd2ca42e2868c70b7c37562429a,2025,5,0.0386188243622147
0ce1c71b58b94d46cb4a93a10a11107d5a9a0bd2ca42e2868c70b7c37562429a,2025,6,0.05545579205443691
0ce1c71b58b94d46cb4a93a10a11107d5a9a0bd2ca42e2868c70b7c37562429a,2025,7,0.04907076856818715
0ce1c71b58b94d46cb4a93a10a11107d5a9a0bd2ca42e2868c70b7c37562429a,2025,8,0.04640855315842825
0ce1c71b58b94d46cb4a93a10a11107d5a9a0bd2ca42e2868c70b7c37562429a,2025,9,0.03263565916220277
0ce1c71b58b94d46cb4a93a10a11107d5a9a0bd2ca42e2868c70b7c37562429a,2025,10,0.05552128334622953
0d2b3ada515d6f4d5d38a4bf607d2ea79b075d95203d90b99950570831757560,2025,5,0.03269679948207434
0d2b3ada515d6f4d5d38a4bf607d2ea79b075d95203d90b99950570831757560,2025,6,0.02686489462346592
0d2b3ada515d6f4d5d38a4bf607d2ea79b075d95203d90b99950570831757560,2025,7,0.024290439722896663
0d2b3ada515d6f4d5d38a4bf607d2ea79b075d95203d90b99950570831757560,2025,8,0.02616420717652311
0d2b3ada515d6f4d5d38a4bf607d2ea79b075d95203d90b99950570831757560,2025,9,0.02046051214216394
0d2b3ada515d6f4d5d38a4bf607d2ea79b075d95203d90b99950570831757560,2025,10,0.046321876417718864
0dda423dd55c0ff884f41d386d60ee9bfe029feb02d436ee3e7edcac759227b7,2025,5,0.2131014874184931
0dda423dd55c0ff884f41d386d60ee9bfe029feb02d436ee3e7edcac759227b7,2025,6,0.1551480476181123
0dda423dd55c0ff884f41d386d60ee9bfe029feb02d436ee3e7edcac759227b7,2025,7,0.14569316930582432
0dda423dd55c0ff884f41d386d60ee9bfe029feb02d436ee3e7edcac759227b7,2025,8,0.15179855517163102
0dda423dd55c0ff884f41d386d60ee9bfe029feb02d436ee3e7edcac759227b7,2025,9,0.1530048625693214
0dda423dd55c0ff884f41d386d60ee9bfe029feb02d436ee3e7edcac759227b7,2025,10,0.3087901630939176
0e3f26c7c5c051b0cd5ea8db0916d24b69415ec5a657bed6e1d1c1725e8777cc,2025,5,0.045964874301108974
0e3f26c7c5c051b0cd5ea8db0916d24b69415ec5a657bed6e1d1c1725e8777cc,2025,6,0.024453777332274204
0e3f26c7c5c051b0cd5ea8db0916d24b69415ec5a657bed6e1d1c1725e8777cc,2025,7,0.023270435005996626
0e3f26c7c5c051b0cd5ea8db0916d24b69415ec5a657bed6e1d1c1725e8777cc,2025,8,0.025479614050030665
0e3f26c7c5c051b0cd5ea8db0916d24b69415ec5a657bed6e1d1c1725e8777cc,2025,9,0.018465149272954482
0e3f26c7c5c051b0cd5ea8db0916d24b69415ec5a657bed6e1d1c1725e8777cc,2025,10,0.06119523701334545
0e7218204aef3c93ecd8269d5227e54fb7b1ccc42943ace5df76a427a1fbe4fe,2025,5,0.014845311174098808
0e7218204aef3c93ecd8269d5227e54fb7b1ccc42943ace5df76a427a1fbe4fe,2025,6,0.017705515241321003
0e7218204aef3c93ecd8269d5227e54fb7b1ccc42943ace5df76a427a1fbe4fe,2025,7,0.0023107138505162952
0e7218204aef3c93ecd8269d5227e54fb7b1ccc42943ace5df76a427a1fbe4fe,2025,8,0.002584606266434657
0e7218204aef3c93ecd8269d5227e54fb7b1ccc42943ace5df76a427a1fbe4fe,2025,9,3.5090768676067775e-05
0e7218204aef3c93ecd8269d5227e54fb7b1ccc42943ace5df76a427a1fbe4fe,2025,10,0.011258364287114311
0e9cfa33f51cd2c8be835ead10d8e8b74267672d9c134c86e154c470f2851611,2025,5,0.048542449464109697
0e9cfa33f51cd2c8be835ead10d8e8b74267672d9c134c86e154c470f2851611,2025,6,0.02180217480281886
0e9cfa33f51cd2c8be835ead10d8e8b74267672d9c134c86e154c470f2851611,2025,7,0.023372465154786318
0e9cfa33f51cd2c8be835ead10d8e8b74267672d9c134c86e154c470f2851611,2025,8,0.030703924298351972
0e9cfa33f51cd2c8be835ead10d8e8b74267672d9c134c86e154c470f2851611,2025,9,0.03512136603424608
0e9cfa33f51cd2c8be835ead10d8e8b74267672d9c134c86e154c470f2851611,2025,10,0.06553925555940658
0f4e07f004cb53e0a09f97bdb3505f87ce01bddca9f9725d62bac30f8fc51095,2025,5,0.08608313405584164
0f4e07f004cb53e0a09f97bdb3505f87ce01bddca9f9725d62bac30f8fc51095,2025,6,0.0719314222860461
0f4e07f004cb53e0a09f97bdb3505f87ce01bddca9f9725d62bac30f8fc51095,2025,7,0.07154243202877786
0f4e07f004cb53e0a09f97bdb3505f87ce01bddca9f9725d62bac30f8fc51095,2025,8,0.07402398885660834
0f4e07f004cb53e0a09f97bdb3505f87ce01bddca9f9725d62bac30f8fc51095,2025,9,0.07361391154448635
0f4e07f004cb53e0a09f97bdb3505f87ce01bddca9f9725d62bac30f8fc51095,2025,10,0.13404894157063457
0f642d3ef94b53e0da9c8f88594173e327c47711b04a903124575e0393f569c1,2025,5,0.06507286542337962
0f642d3ef94b53e0da9c8f88594173e327c47711b04a903124575e0393f569c1,2025,6,0.0326460746140214
0f642d3ef94b53e0da9c8f88594173e327c47711b04a903124575e0393f569c1,2025,7,0.037270584857937904
0f642d3ef94b53e0da9c8f88594173e327c47711b04a903124575e0393f569c1,2025,8,0.034081732338902604
0f642d3ef94b53e0da9c8f88594173e327c47711b04a903124575e0393f569c1,2025,9,0.05224178572680831
0f642d3ef94b53e0da9c8f88594173e327c47711b04a903124575e0393f569c1,2025,10,0.13505647671038634
102b41529d89930b1efdc352095d7b0f50464a197c250dc667d3ae631ffee802,2025,5,0.019155904444603092
102b41529d89930b1efdc352095d7b0f50464a197c250dc667d3ae631ffee802,2025,6,0.026813630621430766
102b41529d89930b1efdc352095d7b0f50464a197c250dc667d3ae631ffee802,2025,7,0.02379491982352465
102b41529d89930b1efdc352095d7b0f50464a197c250dc667d3ae631ffee802,2025,8,0.02124044033345708
102b41529d89930b1efdc352095d7b0f50464a197c250dc667d3ae631ffee802,2025,9,0.01759845932312165
102b41529d89930b1efdc352095d7b0f50464a197c250dc667d3ae631ffee802,2025,10,0.0235441100285372
103c88a3e1be420059e43bd34da4fb30890b796a0de2e7d06916da035a6bd335,2025,5,0.09151256079216968
103c88a3e1be420059e43bd34da4fb30890b796a0de2e7d06916da035a6bd335,2025,6,0.07596176802557339
103c88a3e1be420059e43bd34da4fb30890b796a0de2e7d06916da035a6bd335,2025,7,0.0851256328489979
103c88a3e1be420059e43bd34da4fb30890b796a0de2e7d06916da035a6bd335,2025,8,0.08179340373964292
103c88a3e1be420059e43bd34da4fb30890b796a0de2e7d06916da035a6bd335,2025,9,0.08688427950791464
103c88a3e1be420059e43bd34da4fb30890b796a0de2e7d06916da035a6bd335,2025,10,0.1041990202141628
10482655ebdcde8848ee29b151f6c17ea3ff7711da7b5c9ee51e44e84b27fd5f,2025,5,0.023383106460608434
10482655ebdcde8848ee29b151f6c17ea3ff7711da7b5c9ee51e44e84b27fd5f,2025,6,0.013081360009396664
10482655ebdcde8848ee29b151f6c17ea3ff7711da7b5c9ee51e44e84b27fd5f,2025,7,0.020014518909367215
10482655ebdcde8848ee29b151f6c17ea3ff7711da7b5c9ee51e44e84b27fd5f,2025,8,0.021451113136505294
10482655ebdcde8848ee29b151f6c17ea3ff7711da7b5c9ee51e44e84b27fd5f,2025,9,0.020712512470890645
10482655ebdcde8848ee29b151f6c17ea3ff7711da7b5c9ee51e44e84b27fd5f,2025,10,0.04434526479174562
11f6fbc0b2f72ccd7f371629d1b9f78f1d10f2ab5cdb1980d6cd3ec38124de8b,2025,5,0.07261664727198149
11f6fbc0b2f72ccd7f371629d1b9f78f1d10f2ab5cdb1980d6cd3ec38124de8b,2025,6,0.04915467814601729
11f6fbc0b2f72ccd7f371629d1b9f78f1d10f2ab5cdb1980d6cd3ec38124de8b,2025,7,0.05031070303615806
11f6fbc0b2f72ccd7f371629d1b9f78f1d10f2ab5cdb1980d6cd3ec38124de8b,2025,8,0.05009023657836932
11f6fbc0b2f72ccd7f371629d1b9f78f1d10f2ab5cdb1980d6cd3ec38124de8b,2025,9,0.05334918090148323
11f6fbc0b2f72ccd7f371629d1b9f78f1d10f2ab5cdb1980d6cd3ec38124de8b,2025,10,0.10506443105363839
12018d8a1808381c6d1c08b5c853ceb374260c9ca6ccfb4e586c5bf9d57170d7,2025,5,0.04894043214146947
12018d8a1808381c6d1c08b5c853ceb374260c9ca6ccfb4e586c5bf9d57170d7,2025,6,0.026961695850590887
12018d8a1808381c6d1c08b5c853ceb374260c9ca6ccfb4e586c5bf9d57170d7,2025,7,0.024120402636160176
12018d8a1808381c6d1c08b5c853ceb374260c9ca6ccfb4e586c5bf9d57170d7,2025,8,0.02559513505090567
12018d8a1808381c6d1c08b5c853ceb374260c9ca6ccfb4e586c5bf9d57170d7,2025,9,0.03240470831258924
12018d8a1808381c6d1c08b5c853ceb374260c9ca6ccfb4e586c5bf9d57170d7,2025,10,0.06447330111722946
12e748d3536a3e4284a85495f16006975eac0d02fc78c8b9c0ffd3795d48d62e,2025,5,0.15677625483615412
12e748d3536a3e4284a85495f16006975eac0d02fc78c8b9c0ffd3795d48d62e,2025,6,0.18220228637452296
12e748d3536a3e4284a85495f16006975eac0d02fc78c8b9c0ffd3795d48d62e,2025,7,0.1811573531031792
12e748d3536a3e4284a85495f16006975eac0d02fc78c8b9c0ffd3795d48d62e,2025,8,0.1854330667440925
12e748d3536a3e4284a85495f16006975eac0d02fc78c8b9c0ffd3795d48d62e,2025,9,0.17038508713206407
12e748d3536a3e4284a85495f16006975eac0d02fc78c8b9c0ffd3795d48d62e,2025,10,0.2671925188142479
133442486089c95a545fe095fbfbebd659f1d4882e90f3b4281a32acb4313502,2025,5,0.05591985614618551
133442486089c95a545fe095fbfbebd659f1d4882e90f3b4281a32acb4313502,2025,6,0.05317528730298193
133442486089c95a545fe095fbfbebd659f1d4882e90f3b4281a32acb4313502,2025,7,0.050326460531649034
133442486089c95a545fe095fbfbebd659f1d4882e90f3b4281a32acb4313502,2025,8,0.05408236933667156
133442486089c95a545fe095fbfbebd659f1d4882e90f3b4281a32acb4313502,2025,9,0.04643054587550875
133442486089c95a545fe095fbfbebd659f1d4882e90f3b4281a32acb4313502,2025,10,0.07097190894628187
13c2e18398ed70f1f04a3d54ef251093784211619d8f56d4aeeafa428c8c6c37,2025,5,0.03908629866358922
13c2e18398ed70f1f04a3d54ef251093784211619d8f56d4aeeafa428c8c6c37,2025,6,0.0272172923911452
13c2e18398ed70f1f04a3d54ef251093784211619d8f56d4aeeafa428c8c6c37,2025,7,0.03502606545814851
13c2e18398ed70f1f04a3d54ef251093784211619d8f56d4aeeafa428c8c6c37,2025,8,0.03985868780003582
13c2e18398ed70f1f04a3d54ef251093784211619d8f56d4aeeafa428c8c6c37,2025,9,0.0338107758576959
13c2e18398ed70f1f04a3d54ef251093784211619d8f56d4aeeafa428c8c6c37,2025,10,0.05019073916809151
14576f8f6451a81dadf5ebd03fd76cefc3622757cc32310d5775812d5eb2bfea,2025,5,0.06314976485368035
14576f8f6451a81dadf5ebd03fd76cefc3622757cc32310d5775812d5eb2bfea,2025,6,0.030965516285928803
14576f8f6451a81dadf5ebd03fd76cefc3622757cc32310d5775812d5eb2bfea,2025,7,0.024697724293520233
14576f8f6451a81dadf5ebd03fd76cefc3622757cc32310d5775812d5eb2bfea,2025,8,0.024695202014400855
14bc5f67e6438932bf6acd89f0531529eb9a1f9aa090048175762f25128af963,2025,5,0.04027986332407476
14bc5f67e6438932bf6acd89f0531529eb9a1f9aa090048175762f25128af963,2025,6,0.01677987381092349
14bc5f67e6438932bf6acd89f0531529eb9a1f9aa090048175762f25128af963,2025,7,0.0196285486180745
14bc5f67e6438932bf6acd89f0531529eb9a1f9aa090048175762f25128af963,2025,8,0.020238452588773055
14bc5f67e6438932bf6acd89f0531529eb9a1f9aa090048175762f25128af963,2025,9,0.022975573862351426
14bc5f67e6438932bf6acd89f0531529eb9a1f9aa090048175762f25128af963,2025,10,0.06341994124462205
1567d24062afaa9c12e8a33780baf3506210c4632eff2f34afe645b50f41cd8f,2025,5,0.02304873769571311
1567d24062afaa9c12e8a33780baf3506210c4632eff2f34afe645b50f41cd8f,2025,6,0.0316859649533783
1567d24062afaa9c12e8a33780baf3506210c4632eff2f34afe645b50f41cd8f,2025,7,0.0394180617894964
1567d24062afaa9c12e8a33780baf3506210c4632eff2f34afe645b50f41cd8f,2025,8,0.0301831639958622
1567d24062afaa9c12e8a33780baf3506210c4632eff2f34afe645b50f41cd8f,2025,9,0.02478363913213789
1567d24062afaa9c12e8a33780baf3506210c4632eff2f34afe645b50f41cd8f,2025,10,0.045117198306933934
15f8cea0f8f5a0000591564658ef762d6b623105d0b716d8fac3a1ada679fc0d,2025,5,0.06852622058753849
15f8cea0f8f5a0000591564658ef762d6b623105d0b716d8fac3a1ada679fc0d,2025,6,0.07220146832967966
15f8cea0f8f5a0000591564658ef762d6b623105d0b716d8fac3a1ada679fc0d,2025,7,0.07134644816603297
15f8cea0f8f5a0000591564658ef762d6b623105d0b716d8fac3a1ada679fc0d,2025,8,0.06820501062713498
15f8cea0f8f5a0000591564658ef762d6b623105d0b716d8fac3a1ada679fc0d,2025,9,0.06355102048826028
15f8cea0f8f5a0000591564658ef762d6b623105d0b716d8fac3a1ada679fc0d,2025,10,0.06824409385935766
165d0ccedc583e2f61aab2e0c7f2cbdddf987769cb9d744ec53b39fe722c6555,2025,5,0.0150241269973944
165d0ccedc583e2f61aab2e0c7f2cbdddf987769cb9d744ec53b39fe722c6555,2025,6,0.013528718380105607
165d0ccedc583e2f61aab2e0c7f2cbdddf987769cb9d744ec53b39fe722c6555,2025,7,0.01747801544382223
165d0ccedc583e2f61aab2e0c7f2cbdddf987769cb9d744ec53b39fe722c6555,2025,8,0.014912175068050605
165d0ccedc583e2f61aab2e0c7f2cbdddf987769cb9d744ec53b39fe722c6555,2025,9,0.010880434137437913
165d0ccedc583e2f61aab2e0c7f2cbdddf987769cb9d744ec53b39fe722c6555,2025,10,0.02397558938692936
16654eae2d44b2e4d12caa7a530ed6aaa9beebc0998b1e32cc07a3123f4f6a9a,2025,5,0.15183228682576902
16654eae2d44b2e4d12caa7a530ed6aaa9beebc0998b1e32cc07a3123f4f6a9a,2025,6,0.1162026823276323
16654eae2d44b2e4d12caa7a530ed6aaa9beebc0998b1e32cc07a3123f4f6a9a,2025,7,0.11417479569213698
16654eae2d44b2e4d12caa7a530ed6aaa9beebc0998b1e32cc07a3123f4f6a9a,2025,8,0.11772431038801784
16654eae2d44b2e4d12caa7a530ed6aaa9beebc0998b1e32cc07a3123f4f6a9a,2025,9,0.11421288257109741
16654eae2d44b2e4d12caa7a530ed6aaa9beebc0998b1e32cc07a3123f4f6a9a,2025,10,0.19711358592777384
16c474e4e178269258a79e12c41174380457d05fa1dbe06756621cd4d8d56955,2025,5,0.08699124934148764
16c474e4e178269258a79e12c41174380457d05fa1dbe06756621cd4d8d56955,2025,6,0.054096119251001204
16c474e4e178269258a79e12c41174380457d05fa1dbe06756621cd4d8d56955,2025,7,0.06125926906888995
16c474e4e178269258a79e12c41174380457d05fa1dbe06756621cd4d8d56955,2025,8,0.05714017348829189
16c474e4e178269258a79e12c41174380457d05fa1dbe06756621cd4d8d56955,2025,9,0.06300276147535777
16c474e4e178269258a79e12c41174380457d05fa1dbe06756621cd4d8d56955,2025,10,0.09950279534296366
1703c37039d3bcbd02ed0afcdbaed1fb049e60758c3079f57498b7fc3abfef53,2025,5,0.07198051995567384
1703c37039d3bcbd02ed0afcdbaed1fb049e60758c3079f57498b7fc3abfef53,2025,6,0.0647532216117036
1703c37039d3bcbd02ed0afcdbaed1fb049e60758c3079f57498b7fc3abfef53,2025,7,0.07327122874114267
1703c37039d3bcbd02ed0afcdbaed1fb049e60758c3079f57498b7fc3abfef53,2025,8,0.07555764379675586
1703c37039d3bcbd02ed0afcdbaed1fb049e60758c3079f57498b7fc3abfef53,2025,9,0.0819061317837017
1703c37039d3bcbd02ed0afcdbaed1fb049e60758c3079f57498b7fc3abfef53,2025,10,0.13812113613738008
17850655b0581bd2624172a36cf7dea0c58924d84f44a03cb1f2b593743947c7,2025,5,0.0746669080193849
17850655b0581bd2624172a36cf7dea0c58924d84f44a03cb1f2b593743947c7,2025,6,0.0725407917425577
17850655b0581bd2624172a36cf7dea0c58924d84f44a03cb1f2b593743947c7,2025,7,0.07422309603686607
17850655b0581bd2624172a36cf7dea0c58924d84f44a03cb1f2b593743947c7,2025,8,0.07111387138423785
17850655b0581bd2624172a36cf7dea0c58924d84f44a03cb1f2b593743947c7,2025,9,0.08288524722101631
17850655b0581bd2624172a36cf7dea0c58924d84f44a03cb1f2b593743947c7,2025,10,0.07727365824946611
17ca3943eb703954ecd459dde27cadf1b9a091c95f2fad38ebc2c6ca44f84dd6,2025,5,0.021774423289144258
17ca3943eb703954ecd459dde27cadf1b9a091c95f2fad38ebc2c6ca44f84dd6,2025,6,0.021660638741371533
17ca3943eb703954ecd459dde27cadf1b9a091c95f2fad38ebc2c6ca44f84dd6,2025,7,0.022281044317470553
17ca3943eb703954ecd459dde27cadf1b9a091c95f2fad38ebc2c6ca44f84dd6,2025,8,0.020236271517203183
17ca3943eb703954ecd459dde27cadf1b9a091c95f2fad38ebc2c6ca44f84dd6,2025,9,0.017618120282622468
17ca3943eb703954ecd459dde27cadf1b9a091c95f2fad38ebc2c6ca44f84dd6,2025,10,0.025144893898064492
17d3019303758e85944ab8dab4647197ba66c2dd377ff4e8e9bcaaa4ddf863be,2025,5,0.1408931233590974
17d3019303758e85944ab8dab4647197ba66c2dd377ff4e8e9bcaaa4ddf863be,2025,6,0.10385706306506987
17d3019303758e85944ab8dab4647197ba66c2dd377ff4e8e9bcaaa4ddf863be,2025,7,0.1037084009583196
17d3019303758e85944ab8dab4647197ba66c2dd377ff4e8e9bcaaa4ddf863be,2025,8,0.10315642198597036
17d3019303758e85944ab8dab4647197ba66c2dd377ff4e8e9bcaaa4ddf863be,2025,9,0.12493781547792629
17d3019303758e85944ab8dab4647197ba66c2dd377ff4e8e9bcaaa4ddf863be,2025,10,0.17319636523628584
185f05182b13c28cbd41f1ddb0699d0b084ca32b877ad45ad4646759a6e91ca1,2025,5,0.1596450680405389
185f05182b13c28cbd41f1ddb0699d0b084ca32b877ad45ad4646759a6e91ca1,2025,6,0.12387557131150077
185f05182b13c28cbd41f1ddb0699d0b084ca32b877ad45ad4646759a6e91ca1,2025,7,0.1276001501132012
185f05182b13c28cbd41f1ddb0699d0b084ca32b877ad45ad4646759a6e91ca1,2025,8,0.12291155949670092
185f05182b13c28cbd41f1ddb0699d0b084ca32b877ad45ad4646759a6e91ca1,2025,9,0.11994797697335799
185f05182b13c28cbd41f1ddb0699d0b084ca32b877ad45ad4646759a6e91ca1,2025,10,0.19428719281280088
18add0f86c38f3c293a0e54676ab9b6310420ee0375a5c25f8447b440edc14d9,2025,5,0.048010811370251434
18add0f86c38f3c293a0e54676ab9b6310420ee0375a5c25f8447b440edc14d9,2025,6,0.029019552943912723
18add0f86c38f3c293a0e54676ab9b6310420ee0375a5c25f8447b440edc14d9,2025,7,0.031412100867686366
18add0f86c38f3c293a0e54676ab9b6310420ee0375a5c25f8447b440edc14d9,2025,8,0.03120547555894701
18add0f86c38f3c293a0e54676ab9b6310420ee0375a5c25f8447b440edc14d9,2025,9,0.03353350203746973
18add0f86c38f3c293a0e54676ab9b6310420ee0375a5c25f8447b440edc14d9,2025,10,0.07506891368891336
18fc2668662f38f6de78663698b4c6ce54b4af559b519fdecfbec42b61dd0ec6,2025,5,0.23339398413680468
18fc2668662f38f6de78663698b4c6ce54b4af559b519fdecfbec42b61dd0ec6,2025,6,0.16845652500042974
18fc2668662f38f6de78663698b4c6ce54b4af559b519fdecfbec42b61dd0ec6,2025,7,0.1887997310038215
18fc2668662f38f6de78663698b4c6ce54b4af559b519fdecfbec42b61dd0ec6,2025,8,0.18944921442644663
18fc2668662f38f6de78663698b4c6ce54b4af559b519fdecfbec42b61dd0ec6,2025,9,0.15582110374173216
18fc2668662f38f6de78663698b4c6ce54b4af559b519fdecfbec42b61dd0ec6,2025,10,0.21668281023759134
18ff959e735b2ee6d06d6be523d669294ad47b31dffd98389067ff1077b7788e,2025,5,0.028335018975894327
18ff959e735b2ee6d06d6be523d669294ad47b31dffd98389067ff1077b7788e,2025,6,0.013850282484602617
18ff959e735b2ee6d06d6be523d669294ad47b31dffd98389067ff1077b7788e,2025,7,0.02275038511973785
18ff959e735b2ee6d06d6be523d669294ad47b31dffd98389067ff1077b7788e,2025,8,0.019501270137946673
18ff959e735b2ee6d06d6be523d669294ad47b31dffd98389067ff1077b7788e,2025,9,0.01437404895916976
18ff959e735b2ee6d06d6be523d669294ad47b31dffd98389067ff1077b7788e,2025,10,0.054692296181783506
198f7bb9ff2ca4470858cce4f8ba47cbf727c9d4d9220ffd1e692d0d346ada2b,2025,5,0.32103077666038904
198f7bb9ff2ca4470858cce4f8ba47cbf727c9d4d9220ffd1e692d0d346ada2b,2025,6,0.17582326337898657
198f7bb9ff2ca4470858cce4f8ba47cbf727c9d4d9220ffd1e692d0d346ada2b,2025,7,0.16964021338648275
198f7bb9ff2ca4470858cce4f8ba47cbf727c9d4d9220ffd1e692d0d346ada2b,2025,8,0.16979338916237915
198f7bb9ff2ca4470858cce4f8ba47cbf727c9d4d9220ffd1e692d0d346ada2b,2025,9,0.17923499903528886
198f7bb9ff2ca4470858cce4f8ba47cbf727c9d4d9220ffd1e692d0d346ada2b,2025,10,0.41970410332600977
1a12333e3e72289eb9eb8e9372a84f0f3743190de373f4f386244c988a9c9245,2025,5,0.03378099357481566
1a12333e3e72289eb9eb8e9372a84f0f3743190de373f4f386244c988a9c9245,2025,6,0.033881057692891
1a12333e3e72289eb9eb8e9372a84f0f3743190de373f4f386244c988a9c9245,2025,7,0.03445430858541507
1a12333e3e72289eb9eb8e9372a84f0f3743190de373f4f386244c988a9c9245,2025,8,0.032847518043353896
1a12333e3e72289eb9eb8e9372a84f0f3743190de373f4f386244c988a9c9245,2025,9,0.030316276974464533
1a12333e3e72289eb9eb8e9372a84f0f3743190de373f4f386244c988a9c9245,2025,10,0.04401668871685377
1a95ba3dd8f58ad30387dfa1a04ba5227701a294f08c7e555da9e13bec93c683,2025,5,0.04280711915961621
1a95ba3dd8f58ad30387dfa1a04ba5227701a294f08c7e555da9e13bec93c683,2025,6,0.030107160751122956
1a95ba3dd8f58ad30387dfa1a04ba5227701a294f08c7e555da9e13bec93c683,2025,7,0.03666238132367192
1a95ba3dd8f58ad30387dfa1a04ba5227701a294f08c7e555da9e13bec93c683,2025,8,0.03350057624858673
1a95ba3dd8f58ad30387dfa1a04ba5227701a294f08c7e555da9e13bec93c683,2025,9,0.030026368798856194
1a95ba3dd8f58ad30387dfa1a04ba5227701a294f08c7e555da9e13bec93c683,2025,10,0.06210669508626518
1ac45a6db45883a73aa94405bccc12ff28f4ee81642df89795c1e9d96b8a2c15,2025,5,0.16925005685063726
1ac45a6db45883a73aa94405bccc12ff28f4ee81642df89795c1e9d96b8a2c15,2025,6,0.11867736625723566
1ac45a6db45883a73aa94405bccc12ff28f4ee81642df89795c1e9d96b8a2c15,2025,7,0.11585757737906621
1ac45a6db45883a73aa94405bccc12ff28f4ee81642df89795c1e9d96b8a2c15,2025,8,0.11039863844418349
1ac45a6db45883a73aa94405bccc12ff28f4ee81642df89795c1e9d96b8a2c15,2025,9,0.12457281691663377
1ac45a6db45883a73aa94405bccc12ff28f4ee81642df89795c1e9d96b8a2c15,2025,10,0.210351205420324
1b0bdbd3d6b5d6718db963ce8a985d31567b24db9b390e6a0c1dd6a18d8b852e,2025,5,0.027838805989143678
1b0bdbd3d6b5d6718db963ce8a985d31567b24db9b390e6a0c1dd6a18d8b852e,2025,6,0.016580449422693905
1b0bdbd3d6b5d6718db963ce8a985d31567b24db9b390e6a0c1dd6a18d8b852e,2025,7,0.015352437185989621
1b0bdbd3d6b5d6718db963ce8a985d31567b24db9b390e6a0c1dd6a18d8b852e,2025,8,0.01621096886701608
1b0bdbd3d6b5d6718db963ce8a985d31567b24db9b390e6a0c1dd6a18d8b852e,2025,9,0.02219408847371359
1b0bdbd3d6b5d6718db963ce8a985d31567b24db9b390e6a0c1dd6a18d8b852e,2025,10,0.03970002167720305
1bab6344197a4f94a48a3880a733607751d155667d4b28b0c5535a43050144c9,2025,5,0.0580500788336615
1bab6344197a4f94a48a3880a733607751d155667d4b28b0c5535a43050144c9,2025,6,0.025636242970582063
1bab6344197a4f94a48a3880a733607751d155667d4b28b0c5535a43050144c9,2025,7,0.019460255421618677
1bab6344197a4f94a48a3880a733607751d155667d4b28b0c5535a43050144c9,2025,8,0.017605818379038348
1bab6344197a4f94a48a3880a733607751d155667d4b28b0c5535a43050144c9,2025,9,0.016226583310306446
1bab6344197a4f94a48a3880a733607751d155667d4b28b0c5535a43050144c9,2025,10,0.06499443005440467
1c2daed41137082791639e9b3e5a9b4ebed993363a8c6883669118de397830f1,2025,5,0.05497732475414631
1c2daed41137082791639e9b3e5a9b4ebed993363a8c6883669118de397830f1,2025,6,0.040629305787137956
1c2daed41137082791639e9b3e5a9b4ebed993363a8c6883669118de397830f1,2025,7,0.04398931327373524
1c2daed41137082791639e9b3e5a9b4ebed993363a8c6883669118de397830f1,2025,8,0.04471954239693984
1c2daed41137082791639e9b3e5a9b4ebed993363a8c6883669118de397830f1,2025,9,0.04288971034580749
1c2daed41137082791639e9b3e5a9b4ebed993363a8c6883669118de397830f1,2025,10,0.07164099404755171
1d30563b84b1944f5844c74964a5bdc4af99e8e15115f97ac3c7ec136c65b998,2025,5,0.0640179656167711
1d30563b84b1944f5844c74964a5bdc4af99e8e15115f97ac3c7ec136c65b998,2025,6,0.03600420447290358
1d30563b84b1944f5844c74964a5bdc4af99e8e15115f97ac3c7ec136c65b998,2025,7,0.0324864531137638
1d30563b84b1944f5844c74964a5bdc4af99e8e15115f97ac3c7ec136c65b998,2025,8,0.04231420984731711
1d30563b84b1944f5844c74964a5bdc4af99e8e15115f97ac3c7ec136c65b998,2025,9,0.035969141431329565
1d30563b84b1944f5844c74964a5bdc4af99e8e15115f97ac3c7ec136c65b998,2025,10,0.08980850902425633
1d604cefd1c2467e1fb1382248e2e4e564cca4c2ea5eb1470727fb7aa80f22ac,2025,5,0.02879622183792646
1d604cefd1c2467e1fb1382248e2e4e564cca4c2ea5eb1470727fb7aa80f22ac,2025,6,0.012546169272183936
1d604cefd1c2467e1fb1382248e2e4e564cca4c2ea5eb1470727fb7aa80f22ac,2025,7,0.014354941678717096
1d604cefd1c2467e1fb1382248e2e4e564cca4c2ea5eb1470727fb7aa80f22ac,2025,8,0.01648762722797383
1d604cefd1c2467e1fb1382248e2e4e564cca4c2ea5eb1470727fb7aa80f22ac,2025,9,0.01995609866252013
1d604cefd1c2467e1fb1382248e2e4e564cca4c2ea5eb1470727fb7aa80f22ac,2025,10,0.04128774372268396
1dfcee1ecd30aa0c3d3693b3b9b24a15e5280aa538d1a07992922dce71873dc6,2025,5,0.04206624792365579
1dfcee1ecd30aa0c3d3693b3b9b24a15e5280aa538d1a07992922dce71873dc6,2025,6,0.027955633321467027
1dfcee1ecd30aa0c3d3693b3b9b24a15e5280aa538d1a07992922dce71873dc6,2025,7,0.017495212724961712
1dfcee1ecd30aa0c3d3693b3b9b24a15e5280aa538d1a07992922dce71873dc6,2025,8,0.023833053978356125
1dfcee1ecd30aa0c3d3693b3b9b24a15e5280aa538d1a07992922dce71873dc6,2025,9,0.030658901298275996
1dfcee1ecd30aa0c3d3693b3b9b24a15e5280aa538d1a07992922dce71873dc6,2025,10,0.06256342074313787
1e119fa0bf78a5fa4b045f53c4a445217f29dc17cc1a7615cac5e932f9ca7ab2,2025,5,0.03276535931256086
1e119fa0bf78a5fa4b045f53c4a445217f29dc17cc1a7615cac5e932f9ca7ab2,2025,6,0.031212757753368237
1e119fa0bf78a5fa4b045f53c4a445217f29dc17cc1a7615cac5e932f9ca7ab2,2025,7,0.029425517537721334
1e119fa0bf78a5fa4b045f53c4a445217f29dc17cc1a7615cac5e932f9ca7ab2,2025,8,0.02766606258878078
1e119fa0bf78a5fa4b045f53c4a445217f29dc17cc1a7615cac5e932f9ca7ab2,2025,9,0.02580889515384866
1e119fa0bf78a5fa4b045f53c4a445217f29dc17cc1a7615cac5e932f9ca7ab2,2025,10,0.04393979139790126
1e88b35a6b5de3e7c7a8b5a6e6f1b99b3f148c641689e86d03bc251b47caff6a,2025,5,0.056413332785500175
1e88b35a6b5de3e7c7a8b5a6e6f1b99b3f148c641689e86d03bc251b47caff6a,2025,6,0.028810528398320285
1e88b35a6b5de3e7c7a8b5a6e6f1b99b3f148c641689e86d03bc251b47caff6a,2025,7,0.03511344960646039
1e88b35a6b5de3e7c7a8b5a6e6f1b99b3f148c641689e86d03bc251b47caff6a,2025,8,0.03496886938726607
1e88b35a6b5de3e7c7a8b5a6e6f1b99b3f148c641689e86d03bc251b47caff6a,2025,9,0.02785263001463184
1e88b35a6b5de3e7c7a8b5a6e6f1b99b3f148c641689e86d03bc251b47caff6a,2025,10,0.11702981872834736
1f28d4344a37b03c1a4cd94b7854d90f8a203cf444b9e314581029d854acef44,2025,5,0.05204507727804518
1f28d4344a37b03c1a4cd94b7854d90f8a203cf444b9e314581029d854acef44,2025,6,0.03498763766864374
1f28d4344a37b03c1a4cd94b7854d90f8a203cf444b9e314581029d854acef44,2025,7,0.04878534302010888
1f28d4344a37b03c1a4cd94b7854d90f8a203cf444b9e314581029d854acef44,2025,8,0.028534005731571558
1f28d4344a37b03c1a4cd94b7854d90f8a203cf444b9e314581029d854acef44,2025,9,0.06013508263040618
1f28d4344a37b03c1a4cd94b7854d90f8a203cf444b9e314581029d854acef44,2025,10,0.10226988869326184
1fb177ca9ac51164d927b31a8e3c6dc9709d7d860f323ac15bf4d3c5743e6a16,2025,5,0.0372694158943402
1fb177ca9ac51164d927b31a8e3c6dc9709d7d860f323ac15bf4d3c5743e6a16,2025,6,0.012109964912293457
1fb177ca9ac51164d927b31a8e3c6dc9709d7d860f323ac15bf4d3c5743e6a16,2025,7,0.015870985874689523
1fb177ca9ac51164d927b31a8e3c6dc9709d7d860f323ac15bf4d3c5743e6a16,2025,8,0.011142603247107658
1fb177ca9ac51164d927b31a8e3c6dc9709d7d860f323ac15bf4d3c5743e6a16,2025,9,0.016464809136504464
1fb177ca9ac51164d927b31a8e3c6dc9709d7d860f323ac15bf4d3c5743e6a16,2025,10,0.05096944256612895
1fb21182f9b0eabeeb1135494cea38feff3168c55cf6bc2b13f8bec1a53990c7,2025,5,0.07971467154522272
1fb21182f9b0eabeeb1135494cea38feff3168c55cf6bc2b13f8bec1a53990c7,2025,6,0.054179219522447565
1fb21182f9b0eabeeb1135494cea38feff3168c55cf6bc2b13f8bec1a53990c7,2025,7,0.05958124469837955
1fb21182f9b0eabeeb1135494cea38feff3168c55cf6bc2b13f8bec1a53990c7,2025,8,0.056374392445539885
1fb21182f9b0eabeeb1135494cea38feff3168c55cf6bc2b13f8bec1a53990c7,2025,9,0.0641489870304719
1fb21182f9b0eabeeb1135494cea38feff3168c55cf6bc2b13f8bec1a53990c7,2025,10,0.14039921505601244
204b1d05f9aaf0b6f2f942829362033a80a2f888b45327224211b38e688a7490,2025,5,0.04917755352573672
204b1d05f9aaf0b6f2f942829362033a80a2f888b45327224211b38e688a7490,2025,6,0.054998946792544835
204b1d05f9aaf0b6f2f942829362033a80a2f888b45327224211b38e688a7490,2025,7,0.05635994627624338
204b1d05f9aaf0b6f2f942829362033a80a2f888b45327224211b38e688a7490,2025,8,0.05028324600098713
204b1d05f9aaf0b6f2f942829362033a80a2f888b45327224211b38e688a7490,2025,9,0.04638270955454643
204b1d05f9aaf0b6f2f942829362033a80a2f888b45327224211b38e688a7490,2025,10,0.04008199886924105
205b5419584613fbd563122b584157c97778bee6421a23bcbd498361cf710cd5,2025,5,0.2707956727225288
205b5419584613fbd563122b584157c97778bee6421a23bcbd498361cf710cd5,2025,6,0.1855224862425694
205b5419584613fbd563122b584157c97778bee6421a23bcbd498361cf710cd5,2025,8,0.1976924876577557
205b5419584613fbd563122b584157c97778bee6421a23bcbd498361cf710cd5,2025,9,0.2029075593602836
205b5419584613fbd563122b584157c97778bee6421a23bcbd498361cf710cd5,2025,10,0.4564415899720694
206548e7726c160851c278f88d925940a27fc5371b793a5c3bb40bc8510d7563,2025,5,0.012367452671095222
206548e7726c160851c278f88d925940a27fc5371b793a5c3bb40bc8510d7563,2025,6,0.0058672455038049
206548e7726c160851c278f88d925940a27fc5371b793a5c3bb40bc8510d7563,2025,7,0.004189612261541617
206548e7726c160851c278f88d925940a27fc5371b793a5c3bb40bc8510d7563,2025,8,0.012589333125940311
206548e7726c160851c278f88d925940a27fc5371b793a5c3bb40bc8510d7563,2025,9,0.018446033602920832
206548e7726c160851c278f88d925940a27fc5371b793a5c3bb40bc8510d7563,2025,10,0.03677939150830813
208a80472324952234163a51d880179e717cd11858258c7a0c3f0dac02f90813,2025,5,0.07772775028538823
208a80472324952234163a51d880179e717cd11858258c7a0c3f0dac02f90813,2025,6,0.05191500222962714
208a80472324952234163a51d880179e717cd11858258c7a0c3f0dac02f90813,2025,7,0.05324404896635089
208a80472324952234163a51d880179e717cd11858258c7a0c3f0dac02f90813,2025,8,0.05352062288217882
208a80472324952234163a51d880179e717cd11858258c7a0c3f0dac02f90813,2025,9,0.06255669662489384
208a80472324952234163a51d880179e717cd11858258c7a0c3f0dac02f90813,2025,10,0.11558259093879733
20cb03ed08c2c273297f285a46736fe34099f7f574770bc41cf864229629f196,2025,5,0.06839499977490167
20cb03ed08c2c273297f285a46736fe34099f7f574770bc41cf864229629f196,2025,6,0.046135457792468804
20cb03ed08c2c273297f285a46736fe34099f7f574770bc41cf864229629f196,2025,7,0.04333221893484347
20cb03ed08c2c273297f285a46736fe34099f7f574770bc41cf864229629f196,2025,8,0.048153483780605646
20cb03ed08c2c273297f285a46736fe34099f7f574770bc41cf864229629f196,2025,9,0.04093627521707019
20cb03ed08c2c273297f285a46736fe34099f7f574770bc41cf864229629f196,2025,10,0.09323001763345187
212d47a69a99aef80089b45b095e9e069b306307e3fcdd305226190326872503,2025,5,0.10078322936104
212d47a69a99aef80089b45b095e9e069b306307e3fcdd305226190326872503,2025,6,0.05424396715780701
212d47a69a99aef80089b45b095e9e069b306307e3fcdd305226190326872503,2025,7,0.052725717671642365
212d47a69a99aef80089b45b095e9e069b306307e3fcdd305226190326872503,2025,8,0.058261163543487156
212d47a69a99aef80089b45b095e9e069b306307e3fcdd305226190326872503,2025,9,0.07398392580413801
212d47a69a99aef80089b45b095e9e069b306307e3fcdd305226190326872503,2025,10,0.13674473433934525
21924093004faedfa6b705eb9bbbe3aae5b847cebd496afbd0556b566fefc492,2025,5,0.060290786717806265
21924093004faedfa6b705eb9bbbe3aae5b847cebd496afbd0556b566fefc492,2025,6,0.03303320369555773
21924093004faedfa6b705eb9bbbe3aae5b847cebd496afbd0556b566fefc492,2025,7,0.03228847488956702
21924093004faedfa6b705eb9bbbe3aae5b847cebd496afbd0556b566fefc492,2025,8,0.040402037764792925
21924093004faedfa6b705eb9bbbe3aae5b847cebd496afbd0556b566fefc492,2025,9,0.044512006603501575
21924093004faedfa6b705eb9bbbe3aae5b847cebd496afbd0556b566fefc492,2025,10,0.07177420615453245
21fea7d6a7180eb1c89d5a8dd6916ab1e04c8b8e5ef8411e6abb2eb44d8c010f,2025,5,0.02200423754659592
21fea7d6a7180eb1c89d5a8dd6916ab1e04c8b8e5ef8411e6abb2eb44d8c010f,2025,6,0.014118479334697337
21fea7d6a7180eb1c89d5a8dd6916ab1e04c8b8e5ef8411e6abb2eb44d8c010f,2025,7,0.017137893682946145
21fea7d6a7180eb1c89d5a8dd6916ab1e04c8b8e5ef8411e6abb2eb44d8c010f,2025,8,0.023882641038555502
21fea7d6a7180eb1c89d5a8dd6916ab1e04c8b8e5ef8411e6abb2eb44d8c010f,2025,9,0.013670798960178256
21fea7d6a7180eb1c89d5a8dd6916ab1e04c8b8e5ef8411e6abb2eb44d8c010f,2025,10,0.025206162077375287
22fddca25da25662c314f24182ba3eda9b168b2a9e20634cb6964a8f0aaf3d8d,2025,5,0.026434340634924364
22fddca25da25662c314f24182ba3eda9b168b2a9e20634cb6964a8f0aaf3d8d,2025,6,0.04208584777779727
22fddca25da25662c314f24182ba3eda9b168b2a9e20634cb6964a8f0aaf3d8d,2025,7,0.04324904117739249
22fddca25da25662c314f24182ba3eda9b168b2a9e20634cb6964a8f0aaf3d8d,2025,8,0.03701835284738426
22fddca25da25662c314f24182ba3eda9b168b2a9e20634cb6964a8f0aaf3d8d,2025,9,0.02939867617900662
22fddca25da25662c314f24182ba3eda9b168b2a9e20634cb6964a8f0aaf3d8d,2025,10,0.053791227745225184
22fe4c7ed6b24b49afc5e8a1bc0c9ed5bb81fb546421d428798128d8fcf40cbe,2025,5,0.039181608964464223
22fe4c7ed6b24b49afc5e8a1bc0c9ed5bb81fb546421d428798128d8fcf40cbe,2025,6,0.023063171890122323
22fe4c7ed6b24b49afc5e8a1bc0c9ed5bb81fb546421d428798128d8fcf40cbe,2025,7,0.02444658155352908
22fe4c7ed6b24b49afc5e8a1bc0c9ed5bb81fb546421d428798128d8fcf40cbe,2025,8,0.0218742565920913
22fe4c7ed6b24b49afc5e8a1bc0c9ed5bb81fb546421d428798128d8fcf40cbe,2025,9,0.01402364449063591
22fe4c7ed6b24b49afc5e8a1bc0c9ed5bb81fb546421d428798128d8fcf40cbe,2025,10,0.05694142818804096
2307fcd4c6efe48f1cb0fb1c479d5bb1c5dd030c24e1ba617377f375ed66ec81,2025,5,0.05646840529225165
2307fcd4c6efe48f1cb0fb1c479d5bb1c5dd030c24e1ba617377f375ed66ec81,2025,6,0.049721364002418805
2307fcd4c6efe48f1cb0fb1c479d5bb1c5dd030c24e1ba617377f375ed66ec81,2025,7,0.04248389043681182
2307fcd4c6efe48f1cb0fb1c479d5bb1c5dd030c24e1ba617377f375ed66ec81,2025,8,0.04442894350852067
2307fcd4c6efe48f1cb0fb1c479d5bb1c5dd030c24e1ba617377f375ed66ec81,2025,9,0.04824262090768251
2307fcd4c6efe48f1cb0fb1c479d5bb1c5dd030c24e1ba617377f375ed66ec81,2025,10,0.0807523243164061
236912683d7434f867b414417bdf2d8ebea293f139bb38b1af1215901f900e99,2025,5,0.06046463486535415
236912683d7434f867b414417bdf2d8ebea293f139bb38b1af1215901f900e99,2025,6,0.06046183361124517
236912683d7434f867b414417bdf2d8ebea293f139bb38b1af1215901f900e99,2025,7,0.05423370178955768
236912683d7434f867b414417bdf2d8ebea293f139bb38b1af1215901f900e99,2025,8,0.05794507696353263
236912683d7434f867b414417bdf2d8ebea293f139bb38b1af1215901f900e99,2025,9,0.05237125964809364
236912683d7434f867b414417bdf2d8ebea293f139bb38b1af1215901f900e99,2025,10,0.07827883760148432
24400872cdc267a4643531322106f2b0b62cd69fdca362c3abe7bea28924e513,2025,5,0.014929284215928377
24400872cdc267a4643531322106f2b0b62cd69fdca362c3abe7bea28924e513,2025,6,0.02388639057756721
24400872cdc267a4643531322106f2b0b62cd69fdca362c3abe7bea28924e513,2025,7,0.025678867424327245
24400872cdc267a4643531322106f2b0b62cd69fdca362c3abe7bea28924e513,2025,8,0.024700602880224336
24400872cdc267a4643531322106f2b0b62cd69fdca362c3abe7bea28924e513,2025,9,0.01660003618459304
24400872cdc267a4643531322106f2b0b62cd69fdca362c3abe7bea28924e513,2025,10,0.024195338271564365
24d73cde386f0ffaa646a301bae62a36b623fbad7867789ca1e78f98ba505cde,2025,5,0.03807608355958683
24d73cde386f0ffaa646a301bae62a36b623fbad7867789ca1e78f98ba505cde,2025,6,0.01747621325801102
24d73cde386f0ffaa646a301bae62a36b623fbad7867789ca1e78f98ba505cde,2025,7,0.0163946220677823
24d73cde386f0ffaa646a301bae62a36b623fbad7867789ca1e78f98ba505cde,2025,8,0.016558385563431643
24d73cde386f0ffaa646a301bae62a36b623fbad7867789ca1e78f98ba505cde,2025,9,0.019439158191768988
24d73cde386f0ffaa646a301bae62a36b623fbad7867789ca1e78f98ba505cde,2025,10,0.04622618421217687
25ed3d2359d3509aba1c90d746c800802f5dbd101683b4afba1b568711dbf61b,2025,5,0.06260067212237169
25ed3d2359d3509aba1c90d746c800802f5dbd101683b4afba1b568711dbf61b,2025,6,0.028976239062135645
25ed3d2359d3509aba1c90d746c800802f5dbd101683b4afba1b568711dbf61b,2025,7,0.03222903933813209
25f8c604dad29e6676c854482f1f13362f005cd33b1c4e63198b1f5b9f4bbb08,2025,5,0.029464973862690973
25f8c604dad29e6676c854482f1f13362f005cd33b1c4e63198b1f5b9f4bbb08,2025,6,0.021363907072300813
25f8c604dad29e6676c854482f1f13362f005cd33b1c4e63198b1f5b9f4bbb08,2025,7,0.02266882880860635
25f8c604dad29e6676c854482f1f13362f005cd33b1c4e63198b1f5b9f4bbb08,2025,8,0.02199983122440111
25f8c604dad29e6676c854482f1f13362f005cd33b1c4e63198b1f5b9f4bbb08,2025,9,0.02461627442450106
25f8c604dad29e6676c854482f1f13362f005cd33b1c4e63198b1f5b9f4bbb08,2025,10,0.04320722599339483
2783c80382125f5fa4b8f085257d7c59ec7e5971a893809d6834627d183e7564,2025,5,0.006572279402670262
2783c80382125f5fa4b8f085257d7c59ec7e5971a893809d6834627d183e7564,2025,6,0.004818270007790562
2783c80382125f5fa4b8f085257d7c59ec7e5971a893809d6834627d183e7564,2025,7,0.05509974296737337
2783c80382125f5fa4b8f085257d7c59ec7e5971a893809d6834627d183e7564,2025,8,0.05450844650025863
2783c80382125f5fa4b8f085257d7c59ec7e5971a893809d6834627d183e7564,2025,9,0.0568418492260263
2783c80382125f5fa4b8f085257d7c59ec7e5971a893809d6834627d183e7564,2025,10,0.010254251764290866
2834c60ea574db1f5ace19f5f04990969b6f29845768f009fdc3728885f8ad28,2025,5,0.05333839572494941
2834c60ea574db1f5ace19f5f04990969b6f29845768f009fdc3728885f8ad28,2025,6,0.03845526424060362
2834c60ea574db1f5ace19f5f04990969b6f29845768f009fdc3728885f8ad28,2025,7,0.03797245056167785
2834c60ea574db1f5ace19f5f04990969b6f29845768f009fdc3728885f8ad28,2025,8,0.038173986635143195
2834c60ea574db1f5ace19f5f04990969b6f29845768f009fdc3728885f8ad28,2025,9,0.0392272543303365
28cc876c18f6306471872b765b81db4828a734e6aca73c08a56d5b94acb51e41,2025,5,0.06467710331912452
28cc876c18f6306471872b765b81db4828a734e6aca73c08a56d5b94acb51e41,2025,6,0.05896358934214919
28cc876c18f6306471872b765b81db4828a734e6aca73c08a56d5b94acb51e41,2025,7,0.057734733791349815
28cc876c18f6306471872b765b81db4828a734e6aca73c08a56d5b94acb51e41,2025,8,0.05679669120194082
28cc876c18f6306471872b765b81db4828a734e6aca73c08a56d5b94acb51e41,2025,9,0.05776758806886076
28cc876c18f6306471872b765b81db4828a734e6aca73c08a56d5b94acb51e41,2025,10,0.07713984686722292
29111e59f9768cec2feb6f19c2ccb7c3aa53a87a86090443dd595a20e79f96b0,2025,5,0.018885455110355998
29111e59f9768cec2feb6f19c2ccb7c3aa53a87a86090443dd595a20e79f96b0,2025,6,0.014035753384037205
29111e59f9768cec2feb6f19c2ccb7c3aa53a87a86090443dd595a20e79f96b0,2025,7,0.013920255140951965
29111e59f9768cec2feb6f19c2ccb7c3aa53a87a86090443dd595a20e79f96b0,2025,8,0.013339248870039573
29111e59f9768cec2feb6f19c2ccb7c3aa53a87a86090443dd595a20e79f96b0,2025,9,0.009940519433733112
29111e59f9768cec2feb6f19c2ccb7c3aa53a87a86090443dd595a20e79f96b0,2025,10,0.0715391486644066
291e5f9499091e82c2fccd7636e6ba1b30943b0fa63206ba932c9674e5b2191a,2025,5,0.03198541434562735
291e5f9499091e82c2fccd7636e6ba1b30943b0fa63206ba932c9674e5b2191a,2025,6,0.04736928725504225
291e5f9499091e82c2fccd7636e6ba1b30943b0fa63206ba932c9674e5b2191a,2025,7,0.04598959500942539
291e5f9499091e82c2fccd7636e6ba1b30943b0fa63206ba932c9674e5b2191a,2025,8,0.040619538341891456
291e5f9499091e82c2fccd7636e6ba1b30943b0fa63206ba932c9674e5b2191a,2025,9,0.03219810575510887
291e5f9499091e82c2fccd7636e6ba1b30943b0fa63206ba932c9674e5b2191a,2025,10,0.06158891948741246
2a7cc7b36f3fd5304aee465509ec185589668957335a207587e6ce7823b810c9,2025,5,0.09594961225232765
2a7cc7b36f3fd5304aee465509ec185589668957335a207587e6ce7823b810c9,2025,6,0.06898542300067975
2a7cc7b36f3fd5304aee465509ec185589668957335a207587e6ce7823b810c9,2025,7,0.07181969497331081
2a7cc7b36f3fd5304aee465509ec185589668957335a207587e6ce7823b810c9,2025,8,0.0734205647682718
2a7cc7b36f3fd5304aee465509ec185589668957335a207587e6ce7823b810c9,2025,9,0.0722089824891112
2a7cc7b36f3fd5304aee465509ec185589668957335a207587e6ce7823b810c9,2025,10,0.1106677393273097
2acc99c56dfd119de625d097f267d065386b788924e5c1c4a30dd7e4bd1df32c,2025,5,0.052604079460057504
2acc99c56dfd119de625d097f267d065386b788924e5c1c4a30dd7e4bd1df32c,2025,6,0.05346027521654704
2acc99c56dfd119de625d097f267d065386b788924e5c1c4a30dd7e4bd1df32c,2025,7,0.057071736791187
2acc99c56dfd119de625d097f267d065386b788924e5c1c4a30dd7e4bd1df32c,2025,8,0.05079945262668087
2acc99c56dfd119de625d097f267d065386b788924e5c1c4a30dd7e4bd1df32c,2025,9,0.050097458500340475
2acc99c56dfd119de625d097f267d065386b788924e5c1c4a30dd7e4bd1df32c,2025,10,0.07684436572428004
2af49612cb24e82dea25d86b0542a8c4f65f872df0e4df2f286ce14412ba51da,2025,5,0.02775048721682761
2af49612cb24e82dea25d86b0542a8c4f65f872df0e4df2f286ce14412ba51da,2025,6,0.03345085904833864
2af49612cb24e82dea25d86b0542a8c4f65f872df0e4df2f286ce14412ba51da,2025,7,0.03701305014408237
2af49612cb24e82dea25d86b0542a8c4f65f872df0e4df2f286ce14412ba51da,2025,8,0.03343361510244232
2af49612cb24e82dea25d86b0542a8c4f65f872df0e4df2f286ce14412ba51da,2025,9,0.02604822955937556
2af49612cb24e82dea25d86b0542a8c4f65f872df0e4df2f286ce14412ba51da,2025,10,0.0313136524894551
2b0bae6c5a97eae766948b56124f177e4c69fb693dd3e6b0ebdd97b316cd5b8e,2025,5,0.16243059401872273
2b0bae6c5a97eae766948b56124f177e4c69fb693dd3e6b0ebdd97b316cd5b8e,2025,6,0.12083323578190948
2b0bae6c5a97eae766948b56124f177e4c69fb693dd3e6b0ebdd97b316cd5b8e,2025,7,0.09610360217842631
2b0bae6c5a97eae766948b56124f177e4c69fb693dd3e6b0ebdd97b316cd5b8e,2025,8,0.1059950802560405
2b0bae6c5a97eae766948b56124f177e4c69fb693dd3e6b0ebdd97b316cd5b8e,2025,9,0.22594320688634845
2b0bae6c5a97eae766948b56124f177e4c69fb693dd3e6b0ebdd97b316cd5b8e,2025,10,0.19580578997725465
2b6cc01a05292397d20f7a64b2b399197d04057091b776522c198f7dd2bd60a3,2025,5,0.07825499908341668
2b6cc01a05292397d20f7a64b2b399197d04057091b776522c198f7dd2bd60a3,2025,6,0.06331114332346213
2b6cc01a05292397d20f7a64b2b399197d04057091b776522c198f7dd2bd60a3,2025,7,0.06604331540897684
2cef14b2ef876bbe6a7f96f546c29f9c58486e84d46b78628533cecd23bc9e2a,2025,5,0.0420867602618427
2cef14b2ef876bbe6a7f96f546c29f9c58486e84d46b78628533cecd23bc9e2a,2025,6,0.03517603255613313
2cef14b2ef876bbe6a7f96f546c29f9c58486e84d46b78628533cecd23bc9e2a,2025,7,0.035344229540208064
2cef14b2ef876bbe6a7f96f546c29f9c58486e84d46b78628533cecd23bc9e2a,2025,8,0.03758881443590669
2cef14b2ef876bbe6a7f96f546c29f9c58486e84d46b78628533cecd23bc9e2a,2025,9,0.032104523036654606
2cef14b2ef876bbe6a7f96f546c29f9c58486e84d46b78628533cecd23bc9e2a,2025,10,0.06183897280140934
2d92349ca7b2cee4ce10ef699d0b9d4b5472a88ad79eee5901517adbe84ac4bf,2025,5,0.053221455055579237
2d92349ca7b2cee4ce10ef699d0b9d4b5472a88ad79eee5901517adbe84ac4bf,2025,6,0.036883685360897894
2d92349ca7b2cee4ce10ef699d0b9d4b5472a88ad79eee5901517adbe84ac4bf,2025,7,0.03953984295877411
2d92349ca7b2cee4ce10ef699d0b9d4b5472a88ad79eee5901517adbe84ac4bf,2025,8,0.03806052038127304
2d92349ca7b2cee4ce10ef699d0b9d4b5472a88ad79eee5901517adbe84ac4bf,2025,9,0.027500749905781146
2d92349ca7b2cee4ce10ef699d0b9d4b5472a88ad79eee5901517adbe84ac4bf,2025,10,0.07092658845248495
2db6ffabfe05bc31e652f9aca8fc07fdf7dc1ee8378fbed1f38acda617d0124b,2025,5,0.01200325912809792
2db6ffabfe05bc31e652f9aca8fc07fdf7dc1ee8378fbed1f38acda617d0124b,2025,6,0.01431813581661183
2db6ffabfe05bc31e652f9aca8fc07fdf7dc1ee8378fbed1f38acda617d0124b,2025,7,0.016187373094246144
2db6ffabfe05bc31e652f9aca8fc07fdf7dc1ee8378fbed1f38acda617d0124b,2025,8,0.015434119609036958
2db6ffabfe05bc31e652f9aca8fc07fdf7dc1ee8378fbed1f38acda617d0124b,2025,9,0.010239115630329155
2db6ffabfe05bc31e652f9aca8fc07fdf7dc1ee8378fbed1f38acda617d0124b,2025,10,0.02589767644650116
2deddf91e23ce0eb30b5a5bd79bcd402ea2f5c1f1f561ac0b02a8db0e0445a20,2025,5,0.06930127622481838
2deddf91e23ce0eb30b5a5bd79bcd402ea2f5c1f1f561ac0b02a8db0e0445a20,2025,6,0.05591182173846099
2deddf91e23ce0eb30b5a5bd79bcd402ea2f5c1f1f561ac0b02a8db0e0445a20,2025,7,0.06000206465952462
2deddf91e23ce0eb30b5a5bd79bcd402ea2f5c1f1f561ac0b02a8db0e0445a20,2025,8,0.05728662727576142
2deddf91e23ce0eb30b5a5bd79bcd402ea2f5c1f1f561ac0b02a8db0e0445a20,2025,9,0.06213480857165066
2deddf91e23ce0eb30b5a5bd79bcd402ea2f5c1f1f561ac0b02a8db0e0445a20,2025,10,0.08078521767798277
2e57824ff509c2947ee779e7a148aa1648d210faca36ad9c3480fa29b3662aeb,2025,5,0.05034548992419524
2e57824ff509c2947ee779e7a148aa1648d210faca36ad9c3480fa29b3662aeb,2025,6,0.02723762774166827
2e57824ff509c2947ee779e7a148aa1648d210faca36ad9c3480fa29b3662aeb,2025,7,0.02525279631336886
2e57824ff509c2947ee779e7a148aa1648d210faca36ad9c3480fa29b3662aeb,2025,8,0.02447667233811791
2e57824ff509c2947ee779e7a148aa1648d210faca36ad9c3480fa29b3662aeb,2025,9,0.02279355378611416
2e57824ff509c2947ee779e7a148aa1648d210faca36ad9c3480fa29b3662aeb,2025,10,0.06016984181879962
2e5899725451ac295cef925b80989f27e3bbc8629c99eefbd75a179469e45d08,2025,5,0.04488409387860204
2e5899725451ac295cef925b80989f27e3bbc8629c99eefbd75a179469e45d08,2025,6,0.02253463998079873
2e5899725451ac295cef925b80989f27e3bbc8629c99eefbd75a179469e45d08,2025,7,0.022753168478025873
2e5899725451ac295cef925b80989f27e3bbc8629c99eefbd75a179469e45d08,2025,8,0.027630600643725498
2e5899725451ac295cef925b80989f27e3bbc8629c99eefbd75a179469e45d08,2025,9,0.023637127319964143
2e5899725451ac295cef925b80989f27e3bbc8629c99eefbd75a179469e45d08,2025,10,0.05501399959473736
2f225c810bccba58ea71a9a4f61c0d7d274596f37ff2621a7d721b75ad9d0ad2,2025,5,0.05658917563844611
2f225c810bccba58ea71a9a4f61c0d7d274596f37ff2621a7d721b75ad9d0ad2,2025,6,0.04014812130640576
2f225c810bccba58ea71a9a4f61c0d7d274596f37ff2621a7d721b75ad9d0ad2,2025,7,0.038712003452751595
2f225c810bccba58ea71a9a4f61c0d7d274596f37ff2621a7d721b75ad9d0ad2,2025,8,0.04316219580799477
2f225c810bccba58ea71a9a4f61c0d7d274596f37ff2621a7d721b75ad9d0ad2,2025,9,0.036557886751197866
2f225c810bccba58ea71a9a4f61c0d7d274596f37ff2621a7d721b75ad9d0ad2,2025,10,0.07591741837841713
2f4653bb7d5e259e0beac6345d1f86ccfbad729347fd7587a87345ecc469af26,2025,5,0.0668915032501243
2f4653bb7d5e259e0beac6345d1f86ccfbad729347fd7587a87345ecc469af26,2025,6,0.03332643634640284
2f4653bb7d5e259e0beac6345d1f86ccfbad729347fd7587a87345ecc469af26,2025,7,0.037072658134791325
2f4653bb7d5e259e0beac6345d1f86ccfbad729347fd7587a87345ecc469af26,2025,8,0.03421567476725672
2f4653bb7d5e259e0beac6345d1f86ccfbad729347fd7587a87345ecc469af26,2025,9,0.01805906455131166
2f4653bb7d5e259e0beac6345d1f86ccfbad729347fd7587a87345ecc469af26,2025,10,0.10181072918334816
2f679e2e349815a33168e22db3a5ef7ad4a7d31799a9ba2297b409a9d6645f0f,2025,5,0.08107036436132299
2f679e2e349815a33168e22db3a5ef7ad4a7d31799a9ba2297b409a9d6645f0f,2025,6,0.03437255801913175
2f679e2e349815a33168e22db3a5ef7ad4a7d31799a9ba2297b409a9d6645f0f,2025,7,0.04118455679443073
2f679e2e349815a33168e22db3a5ef7ad4a7d31799a9ba2297b409a9d6645f0f,2025,8,0.03328420770849918
2f679e2e349815a33168e22db3a5ef7ad4a7d31799a9ba2297b409a9d6645f0f,2025,9,0.048322477241355105
2f679e2e349815a33168e22db3a5ef7ad4a7d31799a9ba2297b409a9d6645f0f,2025,10,0.06209998008563672
2ff0e3b07bcf42e03f9e105342628a6ae9b9ab9f27ef4c4ed1e4b2736bbc07eb,2025,5,0.07691136607937724
2ff0e3b07bcf42e03f9e105342628a6ae9b9ab9f27ef4c4ed1e4b2736bbc07eb,2025,6,0.05239095910842807
2ff0e3b07bcf42e03f9e105342628a6ae9b9ab9f27ef4c4ed1e4b2736bbc07eb,2025,7,0.07025788489704173
2ff0e3b07bcf42e03f9e105342628a6ae9b9ab9f27ef4c4ed1e4b2736bbc07eb,2025,8,0.06758554232952213
2ff0e3b07bcf42e03f9e105342628a6ae9b9ab9f27ef4c4ed1e4b2736bbc07eb,2025,9,0.07241453756079284
2ff0e3b07bcf42e03f9e105342628a6ae9b9ab9f27ef4c4ed1e4b2736bbc07eb,2025,10,0.13795053836502527
303139e8eac0761e54dfe312a46f8f9f437179662ec636c6343ec14efa9475e5,2025,5,0.2278190681237932
303139e8eac0761e54dfe312a46f8f9f437179662ec636c6343ec14efa9475e5,2025,6,0.1676382175817562
303139e8eac0761e54dfe312a46f8f9f437179662ec636c6343ec14efa9475e5,2025,7,0.17138779004010696
303139e8eac0761e54dfe312a46f8f9f437179662ec636c6343ec14efa9475e5,2025,8,0.1681019985489059
303139e8eac0761e54dfe312a46f8f9f437179662ec636c6343ec14efa9475e5,2025,9,0.17684384744214476
303139e8eac0761e54dfe312a46f8f9f437179662ec636c6343ec14efa9475e5,2025,10,0.36810725495009033
3131a9acf44291fa477e8871c254a7726e7d1236e6d98a37340f6212f7e3bab6,2025,5,0.06071975448096174
3131a9acf44291fa477e8871c254a7726e7d1236e6d98a37340f6212f7e3bab6,2025,6,0.05169628519983495
3131a9acf44291fa477e8871c254a7726e7d1236e6d98a37340f6212f7e3bab6,2025,7,0.04907392254762439
3131a9acf44291fa477e8871c254a7726e7d1236e6d98a37340f6212f7e3bab6,2025,8,0.04151440646021988
3131a9acf44291fa477e8871c254a7726e7d1236e6d98a37340f6212f7e3bab6,2025,9,0.044851569862155355
3131a9acf44291fa477e8871c254a7726e7d1236e6d98a37340f6212f7e3bab6,2025,10,0.08806606289440197
319a4da0c0eec04feecb2dcba71bf7ca044677a06ab46f60f859c6255152b175,2025,5,0.05399703612221583
319a4da0c0eec04feecb2dcba71bf7ca044677a06ab46f60f859c6255152b175,2025,6,0.03768108007488829
319a4da0c0eec04feecb2dcba71bf7ca044677a06ab46f60f859c6255152b175,2025,7,0.03691026057615672
319a4da0c0eec04feecb2dcba71bf7ca044677a06ab46f60f859c6255152b175,2025,8,0.04129363689806997
319a4da0c0eec04feecb2dcba71bf7ca044677a06ab46f60f859c6255152b175,2025,9,0.0332789873405502
319a4da0c0eec04feecb2dcba71bf7ca044677a06ab46f60f859c6255152b175,2025,10,0.065301664409239
3287fd72caa9d4c030242e2ce8025bf922aa5e84acb01ec0b1c8d0642159cda4,2025,5,0.04217933831348302
3287fd72caa9d4c030242e2ce8025bf922aa5e84acb01ec0b1c8d0642159cda4,2025,6,0.019944340546719876
3287fd72caa9d4c030242e2ce8025bf922aa5e84acb01ec0b1c8d0642159cda4,2025,7,0.02996718981276494
3287fd72caa9d4c030242e2ce8025bf922aa5e84acb01ec0b1c8d0642159cda4,2025,8,0.03141761496537613
3287fd72caa9d4c030242e2ce8025bf922aa5e84acb01ec0b1c8d0642159cda4,2025,9,0.027585457773764283
3287fd72caa9d4c030242e2ce8025bf922aa5e84acb01ec0b1c8d0642159cda4,2025,10,0.06958116478861227
32ce77f250bae7a0f8dbe78f95730f9ae7efa2aabd7882402e2158bd08fbf70c,2025,5,0.19644829489399965
32ce77f250bae7a0f8dbe78f95730f9ae7efa2aabd7882402e2158bd08fbf70c,2025,6,0.13100786467738362
32ce77f250bae7a0f8dbe78f95730f9ae7efa2aabd7882402e2158bd08fbf70c,2025,7,0.13225299298421783
32ce77f250bae7a0f8dbe78f95730f9ae7efa2aabd7882402e2158bd08fbf70c,2025,8,0.1328963737814258
32ce77f250bae7a0f8dbe78f95730f9ae7efa2aabd7882402e2158bd08fbf70c,2025,9,0.15413851491182243
32ce77f250bae7a0f8dbe78f95730f9ae7efa2aabd7882402e2158bd08fbf70c,2025,10,0.27246045188196827
32f3aa73fd1c75615c31e4b9aa8d05433c3de42c42f85288cb676c550111432c,2025,5,0.14224790967943196
32f3aa73fd1c75615c31e4b9aa8d05433c3de42c42f85288cb676c550111432c,2025,6,0.12450821168449117
32f3aa73fd1c75615c31e4b9aa8d05433c3de42c42f85288cb676c550111432c,2025,7,0.11543771044432335
32f3aa73fd1c75615c31e4b9aa8d05433c3de42c42f85288cb676c550111432c,2025,8,0.11805976279098504
32f3aa73fd1c75615c31e4b9aa8d05433c3de42c42f85288cb676c550111432c,2025,9,0.21801415753755696
32f3aa73fd1c75615c31e4b9aa8d05433c3de42c42f85288cb676c550111432c,2025,10,0.31685968348484517
338bae248897479ebd7357a87696415492a3126f36189cf86bd6bb80df1b1f3d,2025,5,0.08041637048276076
338bae248897479ebd7357a87696415492a3126f36189cf86bd6bb80df1b1f3d,2025,6,0.05133046773414117
338bae248897479ebd7357a87696415492a3126f36189cf86bd6bb80df1b1f3d,2025,7,0.053643113114284824
338bae248897479ebd7357a87696415492a3126f36189cf86bd6bb80df1b1f3d,2025,8,0.046332684904276264
338bae248897479ebd7357a87696415492a3126f36189cf86bd6bb80df1b1f3d,2025,9,0.051788948526645756
338bae248897479ebd7357a87696415492a3126f36189cf86bd6bb80df1b1f3d,2025,10,0.10581333600734935
338c7a6ce833d3218fc8104d5d103aae715c5ba616e84385bf38053491bba555,2025,5,0.035208455117739894
338c7a6ce833d3218fc8104d5d103aae715c5ba616e84385bf38053491bba555,2025,6,0.0225685888073624
338c7a6ce833d3218fc8104d5d103aae715c5ba616e84385bf38053491bba555,2025,7,0.021555774672228196
338c7a6ce833d3218fc8104d5d103aae715c5ba616e84385bf38053491bba555,2025,8,0.020438248553522182
338c7a6ce833d3218fc8104d5d103aae715c5ba616e84385bf38053491bba555,2025,9,0.016992447176189966
338c7a6ce833d3218fc8104d5d103aae715c5ba616e84385bf38053491bba555,2025,10,0.05157054367168168
34506b15f2ca9972858a05daf5590a773fd316dd08de047b117e607cb233edaa,2025,5,0.016379581671625836
34506b15f2ca9972858a05daf5590a773fd316dd08de047b117e607cb233edaa,2025,6,0.01685125314811983
34506b15f2ca9972858a05daf5590a773fd316dd08de047b117e607cb233edaa,2025,7,0.01905282206988093
34506b15f2ca9972858a05daf5590a773fd316dd08de047b117e607cb233edaa,2025,8,0.017513937284367086
34506b15f2ca9972858a05daf5590a773fd316dd08de047b117e607cb233edaa,2025,9,0.017164845136029474
34506b15f2ca9972858a05daf5590a773fd316dd08de047b117e607cb233edaa,2025,10,0.014415113045008213
348f25ee74e33787399e1bbd74b3a8911d20efd1bc2029ac1a37c4908f5e7b0e,2025,5,0.04784774791690803
348f25ee74e33787399e1bbd74b3a8911d20efd1bc2029ac1a37c4908f5e7b0e,2025,6,0.0224626470473165
348f25ee74e33787399e1bbd74b3a8911d20efd1bc2029ac1a37c4908f5e7b0e,2025,7,0.023797799759516406
348f25ee74e33787399e1bbd74b3a8911d20efd1bc2029ac1a37c4908f5e7b0e,2025,8,0.02334458413097568
348f25ee74e33787399e1bbd74b3a8911d20efd1bc2029ac1a37c4908f5e7b0e,2025,9,0.026781504071642155
348f25ee74e33787399e1bbd74b3a8911d20efd1bc2029ac1a37c4908f5e7b0e,2025,10,0.06083002712149836
34a0d35cae2857af0f77cae41962c9db7633121f28ade7987a6cc36c750bb413,2025,5,0.04339452159571125
34a0d35cae2857af0f77cae41962c9db7633121f28ade7987a6cc36c750bb413,2025,6,0.021059970571306014
34a0d35cae2857af0f77cae41962c9db7633121f28ade7987a6cc36c750bb413,2025,7,0.025395926381887764
34a0d35cae2857af0f77cae41962c9db7633121f28ade7987a6cc36c750bb413,2025,8,0.02185603039607787
34a0d35cae2857af0f77cae41962c9db7633121f28ade7987a6cc36c750bb413,2025,9,0.021735997589394825
34a0d35cae2857af0f77cae41962c9db7633121f28ade7987a6cc36c750bb413,2025,10,0.06916336047751492
34e6bf95ee25411045391c633fbeca9bc16266a6fb581c9129c1f541ddff9e4b,2025,5,0.0661881170762113
34e6bf95ee25411045391c633fbeca9bc16266a6fb581c9129c1f541ddff9e4b,2025,6,0.06661079091389616
34e6bf95ee25411045391c633fbeca9bc16266a6fb581c9129c1f541ddff9e4b,2025,7,0.06746909965515326
34e6bf95ee25411045391c633fbeca9bc16266a6fb581c9129c1f541ddff9e4b,2025,8,0.0627937858013082
34e6bf95ee25411045391c633fbeca9bc16266a6fb581c9129c1f541ddff9e4b,2025,9,0.06517016127547004
34e6bf95ee25411045391c633fbeca9bc16266a6fb581c9129c1f541ddff9e4b,2025,10,0.11384900509504849
34f28ac8caafa19c5eec8faf455fb85fedcda7d74384c953dec5baa99a28b57d,2025,5,0.12079764915457156
34f28ac8caafa19c5eec8faf455fb85fedcda7d74384c953dec5baa99a28b57d,2025,6,0.05323278542919324
34f28ac8caafa19c5eec8faf455fb85fedcda7d74384c953dec5baa99a28b57d,2025,7,0.05453982877462246
34f28ac8caafa19c5eec8faf455fb85fedcda7d74384c953dec5baa99a28b57d,2025,8,0.05205794224528658
34f28ac8caafa19c5eec8faf455fb85fedcda7d74384c953dec5baa99a28b57d,2025,9,0.06135003923450713
34f28ac8caafa19c5eec8faf455fb85fedcda7d74384c953dec5baa99a28b57d,2025,10,0.13509044501809292
354c0ce9ecdbb10d27db86b239e50f448cb9669b19050cdef7f506d8defb3459,2025,5,0.12228118304804603
354c0ce9ecdbb10d27db86b239e50f448cb9669b19050cdef7f506d8defb3459,2025,6,0.0967866993653761
354c0ce9ecdbb10d27db86b239e50f448cb9669b19050cdef7f506d8defb3459,2025,7,0.09284964052306036
354c0ce9ecdbb10d27db86b239e50f448cb9669b19050cdef7f506d8defb3459,2025,8,0.09528134479499173
354c0ce9ecdbb10d27db86b239e50f448cb9669b19050cdef7f506d8defb3459,2025,9,0.11256655193955295
354c0ce9ecdbb10d27db86b239e50f448cb9669b19050cdef7f506d8defb3459,2025,10,0.1675360116411272
3575eed39a80848ee2587bebb0845364db00e97d0cacc180c01b17c8c5b6bee8,2025,5,0.025515430428395047
3575eed39a80848ee2587bebb0845364db00e97d0cacc180c01b17c8c5b6bee8,2025,6,0.023399924948537532
3575eed39a80848ee2587bebb0845364db00e97d0cacc180c01b17c8c5b6bee8,2025,7,0.028795284801749074
3575eed39a80848ee2587bebb0845364db00e97d0cacc180c01b17c8c5b6bee8,2025,8,0.0357728037717871
3575eed39a80848ee2587bebb0845364db00e97d0cacc180c01b17c8c5b6bee8,2025,9,0.015270333140235869
3575eed39a80848ee2587bebb0845364db00e97d0cacc180c01b17c8c5b6bee8,2025,10,0.03049380834517771
358bcff063e97065c7a01e811bad97b69442dd982b6ef8f973a34e4a50ba8812,2025,5,0.047661950260857934
358bcff063e97065c7a01e811bad97b69442dd982b6ef8f973a34e4a50ba8812,2025,6,0.02420712363148799
358bcff063e97065c7a01e811bad97b69442dd982b6ef8f973a34e4a50ba8812,2025,7,0.025899164194281662
358bcff063e97065c7a01e811bad97b69442dd982b6ef8f973a34e4a50ba8812,2025,8,0.02518428110890924
358bcff063e97065c7a01e811bad97b69442dd982b6ef8f973a34e4a50ba8812,2025,9,0.029326213467629487
358bcff063e97065c7a01e811bad97b69442dd982b6ef8f973a34e4a50ba8812,2025,10,0.05201149811738247
359d295b8157bba6e09eaab8ff68737d107ad6130e024665f84f09e185d34222,2025,5,0.041714616430242754
359d295b8157bba6e09eaab8ff68737d107ad6130e024665f84f09e185d34222,2025,6,0.035345068600341256
359d295b8157bba6e09eaab8ff68737d107ad6130e024665f84f09e185d34222,2025,7,0.03581025424632194
359d295b8157bba6e09eaab8ff68737d107ad6130e024665f84f09e185d34222,2025,8,0.027130747350741335
359d295b8157bba6e09eaab8ff68737d107ad6130e024665f84f09e185d34222,2025,9,0.02364021817407077
359d295b8157bba6e09eaab8ff68737d107ad6130e024665f84f09e185d34222,2025,10,0.05242243099381103
35e4e6e3dad687948b473d5752866561801d6006701519a0b2e26fdd37af6298,2025,5,0.026571537621736203
35e4e6e3dad687948b473d5752866561801d6006701519a0b2e26fdd37af6298,2025,6,0.021293973209707544
35e4e6e3dad687948b473d5752866561801d6006701519a0b2e26fdd37af6298,2025,7,0.022972368472760147
35e4e6e3dad687948b473d5752866561801d6006701519a0b2e26fdd37af6298,2025,8,0.022124917352278832
35e4e6e3dad687948b473d5752866561801d6006701519a0b2e26fdd37af6298,2025,9,0.020303488662723426
35e4e6e3dad687948b473d5752866561801d6006701519a0b2e26fdd37af6298,2025,10,0.04437669324420225
3614998a112ef27de23e4e54b4afa56a377712e95abee30e7ff94e0646c49d14,2025,5,0.052541267281189526
3614998a112ef27de23e4e54b4afa56a377712e95abee30e7ff94e0646c49d14,2025,6,0.03734391023015364
3614998a112ef27de23e4e54b4afa56a377712e95abee30e7ff94e0646c49d14,2025,7,0.03733313320472165
3614998a112ef27de23e4e54b4afa56a377712e95abee30e7ff94e0646c49d14,2025,8,0.046271645504499595
3614998a112ef27de23e4e54b4afa56a377712e95abee30e7ff94e0646c49d14,2025,9,0.048130609687551396
3614998a112ef27de23e4e54b4afa56a377712e95abee30e7ff94e0646c49d14,2025,10,0.08117081535449476
36bac08315f0d89e69ff8732ca8f37f4341d54ca94bc569daea80490ce9bc2ff,2025,5,0.24831920311383623
36bac08315f0d89e69ff8732ca8f37f4341d54ca94bc569daea80490ce9bc2ff,2025,6,0.24617588067938154
36bac08315f0d89e69ff8732ca8f37f4341d54ca94bc569daea80490ce9bc2ff,2025,7,0.28305322890071316
36bac08315f0d89e69ff8732ca8f37f4341d54ca94bc569daea80490ce9bc2ff,2025,8,0.2523627092806524
36bac08315f0d89e69ff8732ca8f37f4341d54ca94bc569daea80490ce9bc2ff,2025,9,0.3253458410593856
37499ac7c21e70871c56a65695c53f7f9a83ffa9f61140a77bbc7de8d53e4b7b,2025,5,0.08797398354053379
37499ac7c21e70871c56a65695c53f7f9a83ffa9f61140a77bbc7de8d53e4b7b,2025,6,0.0798912370353012
37499ac7c21e70871c56a65695c53f7f9a83ffa9f61140a77bbc7de8d53e4b7b,2025,7,0.060279600627748474
37499ac7c21e70871c56a65695c53f7f9a83ffa9f61140a77bbc7de8d53e4b7b,2025,8,0.06334728197452087
37499ac7c21e70871c56a65695c53f7f9a83ffa9f61140a77bbc7de8d53e4b7b,2025,9,0.06356595298661208
376e93ee848fd174b21e1598a436eaf5181f320015debb65779d397fbb9ba199,2025,5,0.17506892001415186
376e93ee848fd174b21e1598a436eaf5181f320015debb65779d397fbb9ba199,2025,6,0.1287532565549842
376e93ee848fd174b21e1598a436eaf5181f320015debb65779d397fbb9ba199,2025,7,0.12499767244176421
376e93ee848fd174b21e1598a436eaf5181f320015debb65779d397fbb9ba199,2025,8,0.1306007406836898
376e93ee848fd174b21e1598a436eaf5181f320015debb65779d397fbb9ba199,2025,9,0.1391539362680948
376e93ee848fd174b21e1598a436eaf5181f320015debb65779d397fbb9ba199,2025,10,0.2742904248925271
37a3b79e39c2a5d921c00b1eabaf1e0f8117fe0548b105f4764580b04ef38f2a,2025,5,0.061063467245678
37a3b79e39c2a5d921c00b1eabaf1e0f8117fe0548b105f4764580b04ef38f2a,2025,6,0.036927143620327424
37a3b79e39c2a5d921c00b1eabaf1e0f8117fe0548b105f4764580b04ef38f2a,2025,9,0.11172534193055395
37a3b79e39c2a5d921c00b1eabaf1e0f8117fe0548b105f4764580b04ef38f2a,2025,10,0.08364737262894859
37e51db6b1d3d8bdb8e6c7688509e2d0ca683dc2b4fd2cb2149d0f5395a1d1d7,2025,5,0.024354953727485393
37e51db6b1d3d8bdb8e6c7688509e2d0ca683dc2b4fd2cb2149d0f5395a1d1d7,2025,6,0.03151715185502771
37e51db6b1d3d8bdb8e6c7688509e2d0ca683dc2b4fd2cb2149d0f5395a1d1d7,2025,7,0.029068878096506174
37e51db6b1d3d8bdb8e6c7688509e2d0ca683dc2b4fd2cb2149d0f5395a1d1d7,2025,8,0.03408990437634502
37e51db6b1d3d8bdb8e6c7688509e2d0ca683dc2b4fd2cb2149d0f5395a1d1d7,2025,9,0.020607640118685912
37e51db6b1d3d8bdb8e6c7688509e2d0ca683dc2b4fd2cb2149d0f5395a1d1d7,2025,10,0.053743563742400066
387ed82fb8a86970192a0a1de86fbf3bb6daccf0fe74c9c9565d325d2a21887b,2025,5,0.05388525566647674
387ed82fb8a86970192a0a1de86fbf3bb6daccf0fe74c9c9565d325d2a21887b,2025,6,0.03979967868661567
387ed82fb8a86970192a0a1de86fbf3bb6daccf0fe74c9c9565d325d2a21887b,2025,7,0.04337812454179471
387ed82fb8a86970192a0a1de86fbf3bb6daccf0fe74c9c9565d325d2a21887b,2025,8,0.038197699218482976
387ed82fb8a86970192a0a1de86fbf3bb6daccf0fe74c9c9565d325d2a21887b,2025,9,0.04190968168453898
387ed82fb8a86970192a0a1de86fbf3bb6daccf0fe74c9c9565d325d2a21887b,2025,10,0.06799081648046473
390086226c2fa53164c5eb905aca34719d5171ca44ce1c76e6501708ace1f402,2025,5,0.1834347532605992
390086226c2fa53164c5eb905aca34719d5171ca44ce1c76e6501708ace1f402,2025,6,0.08563126178716411
390086226c2fa53164c5eb905aca34719d5171ca44ce1c76e6501708ace1f402,2025,7,0.08829776960215852
390086226c2fa53164c5eb905aca34719d5171ca44ce1c76e6501708ace1f402,2025,8,0.08663738378604816
390086226c2fa53164c5eb905aca34719d5171ca44ce1c76e6501708ace1f402,2025,9,0.09538403015812982
390086226c2fa53164c5eb905aca34719d5171ca44ce1c76e6501708ace1f402,2025,10,0.23994620361223482
390d8bca8ff15aa7b8739e96d0bbd174d240ffb4c3ca254e1f2e93839dbf0705,2025,5,0.03651667049697413
390d8bca8ff15aa7b8739e96d0bbd174d240ffb4c3ca254e1f2e93839dbf0705,2025,6,0.025411852127454403
390d8bca8ff15aa7b8739e96d0bbd174d240ffb4c3ca254e1f2e93839dbf0705,2025,7,0.027391114171111057
390d8bca8ff15aa7b8739e96d0bbd174d240ffb4c3ca254e1f2e93839dbf0705,2025,8,0.02944877713405055
390d8bca8ff15aa7b8739e96d0bbd174d240ffb4c3ca254e1f2e93839dbf0705,2025,9,0.03494270518277668
390d8bca8ff15aa7b8739e96d0bbd174d240ffb4c3ca254e1f2e93839dbf0705,2025,10,0.05442912896013864
3984783c0469008842604048d4a09bd672b372563c421950c1afc63100b00af1,2025,5,0.05641531285094194
3984783c0469008842604048d4a09bd672b372563c421950c1afc63100b00af1,2025,6,0.04092914689744871
3984783c0469008842604048d4a09bd672b372563c421950c1afc63100b00af1,2025,7,0.04630650617709266
3984783c0469008842604048d4a09bd672b372563c421950c1afc63100b00af1,2025,8,0.04292954432299875
3984783c0469008842604048d4a09bd672b372563c421950c1afc63100b00af1,2025,9,0.05012054706948711
3984783c0469008842604048d4a09bd672b372563c421950c1afc63100b00af1,2025,10,0.09636339486240554
39b7c55a2447ee58847fdf1fbc214fe19ff6554b466a4248b17836a04398bc57,2025,5,0.046223486859290015
39b7c55a2447ee58847fdf1fbc214fe19ff6554b466a4248b17836a04398bc57,2025,6,0.02654800245445825
39b7c55a2447ee58847fdf1fbc214fe19ff6554b466a4248b17836a04398bc57,2025,7,0.04531431896976677
39b7c55a2447ee58847fdf1fbc214fe19ff6554b466a4248b17836a04398bc57,2025,8,0.02664437664316081
39b7c55a2447ee58847fdf1fbc214fe19ff6554b466a4248b17836a04398bc57,2025,9,0.028621584512855777
39b7c55a2447ee58847fdf1fbc214fe19ff6554b466a4248b17836a04398bc57,2025,10,0.049207960061292064
39f66f2f9807fb085eea698935dd568d0ef41ecbaeffe234a2f9544bcc705653,2025,5,0.023862478773043837
39f66f2f9807fb085eea698935dd568d0ef41ecbaeffe234a2f9544bcc705653,2025,6,0.015799271759128014
39f66f2f9807fb085eea698935dd568d0ef41ecbaeffe234a2f9544bcc705653,2025,7,0.01597744033572762
39f66f2f9807fb085eea698935dd568d0ef41ecbaeffe234a2f9544bcc705653,2025,8,0.011808837464888935
39f66f2f9807fb085eea698935dd568d0ef41ecbaeffe234a2f9544bcc705653,2025,9,0.005080688630352115
39f66f2f9807fb085eea698935dd568d0ef41ecbaeffe234a2f9544bcc705653,2025,10,0.04949335647449994
3a7f8db3395fbfc8ff18dd7a569c25fba5cb6b6b8027b0a40197a8bdc2a89112,2025,5,0.11850565815585243
3a7f8db3395fbfc8ff18dd7a569c25fba5cb6b6b8027b0a40197a8bdc2a89112,2025,6,0.0804204350464825
3a7f8db3395fbfc8ff18dd7a569c25fba5cb6b6b8027b0a40197a8bdc2a89112,2025,7,0.08695342193643332
3a7f8db3395fbfc8ff18dd7a569c25fba5cb6b6b8027b0a40197a8bdc2a89112,2025,8,0.08232450651351099
3a7f8db3395fbfc8ff18dd7a569c25fba5cb6b6b8027b0a40197a8bdc2a89112,2025,9,0.07655281404149694
3a7f8db3395fbfc8ff18dd7a569c25fba5cb6b6b8027b0a40197a8bdc2a89112,2025,10,0.15584418368118275
3b4a3a48242c58022ffcedf96c284b20cf360dcff974b14716a36a4e5115389e,2025,5,0.2790885230016539
3b4a3a48242c58022ffcedf96c284b20cf360dcff974b14716a36a4e5115389e,2025,6,0.1931730631084892
3b4a3a48242c58022ffcedf96c284b20cf360dcff974b14716a36a4e5115389e,2025,7,0.17748130914984653
3b4a3a48242c58022ffcedf96c284b20cf360dcff974b14716a36a4e5115389e,2025,8,0.1905304519273984
3b4a3a48242c58022ffcedf96c284b20cf360dcff974b14716a36a4e5115389e,2025,9,0.21912822855160202
3b4a3a48242c58022ffcedf96c284b20cf360dcff974b14716a36a4e5115389e,2025,10,0.3547911852783964
3b91bd7cb605703d3e1bc2b7327a0f02941d1bcc73d8b074aa26c117a1e04d11,2025,5,0.11066226314114949
3b91bd7cb605703d3e1bc2b7327a0f02941d1bcc73d8b074aa26c117a1e04d11,2025,6,0.09901395969868007
3b91bd7cb605703d3e1bc2b7327a0f02941d1bcc73d8b074aa26c117a1e04d11,2025,7,0.0944140583021835
3b91bd7cb605703d3e1bc2b7327a0f02941d1bcc73d8b074aa26c117a1e04d11,2025,8,0.0903147784713414
3b91bd7cb605703d3e1bc2b7327a0f02941d1bcc73d8b074aa26c117a1e04d11,2025,9,0.10886911900198473
3b91bd7cb605703d3e1bc2b7327a0f02941d1bcc73d8b074aa26c117a1e04d11,2025,10,0.2230399629163755
3b9c69e51bb2908a9c9b922475a4d8c1f9c98571909fe67cb49dceab0aa9893f,2025,5,0.05466599297734173
3b9c69e51bb2908a9c9b922475a4d8c1f9c98571909fe67cb49dceab0aa9893f,2025,6,0.02699667913787636
3b9c69e51bb2908a9c9b922475a4d8c1f9c98571909fe67cb49dceab0aa9893f,2025,7,0.018325844057709643
3b9c69e51bb2908a9c9b922475a4d8c1f9c98571909fe67cb49dceab0aa9893f,2025,8,0.018516525380491533
3b9c69e51bb2908a9c9b922475a4d8c1f9c98571909fe67cb49dceab0aa9893f,2025,9,0.052492670512462807
3b9c69e51bb2908a9c9b922475a4d8c1f9c98571909fe67cb49dceab0aa9893f,2025,10,0.05394132505080816
3c62cc5f1379633332d484687800908f08158e54a20ff8b833a42452c0ff8017,2025,5,0.12376693767838931
3c62cc5f1379633332d484687800908f08158e54a20ff8b833a42452c0ff8017,2025,6,0.10101500680343195
3c62cc5f1379633332d484687800908f08158e54a20ff8b833a42452c0ff8017,2025,7,0.1019635766199943
3c62cc5f1379633332d484687800908f08158e54a20ff8b833a42452c0ff8017,2025,8,0.10094918806832884
3c62cc5f1379633332d484687800908f08158e54a20ff8b833a42452c0ff8017,2025,9,0.09883174158923001
3c62cc5f1379633332d484687800908f08158e54a20ff8b833a42452c0ff8017,2025,10,0.16614650699286637
3da91accf817df33c1a023b666792fb425b56e618f0cd6a1ed513257f17f1303,2025,5,0.028137386733497156
3da91accf817df33c1a023b666792fb425b56e618f0cd6a1ed513257f17f1303,2025,6,0.02427770242601969
3da91accf817df33c1a023b666792fb425b56e618f0cd6a1ed513257f17f1303,2025,7,0.03373258617136943
3da91accf817df33c1a023b666792fb425b56e618f0cd6a1ed513257f17f1303,2025,8,0.02863732173964477
3da91accf817df33c1a023b666792fb425b56e618f0cd6a1ed513257f17f1303,2025,9,0.024487312070236564
3da91accf817df33c1a023b666792fb425b56e618f0cd6a1ed513257f17f1303,2025,10,0.03444323289359839
3e48ef633fbf96aa9e940caaf72705b2433a030ad070592ec22a440e8d3deb1a,2025,5,0.058490181463836
3e48ef633fbf96aa9e940caaf72705b2433a030ad070592ec22a440e8d3deb1a,2025,6,0.02387766929582942
3e48ef633fbf96aa9e940caaf72705b2433a030ad070592ec22a440e8d3deb1a,2025,7,0.034136512576020184
3e48ef633fbf96aa9e940caaf72705b2433a030ad070592ec22a440e8d3deb1a,2025,8,0.030527268094969105
3e48ef633fbf96aa9e940caaf72705b2433a030ad070592ec22a440e8d3deb1a,2025,9,0.036830831006000826
3e48ef633fbf96aa9e940caaf72705b2433a030ad070592ec22a440e8d3deb1a,2025,10,0.06451440512361958
3e730a396a0a8a4793d084c553f85abd88e155dc87f6efa446581f07dbc739d5,2025,5,0.03955233693070008
3e730a396a0a8a4793d084c553f85abd88e155dc87f6efa446581f07dbc739d5,2025,6,0.029902572685768986
3e730a396a0a8a4793d084c553f85abd88e155dc87f6efa446581f07dbc739d5,2025,7,0.031825888490886564
3e730a396a0a8a4793d084c553f85abd88e155dc87f6efa446581f07dbc739d5,2025,8,0.03644746216810085
3e730a396a0a8a4793d084c553f85abd88e155dc87f6efa446581f07dbc739d5,2025,9,0.03684015309821691
3e730a396a0a8a4793d084c553f85abd88e155dc87f6efa446581f07dbc739d5,2025,10,0.10938863570869162
3ee8c7afb655816646ef0c29c14a66d18ce8b22ae67a53d099bed895f4cec758,2025,5,0.03150122617741763
3ee8c7afb655816646ef0c29c14a66d18ce8b22ae67a53d099bed895f4cec758,2025,6,0.02835312724605856
3ee8c7afb655816646ef0c29c14a66d18ce8b22ae67a53d099bed895f4cec758,2025,7,0.029881281706903316
3ee8c7afb655816646ef0c29c14a66d18ce8b22ae67a53d099bed895f4cec758,2025,8,0.029910188985173173
3ee8c7afb655816646ef0c29c14a66d18ce8b22ae67a53d099bed895f4cec758,2025,9,0.0201695424737423
3ee8c7afb655816646ef0c29c14a66d18ce8b22ae67a53d099bed895f4cec758,2025,10,0.04035303485479692
3ef46eb74164137a17b29db6388168faf6dcda4baf9d0524efecbfd8db0d5517,2025,5,0.019042516114273683
3ef46eb74164137a17b29db6388168faf6dcda4baf9d0524efecbfd8db0d5517,2025,6,0.010976282510213084
3ef46eb74164137a17b29db6388168faf6dcda4baf9d0524efecbfd8db0d5517,2025,7,0.014951432290766387
3ef46eb74164137a17b29db6388168faf6dcda4baf9d0524efecbfd8db0d5517,2025,8,0.00883438061804051
3ef46eb74164137a17b29db6388168faf6dcda4baf9d0524efecbfd8db0d5517,2025,9,0.009272132238896516
3ef46eb74164137a17b29db6388168faf6dcda4baf9d0524efecbfd8db0d5517,2025,10,0.0294162407455867
3f9633e720d2fdfcf21484040253527613ad178c22890973f11e1fc63ec2da24,2025,5,0.09892262692473094
3f9633e720d2fdfcf21484040253527613ad178c22890973f11e1fc63ec2da24,2025,6,0.09725958785358284
3f9633e720d2fdfcf21484040253527613ad178c22890973f11e1fc63ec2da24,2025,7,0.09980954851764362
3f9633e720d2fdfcf21484040253527613ad178c22890973f11e1fc63ec2da24,2025,8,0.09762162385546713
3f9633e720d2fdfcf21484040253527613ad178c22890973f11e1fc63ec2da24,2025,9,0.10016060469467172
3f9633e720d2fdfcf21484040253527613ad178c22890973f11e1fc63ec2da24,2025,10,0.17761633142465302
3fe9b43d3c2ca4dca68a63316d8b786a814646bdd3938fb7435ccc9152facc56,2025,5,0.016591465207133838
3fe9b43d3c2ca4dca68a63316d8b786a814646bdd3938fb7435ccc9152facc56,2025,6,0.010261880133451525
3fe9b43d3c2ca4dca68a63316d8b786a814646bdd3938fb7435ccc9152facc56,2025,7,0.010946476946131743
3fe9b43d3c2ca4dca68a63316d8b786a814646bdd3938fb7435ccc9152facc56,2025,8,0.009803635569686553
3fe9b43d3c2ca4dca68a63316d8b786a814646bdd3938fb7435ccc9152facc56,2025,9,0.017856970496235268
3fe9b43d3c2ca4dca68a63316d8b786a814646bdd3938fb7435ccc9152facc56,2025,10,0.030015591258797335
3ff350a18ed265ac520cb332d5a57705ed906254540e7a2e2b89bf5ae0db5194,2025,5,0.05909143436963693
3ff350a18ed265ac520cb332d5a57705ed906254540e7a2e2b89bf5ae0db5194,2025,6,0.024099116179927372
3ff350a18ed265ac520cb332d5a57705ed906254540e7a2e2b89bf5ae0db5194,2025,7,0.0220592325199537
3ff350a18ed265ac520cb332d5a57705ed906254540e7a2e2b89bf5ae0db5194,2025,8,0.026211229672955014
3ff350a18ed265ac520cb332d5a57705ed906254540e7a2e2b89bf5ae0db5194,2025,9,0.03197294753140706
3ff350a18ed265ac520cb332d5a57705ed906254540e7a2e2b89bf5ae0db5194,2025,10,0.09700334179322256
41263e6b4d2d77ff2afaeab5f1eaae1a6556bd56d083c6adbcb97f6e5d259208,2025,5,0.06306196540589824
41263e6b4d2d77ff2afaeab5f1eaae1a6556bd56d083c6adbcb97f6e5d259208,2025,6,0.08322726994321188
41263e6b4d2d77ff2afaeab5f1eaae1a6556bd56d083c6adbcb97f6e5d259208,2025,7,0.0872860466641247
41263e6b4d2d77ff2afaeab5f1eaae1a6556bd56d083c6adbcb97f6e5d259208,2025,8,0.08458886427898088
41263e6b4d2d77ff2afaeab5f1eaae1a6556bd56d083c6adbcb97f6e5d259208,2025,9,0.06664996720915153
41263e6b4d2d77ff2afaeab5f1eaae1a6556bd56d083c6adbcb97f6e5d259208,2025,10,0.0901621732986378
4186e304b2c4ae0e5752520f7b33626441b3fd8e1495a52f07c235143cbb8c18,2025,5,0.1525038432987037
4186e304b2c4ae0e5752520f7b33626441b3fd8e1495a52f07c235143cbb8c18,2025,6,0.11024267025812433
4186e304b2c4ae0e5752520f7b33626441b3fd8e1495a52f07c235143cbb8c18,2025,7,0.10887186870613119
4186e304b2c4ae0e5752520f7b33626441b3fd8e1495a52f07c235143cbb8c18,2025,8,0.10921208340150235
4186e304b2c4ae0e5752520f7b33626441b3fd8e1495a52f07c235143cbb8c18,2025,9,0.12012452896926532
4186e304b2c4ae0e5752520f7b33626441b3fd8e1495a52f07c235143cbb8c18,2025,10,0.18176748802414305
41ee9e6aa5b78b35b6a2cbf8bc962d02125d43ac63ce3c41f929fa3884680aa1,2025,5,0.03561471391054692
41ee9e6aa5b78b35b6a2cbf8bc962d02125d43ac63ce3c41f929fa3884680aa1,2025,6,0.015362617754256729
41ee9e6aa5b78b35b6a2cbf8bc962d02125d43ac63ce3c41f929fa3884680aa1,2025,7,0.015508920011806687
41ee9e6aa5b78b35b6a2cbf8bc962d02125d43ac63ce3c41f929fa3884680aa1,2025,8,0.01447395784013323
41ee9e6aa5b78b35b6a2cbf8bc962d02125d43ac63ce3c41f929fa3884680aa1,2025,9,0.009135994795365827
41ee9e6aa5b78b35b6a2cbf8bc962d02125d43ac63ce3c41f929fa3884680aa1,2025,10,0.035230291997129806
425b5ff504d8283ba697eccac3ce392eb1ceb74584ff153787d152a20355123e,2025,5,0.06890982528185272
425b5ff504d8283ba697eccac3ce392eb1ceb74584ff153787d152a20355123e,2025,6,0.04738246664855922
425b5ff504d8283ba697eccac3ce392eb1ceb74584ff153787d152a20355123e,2025,7,0.05184371201728343
425b5ff504d8283ba697eccac3ce392eb1ceb74584ff153787d152a20355123e,2025,8,0.050021787138389145
425b5ff504d8283ba697eccac3ce392eb1ceb74584ff153787d152a20355123e,2025,9,0.04511838366278773
425b5ff504d8283ba697eccac3ce392eb1ceb74584ff153787d152a20355123e,2025,10,0.09139789516636627
42b6d6e9cfb211fe155f1d3d938b707bb7524462ba407716e62fe7a0f5fc5eb6,2025,5,0.05080172490184538
42b6d6e9cfb211fe155f1d3d938b707bb7524462ba407716e62fe7a0f5fc5eb6,2025,6,0.03831090538849264
42b6d6e9cfb211fe155f1d3d938b707bb7524462ba407716e62fe7a0f5fc5eb6,2025,7,0.03430048770795545
42b6d6e9cfb211fe155f1d3d938b707bb7524462ba407716e62fe7a0f5fc5eb6,2025,8,0.035185701566315904
42b6d6e9cfb211fe155f1d3d938b707bb7524462ba407716e62fe7a0f5fc5eb6,2025,9,0.03306730269339027
42b6d6e9cfb211fe155f1d3d938b707bb7524462ba407716e62fe7a0f5fc5eb6,2025,10,0.07603811971285804
436ff8e761381556134b93e03d687ead23b920a9a06875fedbc58ad44938c7bc,2025,5,0.12311007391043072
436ff8e761381556134b93e03d687ead23b920a9a06875fedbc58ad44938c7bc,2025,6,0.10043753738618333
436ff8e761381556134b93e03d687ead23b920a9a06875fedbc58ad44938c7bc,2025,7,0.09076439260180458
436ff8e761381556134b93e03d687ead23b920a9a06875fedbc58ad44938c7bc,2025,8,0.08863838347288855
436ff8e761381556134b93e03d687ead23b920a9a06875fedbc58ad44938c7bc,2025,9,0.09957899870708284
436ff8e761381556134b93e03d687ead23b920a9a06875fedbc58ad44938c7bc,2025,10,0.13685141376725124
44704dd20023628fdf92c9262437e1baa1fa7aa301c9d4c1c573dc0545b5ed47,2025,5,0.024976283398331234
44704dd20023628fdf92c9262437e1baa1fa7aa301c9d4c1c573dc0545b5ed47,2025,6,0.014619534640188805
44704dd20023628fdf92c9262437e1baa1fa7aa301c9d4c1c573dc0545b5ed47,2025,7,0.013728470136381584
44704dd20023628fdf92c9262437e1baa1fa7aa301c9d4c1c573dc0545b5ed47,2025,8,0.015270531871750466
44704dd20023628fdf92c9262437e1baa1fa7aa301c9d4c1c573dc0545b5ed47,2025,9,0.007874622076609081
44704dd20023628fdf92c9262437e1baa1fa7aa301c9d4c1c573dc0545b5ed47,2025,10,0.05034697333808079
44e71bf11fdaaee10d16cdce41c7fc206dc5e9a6e668fa894e2c0b690ec117ef,2025,5,0.06549788997931752
44e71bf11fdaaee10d16cdce41c7fc206dc5e9a6e668fa894e2c0b690ec117ef,2025,6,0.05595821858965404
44e71bf11fdaaee10d16cdce41c7fc206dc5e9a6e668fa894e2c0b690ec117ef,2025,7,0.053165838670152565
44e71bf11fdaaee10d16cdce41c7fc206dc5e9a6e668fa894e2c0b690ec117ef,2025,8,0.05277420252370871
44e71bf11fdaaee10d16cdce41c7fc206dc5e9a6e668fa894e2c0b690ec117ef,2025,9,0.04829853268258309
44e71bf11fdaaee10d16cdce41c7fc206dc5e9a6e668fa894e2c0b690ec117ef,2025,10,0.0822749578466967
44f25830b97ac76fb65e0f243d37398a50929a89265c981d24c394301a376457,2025,5,0.05183316985159929
44f25830b97ac76fb65e0f243d37398a50929a89265c981d24c394301a376457,2025,6,0.07705863779559592
44f25830b97ac76fb65e0f243d37398a50929a89265c981d24c394301a376457,2025,7,0.058485930447081724
44f25830b97ac76fb65e0f243d37398a50929a89265c981d24c394301a376457,2025,8,0.06760885997322888
44f25830b97ac76fb65e0f243d37398a50929a89265c981d24c394301a376457,2025,9,0.07272938603129185
44f25830b97ac76fb65e0f243d37398a50929a89265c981d24c394301a376457,2025,10,0.07329937762604405
45201bdadf9f1726bf9ad3bb4950620d2cbdc34cc431128c4c73113bbb4c2ad5,2025,5,0.09817994380502605
45201bdadf9f1726bf9ad3bb4950620d2cbdc34cc431128c4c73113bbb4c2ad5,2025,6,0.07078325626351678
45201bdadf9f1726bf9ad3bb4950620d2cbdc34cc431128c4c73113bbb4c2ad5,2025,7,0.062630025737715
45201bdadf9f1726bf9ad3bb4950620d2cbdc34cc431128c4c73113bbb4c2ad5,2025,8,0.06985380976454111
45201bdadf9f1726bf9ad3bb4950620d2cbdc34cc431128c4c73113bbb4c2ad5,2025,9,0.08169692890018136
45201bdadf9f1726bf9ad3bb4950620d2cbdc34cc431128c4c73113bbb4c2ad5,2025,10,0.1438833195951426
4545a55de1e7d46fbfdbd79201cb8f87d94b7852232c6313f3a6a280dad7e260,2025,5,0.1733210476676711
4545a55de1e7d46fbfdbd79201cb8f87d94b7852232c6313f3a6a280dad7e260,2025,6,0.15038997782890223
4545a55de1e7d46fbfdbd79201cb8f87d94b7852232c6313f3a6a280dad7e260,2025,7,0.1601534119236933
4545a55de1e7d46fbfdbd79201cb8f87d94b7852232c6313f3a6a280dad7e260,2025,8,0.1505597557071033
4545a55de1e7d46fbfdbd79201cb8f87d94b7852232c6313f3a6a280dad7e260,2025,9,0.15850097326187343
4545a55de1e7d46fbfdbd79201cb8f87d94b7852232c6313f3a6a280dad7e260,2025,10,0.26515401020056806
454b7fa1d685c14098b72d3a9772499258ea9e3f78147229fa3873fd052d9514,2025,5,0.006836651118449295
454b7fa1d685c14098b72d3a9772499258ea9e3f78147229fa3873fd052d9514,2025,6,0.0038757064697952336
454b7fa1d685c14098b72d3a9772499258ea9e3f78147229fa3873fd052d9514,2025,7,0.013866139668325688
454b7fa1d685c14098b72d3a9772499258ea9e3f78147229fa3873fd052d9514,2025,8,0.007583817830383597
454b7fa1d685c14098b72d3a9772499258ea9e3f78147229fa3873fd052d9514,2025,9,0.005078371177465434
454b7fa1d685c14098b72d3a9772499258ea9e3f78147229fa3873fd052d9514,2025,10,0.05167523905139843
4594caeb1648fb9612ead8e023290c0b3b53d80911bdaf2ed2d8ee3056abb919,2025,5,0.04860882029500248
4594caeb1648fb9612ead8e023290c0b3b53d80911bdaf2ed2d8ee3056abb919,2025,6,0.06081327123041183
4594caeb1648fb9612ead8e023290c0b3b53d80911bdaf2ed2d8ee3056abb919,2025,7,0.06767188674601118
4594caeb1648fb9612ead8e023290c0b3b53d80911bdaf2ed2d8ee3056abb919,2025,8,0.05925839994486029
4594caeb1648fb9612ead8e023290c0b3b53d80911bdaf2ed2d8ee3056abb919,2025,9,0.04599118444781871
4594caeb1648fb9612ead8e023290c0b3b53d80911bdaf2ed2d8ee3056abb919,2025,10,0.068786650512173
467f0552c3cff389f15c8ab2f458db768f93d6a799f31121f04ad48e2ade598f,2025,5,0.08071298512693398
467f0552c3cff389f15c8ab2f458db768f93d6a799f31121f04ad48e2ade598f,2025,6,0.06277498823941362
467f0552c3cff389f15c8ab2f458db768f93d6a799f31121f04ad48e2ade598f,2025,7,0.05799325218761088
467f0552c3cff389f15c8ab2f458db768f93d6a799f31121f04ad48e2ade598f,2025,8,0.0561184453767256
467f0552c3cff389f15c8ab2f458db768f93d6a799f31121f04ad48e2ade598f,2025,9,0.05748855235844626
467f0552c3cff389f15c8ab2f458db768f93d6a799f31121f04ad48e2ade598f,2025,10,0.11129446279817963
46b2fdc61c53bb21fbc92e47ec56d95ee8bb1e6ad6374ec2a1d7ae23851ed5f4,2025,5,0.029048813828991334
46b2fdc61c53bb21fbc92e47ec56d95ee8bb1e6ad6374ec2a1d7ae23851ed5f4,2025,6,0.010804999765664654
46b2fdc61c53bb21fbc92e47ec56d95ee8bb1e6ad6374ec2a1d7ae23851ed5f4,2025,7,0.016031141350685972
46b2fdc61c53bb21fbc92e47ec56d95ee8bb1e6ad6374ec2a1d7ae23851ed5f4,2025,8,0.01352203215577202
46b2fdc61c53bb21fbc92e47ec56d95ee8bb1e6ad6374ec2a1d7ae23851ed5f4,2025,9,0.019767224014651454
46b2fdc61c53bb21fbc92e47ec56d95ee8bb1e6ad6374ec2a1d7ae23851ed5f4,2025,10,0.05815590227477704
46ef8778e229b5a977dfa1a24b1707c9a917a42c88863febdaa3c276d35161cf,2025,5,0.05083845809505409
46ef8778e229b5a977dfa1a24b1707c9a917a42c88863febdaa3c276d35161cf,2025,6,0.037235957613994036
46ef8778e229b5a977dfa1a24b1707c9a917a42c88863febdaa3c276d35161cf,2025,7,0.04076785745951227
46ef8778e229b5a977dfa1a24b1707c9a917a42c88863febdaa3c276d35161cf,2025,8,0.03160301433132895
46ef8778e229b5a977dfa1a24b1707c9a917a42c88863febdaa3c276d35161cf,2025,9,0.03919796697412285
46ef8778e229b5a977dfa1a24b1707c9a917a42c88863febdaa3c276d35161cf,2025,10,0.0722680308451631
476b3192a806e8592bb26ad6832de8d4a9660fdec646aeaed67c221e7bf7d785,2025,5,0.05055855722381984
476b3192a806e8592bb26ad6832de8d4a9660fdec646aeaed67c221e7bf7d785,2025,6,0.028689507473768174
476b3192a806e8592bb26ad6832de8d4a9660fdec646aeaed67c221e7bf7d785,2025,7,0.029684635656785637
476b3192a806e8592bb26ad6832de8d4a9660fdec646aeaed67c221e7bf7d785,2025,8,0.028557623492579294
476b3192a806e8592bb26ad6832de8d4a9660fdec646aeaed67c221e7bf7d785,2025,9,0.027858206021354432
476b3192a806e8592bb26ad6832de8d4a9660fdec646aeaed67c221e7bf7d785,2025,10,0.07389345710918163
4813366536f7a4dc92db8199af0527edc48224551bf36ca75715547fa8c44087,2025,5,0.021021723059054823
4813366536f7a4dc92db8199af0527edc48224551bf36ca75715547fa8c44087,2025,6,0.015247395237395184
4813366536f7a4dc92db8199af0527edc48224551bf36ca75715547fa8c44087,2025,7,0.00519840513017924
4813366536f7a4dc92db8199af0527edc48224551bf36ca75715547fa8c44087,2025,8,0.0060532706289113634
4813366536f7a4dc92db8199af0527edc48224551bf36ca75715547fa8c44087,2025,9,0.004776356264807094
4813366536f7a4dc92db8199af0527edc48224551bf36ca75715547fa8c44087,2025,10,0.015983665105801348
48730f85b98bcc69d80200e6850a085d3982e6b4e6b986bd2b7505457df9ea5d,2025,5,0.18977546430319442
48730f85b98bcc69d80200e6850a085d3982e6b4e6b986bd2b7505457df9ea5d,2025,6,0.1538647649789186
48730f85b98bcc69d80200e6850a085d3982e6b4e6b986bd2b7505457df9ea5d,2025,7,0.16224057032581424
48730f85b98bcc69d80200e6850a085d3982e6b4e6b986bd2b7505457df9ea5d,2025,8,0.14334836141599017
48730f85b98bcc69d80200e6850a085d3982e6b4e6b986bd2b7505457df9ea5d,2025,9,0.16853290785416775
48730f85b98bcc69d80200e6850a085d3982e6b4e6b986bd2b7505457df9ea5d,2025,10,0.26381340899998296
489e46b7423ee5b55b6065baa533fb15f09b6a840d5c0fad7b2321ea4b91c044,2025,5,0.23524195862042302
489e46b7423ee5b55b6065baa533fb15f09b6a840d5c0fad7b2321ea4b91c044,2025,6,0.16157006780280794
489e46b7423ee5b55b6065baa533fb15f09b6a840d5c0fad7b2321ea4b91c044,2025,7,0.1362745281009698
489e46b7423ee5b55b6065baa533fb15f09b6a840d5c0fad7b2321ea4b91c044,2025,8,0.13172132472433445
489e46b7423ee5b55b6065baa533fb15f09b6a840d5c0fad7b2321ea4b91c044,2025,9,0.12748546262896973
489e46b7423ee5b55b6065baa533fb15f09b6a840d5c0fad7b2321ea4b91c044,2025,10,0.2887393283208623
49a012ede59eeb918505ebd1446df33fc6995cfe22d2dcd9c738d2028e69df74,2025,5,0.06641834629635698
49a012ede59eeb918505ebd1446df33fc6995cfe22d2dcd9c738d2028e69df74,2025,6,0.04357116972351577
49a012ede59eeb918505ebd1446df33fc6995cfe22d2dcd9c738d2028e69df74,2025,7,0.04072893438608526
49a012ede59eeb918505ebd1446df33fc6995cfe22d2dcd9c738d2028e69df74,2025,8,0.044587518630703066
49a012ede59eeb918505ebd1446df33fc6995cfe22d2dcd9c738d2028e69df74,2025,9,0.05048665394613385
49a012ede59eeb918505ebd1446df33fc6995cfe22d2dcd9c738d2028e69df74,2025,10,0.09243225620595436
49ca5c0bc2fd2ae92716ef7c7f9a503d175cce10935d3e402273cf555f9395e3,2025,5,0.027765897376615625
49ca5c0bc2fd2ae92716ef7c7f9a503d175cce10935d3e402273cf555f9395e3,2025,6,0.036337200242229376
49ca5c0bc2fd2ae92716ef7c7f9a503d175cce10935d3e402273cf555f9395e3,2025,7,0.033596697705929116
49ca5c0bc2fd2ae92716ef7c7f9a503d175cce10935d3e402273cf555f9395e3,2025,8,0.0354044965993742
49ca5c0bc2fd2ae92716ef7c7f9a503d175cce10935d3e402273cf555f9395e3,2025,9,0.026490766336446255
49ca5c0bc2fd2ae92716ef7c7f9a503d175cce10935d3e402273cf555f9395e3,2025,10,0.07307274450897369
4a2486f092d8b6332a49237a39e6375113e0853e45e09a53bcaa2d92545d11d8,2025,5,0.04493280383448288
4a2486f092d8b6332a49237a39e6375113e0853e45e09a53bcaa2d92545d11d8,2025,6,0.014067634221322772
4a2486f092d8b6332a49237a39e6375113e0853e45e09a53bcaa2d92545d11d8,2025,7,0.018274133679010082
4a2486f092d8b6332a49237a39e6375113e0853e45e09a53bcaa2d92545d11d8,2025,8,0.01659606593088854
4a2486f092d8b6332a49237a39e6375113e0853e45e09a53bcaa2d92545d11d8,2025,9,0.011034871880040126
4a2486f092d8b6332a49237a39e6375113e0853e45e09a53bcaa2d92545d11d8,2025,10,0.06597526360625382
4a53848a816b86c97ed0e5ab3bacbc838b31a0bb7b5eda25216367a0cdb5e5e6,2025,5,0.14537020572575104
4a53848a816b86c97ed0e5ab3bacbc838b31a0bb7b5eda25216367a0cdb5e5e6,2025,6,0.12455414148943356
4a53848a816b86c97ed0e5ab3bacbc838b31a0bb7b5eda25216367a0cdb5e5e6,2025,7,0.11693898016318502
4a53848a816b86c97ed0e5ab3bacbc838b31a0bb7b5eda25216367a0cdb5e5e6,2025,8,0.12172662469496584
4a53848a816b86c97ed0e5ab3bacbc838b31a0bb7b5eda25216367a0cdb5e5e6,2025,9,0.13334077888068877
4a53848a816b86c97ed0e5ab3bacbc838b31a0bb7b5eda25216367a0cdb5e5e6,2025,10,0.21841465659779558
4a7a4d6667f74a35be53d549c707d5cb234171e87a5a7d739b1d83cfc9dd8101,2025,5,0.11600348223374926
4a7a4d6667f74a35be53d549c707d5cb234171e87a5a7d739b1d83cfc9dd8101,2025,6,0.07720180987567163
4a7a4d6667f74a35be53d549c707d5cb234171e87a5a7d739b1d83cfc9dd8101,2025,7,0.08190274713777405
4a7a4d6667f74a35be53d549c707d5cb234171e87a5a7d739b1d83cfc9dd8101,2025,8,0.07759603823301453
4a7a4d6667f74a35be53d549c707d5cb234171e87a5a7d739b1d83cfc9dd8101,2025,9,0.08815930993963136
4a7a4d6667f74a35be53d549c707d5cb234171e87a5a7d739b1d83cfc9dd8101,2025,10,0.4420626375349409
4ab7fc96ae2057834d60316464ddd37939a7891b12eb5612187a52ba4f1b2891,2025,5,0.1698535614991557
4ab7fc96ae2057834d60316464ddd37939a7891b12eb5612187a52ba4f1b2891,2025,6,0.16758807275316545
4ab7fc96ae2057834d60316464ddd37939a7891b12eb5612187a52ba4f1b2891,2025,7,0.1770367204877274
4ab7fc96ae2057834d60316464ddd37939a7891b12eb5612187a52ba4f1b2891,2025,8,0.16969100350738367
4ab7fc96ae2057834d60316464ddd37939a7891b12eb5612187a52ba4f1b2891,2025,9,0.16089149176925532
4ab7fc96ae2057834d60316464ddd37939a7891b12eb5612187a52ba4f1b2891,2025,10,0.3934831783525703
4ba3ceb00aaef7482726672f3395ba9b59cd4932e821c1600b239ae16c06faee,2025,5,0.030138358303854723
4ba3ceb00aaef7482726672f3395ba9b59cd4932e821c1600b239ae16c06faee,2025,6,0.023581311627989654
4ba3ceb00aaef7482726672f3395ba9b59cd4932e821c1600b239ae16c06faee,2025,7,0.01837232077397314
4ba3ceb00aaef7482726672f3395ba9b59cd4932e821c1600b239ae16c06faee,2025,8,0.02031062234497673
4ba3ceb00aaef7482726672f3395ba9b59cd4932e821c1600b239ae16c06faee,2025,9,0.014834889578236253
4ba3ceb00aaef7482726672f3395ba9b59cd4932e821c1600b239ae16c06faee,2025,10,0.04079488420149022
4c3060494e9e119ed3ada598dfc992dc04454cabf4877e618cb774f9fcbd089e,2025,5,0.03678767089449293
4c3060494e9e119ed3ada598dfc992dc04454cabf4877e618cb774f9fcbd089e,2025,6,0.04382758871844676
4c3060494e9e119ed3ada598dfc992dc04454cabf4877e618cb774f9fcbd089e,2025,7,0.0438141944063098
4c3060494e9e119ed3ada598dfc992dc04454cabf4877e618cb774f9fcbd089e,2025,8,0.04717747969878193
4c3060494e9e119ed3ada598dfc992dc04454cabf4877e618cb774f9fcbd089e,2025,9,0.040312028786619464
4c3060494e9e119ed3ada598dfc992dc04454cabf4877e618cb774f9fcbd089e,2025,10,0.06247410132143887
4ca8dee072a5e5b75b514073d514272a8d907f8d9eb507c4bc5755198b4d0e9a,2025,5,0.026238677458878222
4ca8dee072a5e5b75b514073d514272a8d907f8d9eb507c4bc5755198b4d0e9a,2025,6,0.019721629570438347
4ca8dee072a5e5b75b514073d514272a8d907f8d9eb507c4bc5755198b4d0e9a,2025,7,0.022336389354596354
4ca8dee072a5e5b75b514073d514272a8d907f8d9eb507c4bc5755198b4d0e9a,2025,8,0.023202801842911406
4ca8dee072a5e5b75b514073d514272a8d907f8d9eb507c4bc5755198b4d0e9a,2025,9,0.019532868620157545
4ca8dee072a5e5b75b514073d514272a8d907f8d9eb507c4bc5755198b4d0e9a,2025,10,0.050009003690924425
4cc35df334b04ebde7a2eda3b209e062b4328b191d7150ca68e9a16aea677796,2025,5,0.044918517518883316
4cc35df334b04ebde7a2eda3b209e062b4328b191d7150ca68e9a16aea677796,2025,6,0.03547750873232326
4cc35df334b04ebde7a2eda3b209e062b4328b191d7150ca68e9a16aea677796,2025,7,0.03976708800795696
4cc35df334b04ebde7a2eda3b209e062b4328b191d7150ca68e9a16aea677796,2025,8,0.04215850141456365
4cc35df334b04ebde7a2eda3b209e062b4328b191d7150ca68e9a16aea677796,2025,9,0.04119636959870653
4cc35df334b04ebde7a2eda3b209e062b4328b191d7150ca68e9a16aea677796,2025,10,0.05440256040401095
4cc57d274d9cb3adb0cfe4cacdd36792b1da182f218a8e3895aa28877a717fea,2025,5,0.10895006461914629
4cc57d274d9cb3adb0cfe4cacdd36792b1da182f218a8e3895aa28877a717fea,2025,6,0.06938419294704518
4cc57d274d9cb3adb0cfe4cacdd36792b1da182f218a8e3895aa28877a717fea,2025,7,0.0647138902028037
4cc57d274d9cb3adb0cfe4cacdd36792b1da182f218a8e3895aa28877a717fea,2025,8,0.0683013515616456
4cc57d274d9cb3adb0cfe4cacdd36792b1da182f218a8e3895aa28877a717fea,2025,9,0.07822953478583575
4cc57d274d9cb3adb0cfe4cacdd36792b1da182f218a8e3895aa28877a717fea,2025,10,0.16245880505849536
4d4ef227e9d6176b9e37e74794d76d206164b7123dcbd8ae37ca2f89ebbce49c,2025,5,0.034929886527848564
4d4ef227e9d6176b9e37e74794d76d206164b7123dcbd8ae37ca2f89ebbce49c,2025,6,0.040385755035450804
4d4ef227e9d6176b9e37e74794d76d206164b7123dcbd8ae37ca2f89ebbce49c,2025,7,0.04413471616700537
4d4ef227e9d6176b9e37e74794d76d206164b7123dcbd8ae37ca2f89ebbce49c,2025,8,0.0466674888177045
4d4ef227e9d6176b9e37e74794d76d206164b7123dcbd8ae37ca2f89ebbce49c,2025,9,0.03639494660828792
4d4ef227e9d6176b9e37e74794d76d206164b7123dcbd8ae37ca2f89ebbce49c,2025,10,0.04930822267192133
4dba8a848d516ffed0b9db5b7c649db5991a8a2ea7a691982abbc624978a3f49,2025,5,0.10306757781064813
4dba8a848d516ffed0b9db5b7c649db5991a8a2ea7a691982abbc624978a3f49,2025,6,0.06159214160864374
4dba8a848d516ffed0b9db5b7c649db5991a8a2ea7a691982abbc624978a3f49,2025,7,0.07104359645534675
4dba8a848d516ffed0b9db5b7c649db5991a8a2ea7a691982abbc624978a3f49,2025,8,0.06698239751645943
4dba8a848d516ffed0b9db5b7c649db5991a8a2ea7a691982abbc624978a3f49,2025,9,0.05593083648390196
4dba8a848d516ffed0b9db5b7c649db5991a8a2ea7a691982abbc624978a3f49,2025,10,0.14324834523275953
4e682b6948823199e29cbc6324ed3a54a6d2734440d698123530a0d91df992d4,2025,5,0.04739691144337978
4e682b6948823199e29cbc6324ed3a54a6d2734440d698123530a0d91df992d4,2025,6,0.0549327584114889
4e682b6948823199e29cbc6324ed3a54a6d2734440d698123530a0d91df992d4,2025,7,0.05786106549802167
4e682b6948823199e29cbc6324ed3a54a6d2734440d698123530a0d91df992d4,2025,8,0.05287751984079593
4e682b6948823199e29cbc6324ed3a54a6d2734440d698123530a0d91df992d4,2025,9,0.04259138869280159
4e682b6948823199e29cbc6324ed3a54a6d2734440d698123530a0d91df992d4,2025,10,0.07435488509907197
4f0a4f1ae4eb28fef935354891265c2c92815420169f4f7b85ec1b7685f46665,2025,5,0.02398380886209049
4f0a4f1ae4eb28fef935354891265c2c92815420169f4f7b85ec1b7685f46665,2025,6,0.015967282888358754
4f0a4f1ae4eb28fef935354891265c2c92815420169f4f7b85ec1b7685f46665,2025,7,0.017626559981812284
4f0a4f1ae4eb28fef935354891265c2c92815420169f4f7b85ec1b7685f46665,2025,8,0.018707489115306085
4f0a4f1ae4eb28fef935354891265c2c92815420169f4f7b85ec1b7685f46665,2025,9,0.013199821791169901
4f0a4f1ae4eb28fef935354891265c2c92815420169f4f7b85ec1b7685f46665,2025,10,0.03589205988571802
4f25ac5dd8c64401ae4d0eab78a88aab3f5dfdc86fe2802bbf56f1692d27e056,2025,5,0.19970291210084737
4f25ac5dd8c64401ae4d0eab78a88aab3f5dfdc86fe2802bbf56f1692d27e056,2025,6,0.1345975183116011
4f25ac5dd8c64401ae4d0eab78a88aab3f5dfdc86fe2802bbf56f1692d27e056,2025,7,0.1397897013452097
4f25ac5dd8c64401ae4d0eab78a88aab3f5dfdc86fe2802bbf56f1692d27e056,2025,8,0.13802532587114638
4f25ac5dd8c64401ae4d0eab78a88aab3f5dfdc86fe2802bbf56f1692d27e056,2025,9,0.14060494274896945
4f25ac5dd8c64401ae4d0eab78a88aab3f5dfdc86fe2802bbf56f1692d27e056,2025,10,0.25227152189587876
4f83c82309523058b6962b22fa9c6f380a741a512ac7faac8ed6c0473ee28f1d,2025,5,0.2002968918394086
4f83c82309523058b6962b22fa9c6f380a741a512ac7faac8ed6c0473ee28f1d,2025,6,0.15533646615201985
4f83c82309523058b6962b22fa9c6f380a741a512ac7faac8ed6c0473ee28f1d,2025,7,0.18072994741818066
4f83c82309523058b6962b22fa9c6f380a741a512ac7faac8ed6c0473ee28f1d,2025,8,0.17055069639351883
4f83c82309523058b6962b22fa9c6f380a741a512ac7faac8ed6c0473ee28f1d,2025,9,0.11639262942856116
4f83c82309523058b6962b22fa9c6f380a741a512ac7faac8ed6c0473ee28f1d,2025,10,0.23500965748793332
4f8b7573bd4d18f5a769d47d5502594af03424e17da078905fb78f94dabe49a3,2025,5,0.07834546816732929
4f8b7573bd4d18f5a769d47d5502594af03424e17da078905fb78f94dabe49a3,2025,6,0.036563963746417086
4f8b7573bd4d18f5a769d47d5502594af03424e17da078905fb78f94dabe49a3,2025,7,0.035417491795568495
4f8b7573bd4d18f5a769d47d5502594af03424e17da078905fb78f94dabe49a3,2025,8,0.03539733854666045
4f8b7573bd4d18f5a769d47d5502594af03424e17da078905fb78f94dabe49a3,2025,9,0.04275678373562518
4f8b7573bd4d18f5a769d47d5502594af03424e17da078905fb78f94dabe49a3,2025,10,0.09862117998489267
505cec8055870ba248936866035f31c885549575133ff2e57db40e13573cc510,2025,5,0.02926183487884531
505cec8055870ba248936866035f31c885549575133ff2e57db40e13573cc510,2025,6,0.035536409337754746
505cec8055870ba248936866035f31c885549575133ff2e57db40e13573cc510,2025,7,0.03630970328564037
505cec8055870ba248936866035f31c885549575133ff2e57db40e13573cc510,2025,8,0.03998211744871495
505cec8055870ba248936866035f31c885549575133ff2e57db40e13573cc510,2025,9,0.034342517825048255
505cec8055870ba248936866035f31c885549575133ff2e57db40e13573cc510,2025,10,0.04686965628590312
50cabd611d5fb597fda9ba8744f20c95890e92febfb88bacd77518f28b76dbaf,2025,5,0.05957552375533931
50cabd611d5fb597fda9ba8744f20c95890e92febfb88bacd77518f28b76dbaf,2025,6,0.02833361439514558
50cabd611d5fb597fda9ba8744f20c95890e92febfb88bacd77518f28b76dbaf,2025,7,0.03022451826864778
50cabd611d5fb597fda9ba8744f20c95890e92febfb88bacd77518f28b76dbaf,2025,8,0.02909750102909448
50cabd611d5fb597fda9ba8744f20c95890e92febfb88bacd77518f28b76dbaf,2025,9,0.027511682223456187
517d9cc76601f48794af477b42c6faf6d1bc1ffbc3e0a95c365525e24fff7102,2025,5,0.037582864741448924
517d9cc76601f48794af477b42c6faf6d1bc1ffbc3e0a95c365525e24fff7102,2025,6,0.01748409748445886
517d9cc76601f48794af477b42c6faf6d1bc1ffbc3e0a95c365525e24fff7102,2025,7,0.019198981432840406
517d9cc76601f48794af477b42c6faf6d1bc1ffbc3e0a95c365525e24fff7102,2025,8,0.023748313521558782
517d9cc76601f48794af477b42c6faf6d1bc1ffbc3e0a95c365525e24fff7102,2025,9,0.027609533256889356
517d9cc76601f48794af477b42c6faf6d1bc1ffbc3e0a95c365525e24fff7102,2025,10,0.05560734872371248
523dab51adeebba76556261f0810d6d75ed31f3df58fba1a2e4f696de54396ac,2025,5,0.02324788991552989
523dab51adeebba76556261f0810d6d75ed31f3df58fba1a2e4f696de54396ac,2025,6,0.007099404926357029
523dab51adeebba76556261f0810d6d75ed31f3df58fba1a2e4f696de54396ac,2025,7,0.01121047800957659
523dab51adeebba76556261f0810d6d75ed31f3df58fba1a2e4f696de54396ac,2025,8,0.009230745044640247
523dab51adeebba76556261f0810d6d75ed31f3df58fba1a2e4f696de54396ac,2025,9,0.012087601192665585
523dab51adeebba76556261f0810d6d75ed31f3df58fba1a2e4f696de54396ac,2025,10,0.029148110476993623
5320f3b81b6e9ed63ef121e7cc60331945abaf8db9551d49321a3dec30f6c9bf,2025,5,0.09044748146326669
5320f3b81b6e9ed63ef121e7cc60331945abaf8db9551d49321a3dec30f6c9bf,2025,6,0.06345209118722435
5320f3b81b6e9ed63ef121e7cc60331945abaf8db9551d49321a3dec30f6c9bf,2025,7,0.06420951171389719
5320f3b81b6e9ed63ef121e7cc60331945abaf8db9551d49321a3dec30f6c9bf,2025,8,0.0641227750923406
5320f3b81b6e9ed63ef121e7cc60331945abaf8db9551d49321a3dec30f6c9bf,2025,9,0.05714336389204698
5320f3b81b6e9ed63ef121e7cc60331945abaf8db9551d49321a3dec30f6c9bf,2025,10,0.13250561633398344
533f97005c0cfa15c5dfa3f79154e5dff9a6b89ebeaf7dae85abf51b38eb0753,2025,5,0.07329524585449977
533f97005c0cfa15c5dfa3f79154e5dff9a6b89ebeaf7dae85abf51b38eb0753,2025,6,0.04770914660024167
533f97005c0cfa15c5dfa3f79154e5dff9a6b89ebeaf7dae85abf51b38eb0753,2025,7,0.03445783450930423
533f97005c0cfa15c5dfa3f79154e5dff9a6b89ebeaf7dae85abf51b38eb0753,2025,8,0.03561765948702025
533f97005c0cfa15c5dfa3f79154e5dff9a6b89ebeaf7dae85abf51b38eb0753,2025,9,0.038886771344056305
533f97005c0cfa15c5dfa3f79154e5dff9a6b89ebeaf7dae85abf51b38eb0753,2025,10,0.08182914579811865
53721a4d86e523d8f97d0f4c895bbbc5dc673145fc8105b70d6fe4f71d6fb543,2025,5,0.13879669080270254
53721a4d86e523d8f97d0f4c895bbbc5dc673145fc8105b70d6fe4f71d6fb543,2025,6,0.09699670046962255
53721a4d86e523d8f97d0f4c895bbbc5dc673145fc8105b70d6fe4f71d6fb543,2025,7,0.09721347816901645
53721a4d86e523d8f97d0f4c895bbbc5dc673145fc8105b70d6fe4f71d6fb543,2025,8,0.08031404249029257
53721a4d86e523d8f97d0f4c895bbbc5dc673145fc8105b70d6fe4f71d6fb543,2025,9,0.08872096225578018
53721a4d86e523d8f97d0f4c895bbbc5dc673145fc8105b70d6fe4f71d6fb543,2025,10,0.17441544101100295
54390e6a5d05207123f733426abf4016e8b908d6cb692d80faf87426b8bb1bc6,2025,5,0.0038390651724548933
54390e6a5d05207123f733426abf4016e8b908d6cb692d80faf87426b8bb1bc6,2025,6,0.0013328214220530662
54390e6a5d05207123f733426abf4016e8b908d6cb692d80faf87426b8bb1bc6,2025,7,0.004202021608348252
54390e6a5d05207123f733426abf4016e8b908d6cb692d80faf87426b8bb1bc6,2025,8,0.005321856454184674
54390e6a5d05207123f733426abf4016e8b908d6cb692d80faf87426b8bb1bc6,2025,9,0.0013489358072552096
54390e6a5d05207123f733426abf4016e8b908d6cb692d80faf87426b8bb1bc6,2025,10,0.010526696273004326
5470f4e2eb4941a970035e6c883967845e6e85acfb7db272abe6c702aecdf002,2025,5,0.04548832415680425
5470f4e2eb4941a970035e6c883967845e6e85acfb7db272abe6c702aecdf002,2025,6,0.03521951582764868
5470f4e2eb4941a970035e6c883967845e6e85acfb7db272abe6c702aecdf002,2025,7,0.03806252591529262
5470f4e2eb4941a970035e6c883967845e6e85acfb7db272abe6c702aecdf002,2025,8,0.03644929840195976
5470f4e2eb4941a970035e6c883967845e6e85acfb7db272abe6c702aecdf002,2025,9,0.03423204026137873
5470f4e2eb4941a970035e6c883967845e6e85acfb7db272abe6c702aecdf002,2025,10,0.05418392633164358
5545ab6fcf21d2a3b3a338eb0ab52ec090f35c4a766ef55fa0a4c8607fe6bb6c,2025,5,0.015341328497021477
5545ab6fcf21d2a3b3a338eb0ab52ec090f35c4a766ef55fa0a4c8607fe6bb6c,2025,6,0.029145098197975935
5545ab6fcf21d2a3b3a338eb0ab52ec090f35c4a766ef55fa0a4c8607fe6bb6c,2025,7,0.02543184658231943
5545ab6fcf21d2a3b3a338eb0ab52ec090f35c4a766ef55fa0a4c8607fe6bb6c,2025,8,0.027964140614374265
5545ab6fcf21d2a3b3a338eb0ab52ec090f35c4a766ef55fa0a4c8607fe6bb6c,2025,9,0.019378348819490895
5545ab6fcf21d2a3b3a338eb0ab52ec090f35c4a766ef55fa0a4c8607fe6bb6c,2025,10,0.025716256495310022
55630d4249cb25530ec503d923aa0dec68fb91f0ce6cde50423eefd1eb852c9a,2025,5,0.015418158453391922
55630d4249cb25530ec503d923aa0dec68fb91f0ce6cde50423eefd1eb852c9a,2025,6,0.011078340090517256
55630d4249cb25530ec503d923aa0dec68fb91f0ce6cde50423eefd1eb852c9a,2025,7,0.009812123485231444
55630d4249cb25530ec503d923aa0dec68fb91f0ce6cde50423eefd1eb852c9a,2025,8,0.007248088120386162
55630d4249cb25530ec503d923aa0dec68fb91f0ce6cde50423eefd1eb852c9a,2025,9,0.0046415274258659435
55630d4249cb25530ec503d923aa0dec68fb91f0ce6cde50423eefd1eb852c9a,2025,10,0.037829303821042964
55800e8dff57a438a5048017412519dc461aa797eb7de4f2a096ac0a2fb91dbd,2025,5,0.03490011080372646
55800e8dff57a438a5048017412519dc461aa797eb7de4f2a096ac0a2fb91dbd,2025,6,0.018853753336062644
55800e8dff57a438a5048017412519dc461aa797eb7de4f2a096ac0a2fb91dbd,2025,7,0.023022371770153597
55800e8dff57a438a5048017412519dc461aa797eb7de4f2a096ac0a2fb91dbd,2025,8,0.018218144047916003
55800e8dff57a438a5048017412519dc461aa797eb7de4f2a096ac0a2fb91dbd,2025,9,0.01638071251583849
55800e8dff57a438a5048017412519dc461aa797eb7de4f2a096ac0a2fb91dbd,2025,10,0.05711796546739735
56b42ee217ab8ea2210a6e214cb13ca97d0a387c6f0d4acb79c1397ade9f3860,2025,5,0.05646593712742281
56b42ee217ab8ea2210a6e214cb13ca97d0a387c6f0d4acb79c1397ade9f3860,2025,6,0.03600540689615217
56b42ee217ab8ea2210a6e214cb13ca97d0a387c6f0d4acb79c1397ade9f3860,2025,7,0.03605079609316374
56b42ee217ab8ea2210a6e214cb13ca97d0a387c6f0d4acb79c1397ade9f3860,2025,8,0.03586488666115237
56b42ee217ab8ea2210a6e214cb13ca97d0a387c6f0d4acb79c1397ade9f3860,2025,9,0.03721731680950835
56b42ee217ab8ea2210a6e214cb13ca97d0a387c6f0d4acb79c1397ade9f3860,2025,10,0.10570326672622787
56bd92b09a813495134ac6d10f5e782789cfefee0b2fc53c385efeee199eec99,2025,5,0.141681931898486
56bd92b09a813495134ac6d10f5e782789cfefee0b2fc53c385efeee199eec99,2025,6,0.11229744824737453
56bd92b09a813495134ac6d10f5e782789cfefee0b2fc53c385efeee199eec99,2025,7,0.12051477340451754
56bd92b09a813495134ac6d10f5e782789cfefee0b2fc53c385efeee199eec99,2025,8,0.12483526933128307
56bd92b09a813495134ac6d10f5e782789cfefee0b2fc53c385efeee199eec99,2025,9,0.11311449453750605
56bd92b09a813495134ac6d10f5e782789cfefee0b2fc53c385efeee199eec99,2025,10,0.19360393251588037
57759d9cd850c1c1a07c24f46c3cf47f6469420986bb049cca476d2316ca5cc6,2025,5,0.04692834728749757
57759d9cd850c1c1a07c24f46c3cf47f6469420986bb049cca476d2316ca5cc6,2025,6,0.014085616922905676
57759d9cd850c1c1a07c24f46c3cf47f6469420986bb049cca476d2316ca5cc6,2025,7,0.013932443713829071
57759d9cd850c1c1a07c24f46c3cf47f6469420986bb049cca476d2316ca5cc6,2025,8,0.014208958322210651
57759d9cd850c1c1a07c24f46c3cf47f6469420986bb049cca476d2316ca5cc6,2025,9,0.028035873024007722
57759d9cd850c1c1a07c24f46c3cf47f6469420986bb049cca476d2316ca5cc6,2025,10,0.05202728918877196
57830d21168320b1159d9fa5ddea9c32ed78fb8bbd3361a37461c7af875ab9fd,2025,5,0.019888864815808233
57830d21168320b1159d9fa5ddea9c32ed78fb8bbd3361a37461c7af875ab9fd,2025,6,0.01644164842466122
57830d21168320b1159d9fa5ddea9c32ed78fb8bbd3361a37461c7af875ab9fd,2025,7,0.01798487248164781
57830d21168320b1159d9fa5ddea9c32ed78fb8bbd3361a37461c7af875ab9fd,2025,8,0.015654563329253808
57830d21168320b1159d9fa5ddea9c32ed78fb8bbd3361a37461c7af875ab9fd,2025,9,0.01745455281863046
57830d21168320b1159d9fa5ddea9c32ed78fb8bbd3361a37461c7af875ab9fd,2025,10,0.03057172597311103
57ad7d4729eac1e5d053e22153f65597eb940dc6c45a6e473bc3d84b1ae20d6c,2025,5,0.20316289668884996
57ad7d4729eac1e5d053e22153f65597eb940dc6c45a6e473bc3d84b1ae20d6c,2025,6,0.12258824853713536
57ad7d4729eac1e5d053e22153f65597eb940dc6c45a6e473bc3d84b1ae20d6c,2025,7,0.12033267281255663
57ad7d4729eac1e5d053e22153f65597eb940dc6c45a6e473bc3d84b1ae20d6c,2025,8,0.12077759354048775
57ad7d4729eac1e5d053e22153f65597eb940dc6c45a6e473bc3d84b1ae20d6c,2025,9,0.11944797822114842
57ad7d4729eac1e5d053e22153f65597eb940dc6c45a6e473bc3d84b1ae20d6c,2025,10,0.13268861491511935
57e1f592de6d1c5ff494d51ce570ac76c198b9e5bfd2794006a37cfd39b7d3a5,2025,5,0.03203303306411341
57e1f592de6d1c5ff494d51ce570ac76c198b9e5bfd2794006a37cfd39b7d3a5,2025,6,0.029238350806067764
57e1f592de6d1c5ff494d51ce570ac76c198b9e5bfd2794006a37cfd39b7d3a5,2025,7,0.03064888032976595
57e1f592de6d1c5ff494d51ce570ac76c198b9e5bfd2794006a37cfd39b7d3a5,2025,8,0.029554381059653915
57e1f592de6d1c5ff494d51ce570ac76c198b9e5bfd2794006a37cfd39b7d3a5,2025,9,0.019770875704177668
57e1f592de6d1c5ff494d51ce570ac76c198b9e5bfd2794006a37cfd39b7d3a5,2025,10,0.04487913037037908
588f57b50001201d45ddccc8c41e273f65c4fb3a5e6500d0d5b896aa695621b3,2025,5,0.02049717943533013
588f57b50001201d45ddccc8c41e273f65c4fb3a5e6500d0d5b896aa695621b3,2025,6,0.024761317067811005
588f57b50001201d45ddccc8c41e273f65c4fb3a5e6500d0d5b896aa695621b3,2025,7,0.02856385660918243
588f57b50001201d45ddccc8c41e273f65c4fb3a5e6500d0d5b896aa695621b3,2025,8,0.02716114619966538
588f57b50001201d45ddccc8c41e273f65c4fb3a5e6500d0d5b896aa695621b3,2025,9,0.01899296373966912
588f57b50001201d45ddccc8c41e273f65c4fb3a5e6500d0d5b896aa695621b3,2025,10,0.027184194766618985
59050c52b7e28aba19f7a4ca026db3e53aef86f84df0486b2cbadea29ce72492,2025,5,0.046818393219196223
59050c52b7e28aba19f7a4ca026db3e53aef86f84df0486b2cbadea29ce72492,2025,6,0.015079482838646505
59050c52b7e28aba19f7a4ca026db3e53aef86f84df0486b2cbadea29ce72492,2025,7,0.01592485575031201
59050c52b7e28aba19f7a4ca026db3e53aef86f84df0486b2cbadea29ce72492,2025,8,0.01470958141244699
59050c52b7e28aba19f7a4ca026db3e53aef86f84df0486b2cbadea29ce72492,2025,9,0.02362572702825217
59050c52b7e28aba19f7a4ca026db3e53aef86f84df0486b2cbadea29ce72492,2025,10,0.06150289357415473
59e21223b9464c29968868cca28e4c34fabfc8521b0a77672e127a8ea6fe63fa,2025,5,0.0871044699526676
59e21223b9464c29968868cca28e4c34fabfc8521b0a77672e127a8ea6fe63fa,2025,6,0.047388784608169476
59e21223b9464c29968868cca28e4c34fabfc8521b0a77672e127a8ea6fe63fa,2025,7,0.04132460020844995
59e21223b9464c29968868cca28e4c34fabfc8521b0a77672e127a8ea6fe63fa,2025,8,0.03911627140808294
59e21223b9464c29968868cca28e4c34fabfc8521b0a77672e127a8ea6fe63fa,2025,9,0.048975765317883585
59e21223b9464c29968868cca28e4c34fabfc8521b0a77672e127a8ea6fe63fa,2025,10,0.09003582071862834
59fd23aa206ea7d99c5d9cab9bc125e1713c88c5fc51e5f196118728f4a9c5df,2025,5,0.04835306851294643
59fd23aa206ea7d99c5d9cab9bc125e1713c88c5fc51e5f196118728f4a9c5df,2025,6,0.03147449905297825
59fd23aa206ea7d99c5d9cab9bc125e1713c88c5fc51e5f196118728f4a9c5df,2025,7,0.034523218642609835
59fd23aa206ea7d99c5d9cab9bc125e1713c88c5fc51e5f196118728f4a9c5df,2025,8,0.03010498246052687
59fd23aa206ea7d99c5d9cab9bc125e1713c88c5fc51e5f196118728f4a9c5df,2025,9,0.03225201709242104
59fd23aa206ea7d99c5d9cab9bc125e1713c88c5fc51e5f196118728f4a9c5df,2025,10,0.05598357601927444
5a07ce9c5fcc80da55b4c1cead1167688d043c0c21e996abfbcc3e6ed32c06c0,2025,5,0.03071533030050985
5a07ce9c5fcc80da55b4c1cead1167688d043c0c21e996abfbcc3e6ed32c06c0,2025,6,0.02426018480503086
5a07ce9c5fcc80da55b4c1cead1167688d043c0c21e996abfbcc3e6ed32c06c0,2025,7,0.02926102658254928
5a07ce9c5fcc80da55b4c1cead1167688d043c0c21e996abfbcc3e6ed32c06c0,2025,8,0.02526062720242709
5a07ce9c5fcc80da55b4c1cead1167688d043c0c21e996abfbcc3e6ed32c06c0,2025,9,0.022028385893429522
5a07ce9c5fcc80da55b4c1cead1167688d043c0c21e996abfbcc3e6ed32c06c0,2025,10,0.052327520771192876
5aa7c9db489efe318f3f6f41a484f366b5fd8a13c4bf0eb7d33a6307b9535646,2025,5,0.02193087961959489
5aa7c9db489efe318f3f6f41a484f366b5fd8a13c4bf0eb7d33a6307b9535646,2025,6,0.015891039881181963
5aa7c9db489efe318f3f6f41a484f366b5fd8a13c4bf0eb7d33a6307b9535646,2025,7,0.01587627401813388
5aa7c9db489efe318f3f6f41a484f366b5fd8a13c4bf0eb7d33a6307b9535646,2025,8,0.016248447691807725
5aa7c9db489efe318f3f6f41a484f366b5fd8a13c4bf0eb7d33a6307b9535646,2025,9,0.019583997669602702
5aa7c9db489efe318f3f6f41a484f366b5fd8a13c4bf0eb7d33a6307b9535646,2025,10,0.033265044538708516
5b03b2f6c400846d942696bc54df19745c10fc5ee044f1654b16317b5bfa06be,2025,5,0.04203543680839424
5b03b2f6c400846d942696bc54df19745c10fc5ee044f1654b16317b5bfa06be,2025,6,0.03525891301455919
5b03b2f6c400846d942696bc54df19745c10fc5ee044f1654b16317b5bfa06be,2025,7,0.03272735334954954
5b03b2f6c400846d942696bc54df19745c10fc5ee044f1654b16317b5bfa06be,2025,8,0.03846125399183727
5b03b2f6c400846d942696bc54df19745c10fc5ee044f1654b16317b5bfa06be,2025,9,0.03725437007682571
5b03b2f6c400846d942696bc54df19745c10fc5ee044f1654b16317b5bfa06be,2025,10,0.06874063096234959
5b3858ba768144be08debf49316052877f2af36e7eada6946ef9022e28a2fd1a,2025,5,0.29543163759497165
5b3858ba768144be08debf49316052877f2af36e7eada6946ef9022e28a2fd1a,2025,6,0.15468593442906814
5b3858ba768144be08debf49316052877f2af36e7eada6946ef9022e28a2fd1a,2025,7,0.1572645520763437
5b3858ba768144be08debf49316052877f2af36e7eada6946ef9022e28a2fd1a,2025,8,0.16129451133495532
5b3858ba768144be08debf49316052877f2af36e7eada6946ef9022e28a2fd1a,2025,9,0.17692249870270987
5b3858ba768144be08debf49316052877f2af36e7eada6946ef9022e28a2fd1a,2025,10,0.3662780874416478
5b41533f785e07c78fe2cd6544a42022eafcd74d941d75086d31739e159026d4,2025,5,0.030506079714601453
5b41533f785e07c78fe2cd6544a42022eafcd74d941d75086d31739e159026d4,2025,6,0.02334302451776151
5b41533f785e07c78fe2cd6544a42022eafcd74d941d75086d31739e159026d4,2025,7,0.026283489225301514
5b41533f785e07c78fe2cd6544a42022eafcd74d941d75086d31739e159026d4,2025,8,0.024749355134935768
5b41533f785e07c78fe2cd6544a42022eafcd74d941d75086d31739e159026d4,2025,9,0.019225418300903133
5b41533f785e07c78fe2cd6544a42022eafcd74d941d75086d31739e159026d4,2025,10,0.04739235604250229
5b7a81d5dfc407034deb1aa280feebeaab899969e4b565d765e5f8036974aa5a,2025,5,0.030551953640127374
5b7a81d5dfc407034deb1aa280feebeaab899969e4b565d765e5f8036974aa5a,2025,6,0.02003596292250738
5b7a81d5dfc407034deb1aa280feebeaab899969e4b565d765e5f8036974aa5a,2025,7,0.02051924970164319
5b7a81d5dfc407034deb1aa280feebeaab899969e4b565d765e5f8036974aa5a,2025,8,0.016932895831120995
5b7a81d5dfc407034deb1aa280feebeaab899969e4b565d765e5f8036974aa5a,2025,9,0.018081432673875908
5b7a81d5dfc407034deb1aa280feebeaab899969e4b565d765e5f8036974aa5a,2025,10,0.03181920166970087
5bfdd623bfd03a2c1b7ac18dd3e8e7493f2b33b30278675c3a9facb5a760772a,2025,5,0.029103407377708418
5bfdd623bfd03a2c1b7ac18dd3e8e7493f2b33b30278675c3a9facb5a760772a,2025,6,0.021890867729286074
5bfdd623bfd03a2c1b7ac18dd3e8e7493f2b33b30278675c3a9facb5a760772a,2025,7,0.023971306705873163
5bfdd623bfd03a2c1b7ac18dd3e8e7493f2b33b30278675c3a9facb5a760772a,2025,8,0.018303382574111085
5bfdd623bfd03a2c1b7ac18dd3e8e7493f2b33b30278675c3a9facb5a760772a,2025,9,0.02787676185959917
5bfdd623bfd03a2c1b7ac18dd3e8e7493f2b33b30278675c3a9facb5a760772a,2025,10,0.05039952260264549
5cf0d095281a25413ac106fe116c1e57f23e24cc370014fc11825831e6947428,2025,5,0.04383118964894668
5cf0d095281a25413ac106fe116c1e57f23e24cc370014fc11825831e6947428,2025,6,0.03020428659232635
5cf0d095281a25413ac106fe116c1e57f23e24cc370014fc11825831e6947428,2025,7,0.0337843396776118
5cf0d095281a25413ac106fe116c1e57f23e24cc370014fc11825831e6947428,2025,8,0.034977976396803105
5cf0d095281a25413ac106fe116c1e57f23e24cc370014fc11825831e6947428,2025,9,0.029948762926785593
5cf0d095281a25413ac106fe116c1e57f23e24cc370014fc11825831e6947428,2025,10,0.057323338137960436
5ecc19fefa39630b967d96cb9290f5a667cd21bf49f4c9e454c7f6190fdf9dce,2025,5,0.054600535889662904
5ecc19fefa39630b967d96cb9290f5a667cd21bf49f4c9e454c7f6190fdf9dce,2025,6,0.03685781458963225
5ecc19fefa39630b967d96cb9290f5a667cd21bf49f4c9e454c7f6190fdf9dce,2025,7,0.036593162968632575
5ecc19fefa39630b967d96cb9290f5a667cd21bf49f4c9e454c7f6190fdf9dce,2025,8,0.05173821391069431
5ecc19fefa39630b967d96cb9290f5a667cd21bf49f4c9e454c7f6190fdf9dce,2025,9,0.03088366223939196
5ecc19fefa39630b967d96cb9290f5a667cd21bf49f4c9e454c7f6190fdf9dce,2025,10,0.07249926159805595
5f9825a2690b37cce56f4a82d25a4030786fe903f495f5100d943c2b8cc6a1d9,2025,5,0.0890522504931597
5f9825a2690b37cce56f4a82d25a4030786fe903f495f5100d943c2b8cc6a1d9,2025,6,0.054452204360023446
5f9825a2690b37cce56f4a82d25a4030786fe903f495f5100d943c2b8cc6a1d9,2025,7,0.07755757863115656
5f9825a2690b37cce56f4a82d25a4030786fe903f495f5100d943c2b8cc6a1d9,2025,8,0.07321848412633747
5f9825a2690b37cce56f4a82d25a4030786fe903f495f5100d943c2b8cc6a1d9,2025,9,0.06341851324933155
5f9825a2690b37cce56f4a82d25a4030786fe903f495f5100d943c2b8cc6a1d9,2025,10,0.10062364084085396
5fc8fe40f253c5522657a9fd70bb37c6a7ff4643c59cd64018ed5d576cf1be63,2025,5,0.07943140393665658
5fc8fe40f253c5522657a9fd70bb37c6a7ff4643c59cd64018ed5d576cf1be63,2025,6,0.07295474043227448
5fc8fe40f253c5522657a9fd70bb37c6a7ff4643c59cd64018ed5d576cf1be63,2025,7,0.06673769393823353
5fc8fe40f253c5522657a9fd70bb37c6a7ff4643c59cd64018ed5d576cf1be63,2025,8,0.06590939898428266
5fc8fe40f253c5522657a9fd70bb37c6a7ff4643c59cd64018ed5d576cf1be63,2025,9,0.06132863322079614
5fc8fe40f253c5522657a9fd70bb37c6a7ff4643c59cd64018ed5d576cf1be63,2025,10,0.11866239829477661
60bcd9b88089f8b9ac9dbf85fe94fd5c3225b55bdb214f46e8a40d08e096d51f,2025,5,0.3576782411627312
60bcd9b88089f8b9ac9dbf85fe94fd5c3225b55bdb214f46e8a40d08e096d51f,2025,6,0.32592096268683174
60bcd9b88089f8b9ac9dbf85fe94fd5c3225b55bdb214f46e8a40d08e096d51f,2025,7,0.33063443174028717
60bcd9b88089f8b9ac9dbf85fe94fd5c3225b55bdb214f46e8a40d08e096d51f,2025,8,0.3373054688769954
60bcd9b88089f8b9ac9dbf85fe94fd5c3225b55bdb214f46e8a40d08e096d51f,2025,9,0.3666162912330809
60bcd9b88089f8b9ac9dbf85fe94fd5c3225b55bdb214f46e8a40d08e096d51f,2025,10,0.35292290691110473
60c5b163f2f9c8555febf4fda3ecf8dffa45120e1cfbcd05dd25721bc262a995,2025,5,0.04446707468367092
60c5b163f2f9c8555febf4fda3ecf8dffa45120e1cfbcd05dd25721bc262a995,2025,6,0.020444655658346356
60c5b163f2f9c8555febf4fda3ecf8dffa45120e1cfbcd05dd25721bc262a995,2025,7,0.021787856564891843
60c5b163f2f9c8555febf4fda3ecf8dffa45120e1cfbcd05dd25721bc262a995,2025,8,0.023510765078188924
60c5b163f2f9c8555febf4fda3ecf8dffa45120e1cfbcd05dd25721bc262a995,2025,9,0.023074549625554625
60c5b163f2f9c8555febf4fda3ecf8dffa45120e1cfbcd05dd25721bc262a995,2025,10,0.06071929798936746
60e7edb5d6edb57d84945a6e346c6f4e0f7917f57a13fb9ac38b70434199f822,2025,5,0.0625155484491984
60e7edb5d6edb57d84945a6e346c6f4e0f7917f57a13fb9ac38b70434199f822,2025,6,0.04020190330873972
60e7edb5d6edb57d84945a6e346c6f4e0f7917f57a13fb9ac38b70434199f822,2025,7,0.04279101932140787
60e7edb5d6edb57d84945a6e346c6f4e0f7917f57a13fb9ac38b70434199f822,2025,8,0.037792381510191576
60e7edb5d6edb57d84945a6e346c6f4e0f7917f57a13fb9ac38b70434199f822,2025,9,0.04055920884410233
60e7edb5d6edb57d84945a6e346c6f4e0f7917f57a13fb9ac38b70434199f822,2025,10,0.09427869673613087
615bf3d6f36d251cb9e14425615f8e2e365542fe9dc9ecd5dd2e98fa5a5d35e5,2025,5,0.03834665909214132
615bf3d6f36d251cb9e14425615f8e2e365542fe9dc9ecd5dd2e98fa5a5d35e5,2025,6,0.01608178589375592
615bf3d6f36d251cb9e14425615f8e2e365542fe9dc9ecd5dd2e98fa5a5d35e5,2025,7,0.020387300188161143
615bf3d6f36d251cb9e14425615f8e2e365542fe9dc9ecd5dd2e98fa5a5d35e5,2025,8,0.020203265532844954
615bf3d6f36d251cb9e14425615f8e2e365542fe9dc9ecd5dd2e98fa5a5d35e5,2025,9,0.01806558336069032
615bf3d6f36d251cb9e14425615f8e2e365542fe9dc9ecd5dd2e98fa5a5d35e5,2025,10,0.055437058500907785
61898ee235e5962a9291a7a1b991269e79d37401af402bcc21c0ba708e5ef86a,2025,5,0.03951771542462661
61898ee235e5962a9291a7a1b991269e79d37401af402bcc21c0ba708e5ef86a,2025,6,0.03646710326672427
61898ee235e5962a9291a7a1b991269e79d37401af402bcc21c0ba708e5ef86a,2025,7,0.04629333902260737
61898ee235e5962a9291a7a1b991269e79d37401af402bcc21c0ba708e5ef86a,2025,8,0.043801628688441965
61898ee235e5962a9291a7a1b991269e79d37401af402bcc21c0ba708e5ef86a,2025,9,0.0384346322340728
61898ee235e5962a9291a7a1b991269e79d37401af402bcc21c0ba708e5ef86a,2025,10,0.07120586954194585
61e4cc7d07e2597a412b5a4d76b6abf624b45d0658ebaa8554f9f10e83fae126,2025,5,0.057883008004202534
61e4cc7d07e2597a412b5a4d76b6abf624b45d0658ebaa8554f9f10e83fae126,2025,6,0.04573850699231111
61e4cc7d07e2597a412b5a4d76b6abf624b45d0658ebaa8554f9f10e83fae126,2025,7,0.045622938564459585
61e4cc7d07e2597a412b5a4d76b6abf624b45d0658ebaa8554f9f10e83fae126,2025,8,0.04335021607095822
61e4cc7d07e2597a412b5a4d76b6abf624b45d0658ebaa8554f9f10e83fae126,2025,9,0.03351433552907856
61e4cc7d07e2597a412b5a4d76b6abf624b45d0658ebaa8554f9f10e83fae126,2025,10,0.0798097363496659
61eb8b7e6725b2ecd5b694c37e61194886c4258db398459aed173d9e4083ca02,2025,5,0.03440506897819526
61eb8b7e6725b2ecd5b694c37e61194886c4258db398459aed173d9e4083ca02,2025,6,0.03072349950549359
61eb8b7e6725b2ecd5b694c37e61194886c4258db398459aed173d9e4083ca02,2025,7,0.03611348449500524
61eb8b7e6725b2ecd5b694c37e61194886c4258db398459aed173d9e4083ca02,2025,8,0.030369064807707714
61eb8b7e6725b2ecd5b694c37e61194886c4258db398459aed173d9e4083ca02,2025,9,0.03090711350301104
61eb8b7e6725b2ecd5b694c37e61194886c4258db398459aed173d9e4083ca02,2025,10,0.053732589844158324
620db3de55dd5ad5a4c84aa60649c93b1ce72290172e7e8af9e22116544bfbaf,2025,5,0.048381768836882624
620db3de55dd5ad5a4c84aa60649c93b1ce72290172e7e8af9e22116544bfbaf,2025,6,0.05514583313889497
620db3de55dd5ad5a4c84aa60649c93b1ce72290172e7e8af9e22116544bfbaf,2025,7,0.053343880076116956
620db3de55dd5ad5a4c84aa60649c93b1ce72290172e7e8af9e22116544bfbaf,2025,8,0.04322235286017684
620db3de55dd5ad5a4c84aa60649c93b1ce72290172e7e8af9e22116544bfbaf,2025,9,0.04006162670602624
620db3de55dd5ad5a4c84aa60649c93b1ce72290172e7e8af9e22116544bfbaf,2025,10,0.0464278140238303
6307f0a62336512f6d63464c85eb14bac28566846dfcde80440c49734b4fc7bf,2025,5,0.051811399209978515
6307f0a62336512f6d63464c85eb14bac28566846dfcde80440c49734b4fc7bf,2025,6,0.020621699306746975
6307f0a62336512f6d63464c85eb14bac28566846dfcde80440c49734b4fc7bf,2025,7,0.024354104249068434
6307f0a62336512f6d63464c85eb14bac28566846dfcde80440c49734b4fc7bf,2025,8,0.02629383275628567
6307f0a62336512f6d63464c85eb14bac28566846dfcde80440c49734b4fc7bf,2025,9,0.03334408566818114
6307f0a62336512f6d63464c85eb14bac28566846dfcde80440c49734b4fc7bf,2025,10,0.07873242193548335
63084611d343a86e43ca476a23410f4f82cd22651f479a700f525766235558df,2025,5,0.03930584559718979
63084611d343a86e43ca476a23410f4f82cd22651f479a700f525766235558df,2025,6,0.02226054280591967
63084611d343a86e43ca476a23410f4f82cd22651f479a700f525766235558df,2025,7,0.026403293452243584
63084611d343a86e43ca476a23410f4f82cd22651f479a700f525766235558df,2025,8,0.025864637859116232
63084611d343a86e43ca476a23410f4f82cd22651f479a700f525766235558df,2025,9,0.022580394554230068
63084611d343a86e43ca476a23410f4f82cd22651f479a700f525766235558df,2025,10,0.05258811213636465
633d3575fa7767edfb0a71626b48acb0761ccb8c8639e6231554cdd95745d85d,2025,5,0.17671562284981862
633d3575fa7767edfb0a71626b48acb0761ccb8c8639e6231554cdd95745d85d,2025,6,0.11561482008110432
633d3575fa7767edfb0a71626b48acb0761ccb8c8639e6231554cdd95745d85d,2025,7,0.13549472128012072
633d3575fa7767edfb0a71626b48acb0761ccb8c8639e6231554cdd95745d85d,2025,8,0.11892677591872636
633d3575fa7767edfb0a71626b48acb0761ccb8c8639e6231554cdd95745d85d,2025,9,0.12479680598814397
633d3575fa7767edfb0a71626b48acb0761ccb8c8639e6231554cdd95745d85d,2025,10,0.2634700748331885
633ea077a4f502548f8fc9ec02da5360d6f4647862878e539130f2e2d7444164,2025,5,0.026290602478526562
633ea077a4f502548f8fc9ec02da5360d6f4647862878e539130f2e2d7444164,2025,6,0.038969854997428124
633ea077a4f502548f8fc9ec02da5360d6f4647862878e539130f2e2d7444164,2025,7,0.0335483906340382
633ea077a4f502548f8fc9ec02da5360d6f4647862878e539130f2e2d7444164,2025,8,0.03370558314254632
633ea077a4f502548f8fc9ec02da5360d6f4647862878e539130f2e2d7444164,2025,9,0.024608167038330082
633ea077a4f502548f8fc9ec02da5360d6f4647862878e539130f2e2d7444164,2025,10,0.04063770729591103
63dd53d33b345b620673bf853e517ddc2c91235e8e15c0ccec551d34b8ecc210,2025,5,0.10013968546835814
63dd53d33b345b620673bf853e517ddc2c91235e8e15c0ccec551d34b8ecc210,2025,6,0.10080215865122963
63dd53d33b345b620673bf853e517ddc2c91235e8e15c0ccec551d34b8ecc210,2025,7,0.09455330388856695
63dd53d33b345b620673bf853e517ddc2c91235e8e15c0ccec551d34b8ecc210,2025,8,0.0933720384413877
63dd53d33b345b620673bf853e517ddc2c91235e8e15c0ccec551d34b8ecc210,2025,9,0.09055571032502498
63dd53d33b345b620673bf853e517ddc2c91235e8e15c0ccec551d34b8ecc210,2025,10,0.24642316312503093
63f34050039b27e299e62b4eacfc6482e44bc6a130446efec848a548d21aedf3,2025,5,0.14701609625548773
63f34050039b27e299e62b4eacfc6482e44bc6a130446efec848a548d21aedf3,2025,6,0.13012884797434882
63f34050039b27e299e62b4eacfc6482e44bc6a130446efec848a548d21aedf3,2025,7,0.13479528642517552
63f34050039b27e299e62b4eacfc6482e44bc6a130446efec848a548d21aedf3,2025,8,0.13766038808321834
63f34050039b27e299e62b4eacfc6482e44bc6a130446efec848a548d21aedf3,2025,9,0.12534145338689784
63f34050039b27e299e62b4eacfc6482e44bc6a130446efec848a548d21aedf3,2025,10,0.19274709334633663
63fda78c4fbd335f7c85c0dab6926090b02ccdc24eeb5fef6d7c2330d449f8d3,2025,5,0.03496693220972216
63fda78c4fbd335f7c85c0dab6926090b02ccdc24eeb5fef6d7c2330d449f8d3,2025,6,0.020630449739315472
63fda78c4fbd335f7c85c0dab6926090b02ccdc24eeb5fef6d7c2330d449f8d3,2025,7,0.019488952368135415
63fda78c4fbd335f7c85c0dab6926090b02ccdc24eeb5fef6d7c2330d449f8d3,2025,8,0.018734117876168258
63fda78c4fbd335f7c85c0dab6926090b02ccdc24eeb5fef6d7c2330d449f8d3,2025,9,0.01458847855530758
63fda78c4fbd335f7c85c0dab6926090b02ccdc24eeb5fef6d7c2330d449f8d3,2025,10,0.04423861115928049
6401974d764381f21fee84cbab820123e2fbb908730abc77e591ae326f046e58,2025,5,0.042545799061871434
6401974d764381f21fee84cbab820123e2fbb908730abc77e591ae326f046e58,2025,6,0.03129271024153095
6401974d764381f21fee84cbab820123e2fbb908730abc77e591ae326f046e58,2025,7,0.03695151590957804
6401974d764381f21fee84cbab820123e2fbb908730abc77e591ae326f046e58,2025,8,0.029989434981039228
6401974d764381f21fee84cbab820123e2fbb908730abc77e591ae326f046e58,2025,9,0.030773512029511924
6401974d764381f21fee84cbab820123e2fbb908730abc77e591ae326f046e58,2025,10,0.06931319963000998
653ffec4ec62bb9e892b954580d5a75f50cdc2a7bc1bc109f616ccc4a16d136c,2025,5,0.05826291667496759
653ffec4ec62bb9e892b954580d5a75f50cdc2a7bc1bc109f616ccc4a16d136c,2025,6,0.034294404427951834
653ffec4ec62bb9e892b954580d5a75f50cdc2a7bc1bc109f616ccc4a16d136c,2025,7,0.03859686286790377
653ffec4ec62bb9e892b954580d5a75f50cdc2a7bc1bc109f616ccc4a16d136c,2025,8,0.030096811422517522
653ffec4ec62bb9e892b954580d5a75f50cdc2a7bc1bc109f616ccc4a16d136c,2025,9,0.043514983922933265
653ffec4ec62bb9e892b954580d5a75f50cdc2a7bc1bc109f616ccc4a16d136c,2025,10,0.08842395353275626
6569ec289bfff6260f75287e8507b1b8a23bb3b4e996c079b2ee399c08144033,2025,5,0.04866592022976684
6569ec289bfff6260f75287e8507b1b8a23bb3b4e996c079b2ee399c08144033,2025,6,0.03663348453201703
6569ec289bfff6260f75287e8507b1b8a23bb3b4e996c079b2ee399c08144033,2025,7,0.04174764753176338
6569ec289bfff6260f75287e8507b1b8a23bb3b4e996c079b2ee399c08144033,2025,8,0.04207007359980991
6569ec289bfff6260f75287e8507b1b8a23bb3b4e996c079b2ee399c08144033,2025,9,0.041274758482022875
6569ec289bfff6260f75287e8507b1b8a23bb3b4e996c079b2ee399c08144033,2025,10,0.11283084491480003
669ad444bf902b0518da32fe225456e46a89593fcb35621838d7c1508dbdc491,2025,5,0.09073861841028227
669ad444bf902b0518da32fe225456e46a89593fcb35621838d7c1508dbdc491,2025,6,0.07450968229234461
669ad444bf902b0518da32fe225456e46a89593fcb35621838d7c1508dbdc491,2025,7,0.0706488250010553
669ad444bf902b0518da32fe225456e46a89593fcb35621838d7c1508dbdc491,2025,8,0.07886009933495869
669ad444bf902b0518da32fe225456e46a89593fcb35621838d7c1508dbdc491,2025,9,0.07807902579041066
669ad444bf902b0518da32fe225456e46a89593fcb35621838d7c1508dbdc491,2025,10,0.11969297408411711
66e4d6f3af1f9c8f3f2ed5f1143c4358bb53ca3df4f64189dec51276ff03712a,2025,5,0.037724331946671685
66e4d6f3af1f9c8f3f2ed5f1143c4358bb53ca3df4f64189dec51276ff03712a,2025,6,0.015746018164336517
66e4d6f3af1f9c8f3f2ed5f1143c4358bb53ca3df4f64189dec51276ff03712a,2025,7,0.01615711595229124
66e4d6f3af1f9c8f3f2ed5f1143c4358bb53ca3df4f64189dec51276ff03712a,2025,8,0.014094459843810308
66e4d6f3af1f9c8f3f2ed5f1143c4358bb53ca3df4f64189dec51276ff03712a,2025,9,0.01620166974528858
66e4d6f3af1f9c8f3f2ed5f1143c4358bb53ca3df4f64189dec51276ff03712a,2025,10,0.03763289708261795
6730c0d7b2f79408d56eedefa827ded1388ed88efc60562e50ba2193cd890b5d,2025,5,0.22262546636747294
6730c0d7b2f79408d56eedefa827ded1388ed88efc60562e50ba2193cd890b5d,2025,6,0.21698450196648256
6730c0d7b2f79408d56eedefa827ded1388ed88efc60562e50ba2193cd890b5d,2025,7,0.11511278924910828
6730c0d7b2f79408d56eedefa827ded1388ed88efc60562e50ba2193cd890b5d,2025,8,0.194104808647795
6730c0d7b2f79408d56eedefa827ded1388ed88efc60562e50ba2193cd890b5d,2025,9,0.4264581227346609
6730c0d7b2f79408d56eedefa827ded1388ed88efc60562e50ba2193cd890b5d,2025,10,0.3232226006598149
6780433405283f4759d260e09daa877085ad32cdedfe860a8a2248529267b67b,2025,5,0.04798051365555964
6780433405283f4759d260e09daa877085ad32cdedfe860a8a2248529267b67b,2025,6,0.03026462827640915
6780433405283f4759d260e09daa877085ad32cdedfe860a8a2248529267b67b,2025,7,0.019726660232653105
6780433405283f4759d260e09daa877085ad32cdedfe860a8a2248529267b67b,2025,8,0.029836066690895953
6780433405283f4759d260e09daa877085ad32cdedfe860a8a2248529267b67b,2025,9,0.0314795941713589
6780433405283f4759d260e09daa877085ad32cdedfe860a8a2248529267b67b,2025,10,0.062124513970879564
6887e4e49a02c50159170e203487f2c9fcef838ccbd6b1a7d33d52b4301a60f5,2025,5,0.02779270338068916
6887e4e49a02c50159170e203487f2c9fcef838ccbd6b1a7d33d52b4301a60f5,2025,6,0.019335575613099548
6887e4e49a02c50159170e203487f2c9fcef838ccbd6b1a7d33d52b4301a60f5,2025,7,0.02221082035588605
6887e4e49a02c50159170e203487f2c9fcef838ccbd6b1a7d33d52b4301a60f5,2025,8,0.019770637072182337
6887e4e49a02c50159170e203487f2c9fcef838ccbd6b1a7d33d52b4301a60f5,2025,9,0.018971345091638038
6887e4e49a02c50159170e203487f2c9fcef838ccbd6b1a7d33d52b4301a60f5,2025,10,0.03448070282174048
68f47e7f7e22a510cce68978eaa4c4234dd9a420465b7beeb1587ef04a7723b2,2025,5,0.008890873325846503
68f47e7f7e22a510cce68978eaa4c4234dd9a420465b7beeb1587ef04a7723b2,2025,6,0.016744236075189604
68f47e7f7e22a510cce68978eaa4c4234dd9a420465b7beeb1587ef04a7723b2,2025,7,0.012322247631688283
68f47e7f7e22a510cce68978eaa4c4234dd9a420465b7beeb1587ef04a7723b2,2025,8,0.010507638239532557
68f47e7f7e22a510cce68978eaa4c4234dd9a420465b7beeb1587ef04a7723b2,2025,9,0.008320890064659595
68f47e7f7e22a510cce68978eaa4c4234dd9a420465b7beeb1587ef04a7723b2,2025,10,0.011199221766605151
696f6f188b1c6491b90746200a08ed319ee13e0253df72e0190948f493f3a78f,2025,5,0.06149260386386374
696f6f188b1c6491b90746200a08ed319ee13e0253df72e0190948f493f3a78f,2025,6,0.028544996276441685
696f6f188b1c6491b90746200a08ed319ee13e0253df72e0190948f493f3a78f,2025,7,0.029479388458465053
696f6f188b1c6491b90746200a08ed319ee13e0253df72e0190948f493f3a78f,2025,8,0.02832663863474118
696f6f188b1c6491b90746200a08ed319ee13e0253df72e0190948f493f3a78f,2025,9,0.03315942790595827
696f6f188b1c6491b90746200a08ed319ee13e0253df72e0190948f493f3a78f,2025,10,0.09460780237792728
69820f08bacb31021869ea9c31c22f8f98de5e767e98837861978c89cd4c1a92,2025,5,0.09493920179223164
69820f08bacb31021869ea9c31c22f8f98de5e767e98837861978c89cd4c1a92,2025,6,0.1160830147086091
69820f08bacb31021869ea9c31c22f8f98de5e767e98837861978c89cd4c1a92,2025,7,0.11792716046101206
69820f08bacb31021869ea9c31c22f8f98de5e767e98837861978c89cd4c1a92,2025,8,0.11263568053505094
69820f08bacb31021869ea9c31c22f8f98de5e767e98837861978c89cd4c1a92,2025,9,0.09806548567610693
69820f08bacb31021869ea9c31c22f8f98de5e767e98837861978c89cd4c1a92,2025,10,0.18083638960827897
698eb5a34e46d7f48992e83ec6d320b1cfbe8bc915d8ce633eadf82e19b14a2e,2025,5,0.12501860487519423
698eb5a34e46d7f48992e83ec6d320b1cfbe8bc915d8ce633eadf82e19b14a2e,2025,6,0.112046904388978
698eb5a34e46d7f48992e83ec6d320b1cfbe8bc915d8ce633eadf82e19b14a2e,2025,7,0.11768008700857706
698eb5a34e46d7f48992e83ec6d320b1cfbe8bc915d8ce633eadf82e19b14a2e,2025,8,0.11757265064107517
698eb5a34e46d7f48992e83ec6d320b1cfbe8bc915d8ce633eadf82e19b14a2e,2025,9,0.11256000323537059
698eb5a34e46d7f48992e83ec6d320b1cfbe8bc915d8ce633eadf82e19b14a2e,2025,10,0.1949534165695097
69c05e7476797b80bfeab38bc04f236394c64f2bf5040e18055d5388fe5bc848,2025,5,0.08179500047735655
69c05e7476797b80bfeab38bc04f236394c64f2bf5040e18055d5388fe5bc848,2025,6,0.06349424172627378
69c05e7476797b80bfeab38bc04f236394c64f2bf5040e18055d5388fe5bc848,2025,7,0.06874393821396732
69c05e7476797b80bfeab38bc04f236394c64f2bf5040e18055d5388fe5bc848,2025,8,0.06501883728764823
69c05e7476797b80bfeab38bc04f236394c64f2bf5040e18055d5388fe5bc848,2025,9,0.06398037486492916
69c05e7476797b80bfeab38bc04f236394c64f2bf5040e18055d5388fe5bc848,2025,10,0.11003877813237779
69d14ebd254eb604199310ab58f11e27c82144bb6d67f2fc26630ab3b6b971f8,2025,5,0.04962426632137569
69d14ebd254eb604199310ab58f11e27c82144bb6d67f2fc26630ab3b6b971f8,2025,6,0.01733080410717673
69d14ebd254eb604199310ab58f11e27c82144bb6d67f2fc26630ab3b6b971f8,2025,7,0.015795734508344705
69d14ebd254eb604199310ab58f11e27c82144bb6d67f2fc26630ab3b6b971f8,2025,8,0.005830250749392334
69d14ebd254eb604199310ab58f11e27c82144bb6d67f2fc26630ab3b6b971f8,2025,9,0.010495868731025468
69d14ebd254eb604199310ab58f11e27c82144bb6d67f2fc26630ab3b6b971f8,2025,10,0.045324207869590655
69e0fc024e792126e0dbf9e0daef25a3c0ec8fe2bf933675f39045e5b5431fb1,2025,5,0.03586733120524914
69e0fc024e792126e0dbf9e0daef25a3c0ec8fe2bf933675f39045e5b5431fb1,2025,6,0.02771889865224374
69e0fc024e792126e0dbf9e0daef25a3c0ec8fe2bf933675f39045e5b5431fb1,2025,7,0.03173012537549177
69e0fc024e792126e0dbf9e0daef25a3c0ec8fe2bf933675f39045e5b5431fb1,2025,8,0.030156595050941166
69e0fc024e792126e0dbf9e0daef25a3c0ec8fe2bf933675f39045e5b5431fb1,2025,9,0.024042533105687127
69e0fc024e792126e0dbf9e0daef25a3c0ec8fe2bf933675f39045e5b5431fb1,2025,10,0.05454277306458748
69f8cef692bb7826f36be0150d6f9e7e62619fbc3b3f3b829d0665b7b083bd17,2025,5,0.020734692937556247
69f8cef692bb7826f36be0150d6f9e7e62619fbc3b3f3b829d0665b7b083bd17,2025,6,0.01888666638046082
69f8cef692bb7826f36be0150d6f9e7e62619fbc3b3f3b829d0665b7b083bd17,2025,7,0.01955098966992595
69f8cef692bb7826f36be0150d6f9e7e62619fbc3b3f3b829d0665b7b083bd17,2025,8,0.01909914940317752
69f8cef692bb7826f36be0150d6f9e7e62619fbc3b3f3b829d0665b7b083bd17,2025,9,0.014733893928038528
69f8cef692bb7826f36be0150d6f9e7e62619fbc3b3f3b829d0665b7b083bd17,2025,10,0.025743592030086377
6a5fc8fee54d17b65fb2592cb25248a06fe15486c85737c8ce7634622df88744,2025,5,0.04999718579396699
6a5fc8fee54d17b65fb2592cb25248a06fe15486c85737c8ce7634622df88744,2025,6,0.043554992685993055
6a5fc8fee54d17b65fb2592cb25248a06fe15486c85737c8ce7634622df88744,2025,7,0.04157973829253621
6a5fc8fee54d17b65fb2592cb25248a06fe15486c85737c8ce7634622df88744,2025,8,0.04075421063854363
6a5fc8fee54d17b65fb2592cb25248a06fe15486c85737c8ce7634622df88744,2025,9,0.03474458162141204
6a5fc8fee54d17b65fb2592cb25248a06fe15486c85737c8ce7634622df88744,2025,10,0.06001412791160872
6a630abe7015118cb015b444dec0edc6405c595a5660fc0a51a18ee6d202937a,2025,5,0.19271214515606672
6a630abe7015118cb015b444dec0edc6405c595a5660fc0a51a18ee6d202937a,2025,6,0.15722036458783573
6a630abe7015118cb015b444dec0edc6405c595a5660fc0a51a18ee6d202937a,2025,7,0.16966815179584538
6a630abe7015118cb015b444dec0edc6405c595a5660fc0a51a18ee6d202937a,2025,8,0.1523543929196179
6a630abe7015118cb015b444dec0edc6405c595a5660fc0a51a18ee6d202937a,2025,9,0.16534026322262346
6a630abe7015118cb015b444dec0edc6405c595a5660fc0a51a18ee6d202937a,2025,10,0.2788073975917135
6a6e86387c8a642bc619f7227f760010ede1266fa4d721a6b872a0104fe31630,2025,5,0.050710412134089985
6a6e86387c8a642bc619f7227f760010ede1266fa4d721a6b872a0104fe31630,2025,6,0.024358005108735238
6a6e86387c8a642bc619f7227f760010ede1266fa4d721a6b872a0104fe31630,2025,7,0.02286968234554821
6a6e86387c8a642bc619f7227f760010ede1266fa4d721a6b872a0104fe31630,2025,8,0.025213408080927032
6a6e86387c8a642bc619f7227f760010ede1266fa4d721a6b872a0104fe31630,2025,9,0.018407516634748614
6a6e86387c8a642bc619f7227f760010ede1266fa4d721a6b872a0104fe31630,2025,10,0.056257204717780125
6afe380c6f7c55daf6d36269c987e1634e13920efead12f642e609eff4ff3d33,2025,5,0.13686508125909702
6afe380c6f7c55daf6d36269c987e1634e13920efead12f642e609eff4ff3d33,2025,6,0.0936044962741841
6afe380c6f7c55daf6d36269c987e1634e13920efead12f642e609eff4ff3d33,2025,7,0.08839174605904257
6afe380c6f7c55daf6d36269c987e1634e13920efead12f642e609eff4ff3d33,2025,8,0.08917875189350019
6afe380c6f7c55daf6d36269c987e1634e13920efead12f642e609eff4ff3d33,2025,9,0.09801810396993821
6afe380c6f7c55daf6d36269c987e1634e13920efead12f642e609eff4ff3d33,2025,10,0.1857500376968742
6b1e4898c2e5c156efca8bc21afadd3d3af3ea5bad72e4b1c2da70bf0a9959f7,2025,5,0.08358750387379373
6b1e4898c2e5c156efca8bc21afadd3d3af3ea5bad72e4b1c2da70bf0a9959f7,2025,6,0.054883273807682195
6b1e4898c2e5c156efca8bc21afadd3d3af3ea5bad72e4b1c2da70bf0a9959f7,2025,7,0.07079983797965529
6b1e4898c2e5c156efca8bc21afadd3d3af3ea5bad72e4b1c2da70bf0a9959f7,2025,8,0.0597775299484268
6b1e4898c2e5c156efca8bc21afadd3d3af3ea5bad72e4b1c2da70bf0a9959f7,2025,9,0.05979221503333116
6b1e4898c2e5c156efca8bc21afadd3d3af3ea5bad72e4b1c2da70bf0a9959f7,2025,10,0.13731403173608353
6b689913c5234101564398be4d41bd18fc5f4bd3ceccfd64b34bfd966384d8bd,2025,5,0.04220242074138605
6b689913c5234101564398be4d41bd18fc5f4bd3ceccfd64b34bfd966384d8bd,2025,6,0.021976841513953176
6b689913c5234101564398be4d41bd18fc5f4bd3ceccfd64b34bfd966384d8bd,2025,7,0.012947059352251601
6b689913c5234101564398be4d41bd18fc5f4bd3ceccfd64b34bfd966384d8bd,2025,8,0.015199437885474707
6b689913c5234101564398be4d41bd18fc5f4bd3ceccfd64b34bfd966384d8bd,2025,9,0.023731140199304817
6b689913c5234101564398be4d41bd18fc5f4bd3ceccfd64b34bfd966384d8bd,2025,10,0.05545613337609086
6c2918253e6eb0fd6297a3b3ddc6928ba7b308a26e98114755a59af7ed75ad12,2025,5,0.012461360368824797
6c2918253e6eb0fd6297a3b3ddc6928ba7b308a26e98114755a59af7ed75ad12,2025,6,0.014455083653491893
6c2918253e6eb0fd6297a3b3ddc6928ba7b308a26e98114755a59af7ed75ad12,2025,7,0.012504857772206977
6c2918253e6eb0fd6297a3b3ddc6928ba7b308a26e98114755a59af7ed75ad12,2025,8,0.012144411194758408
6c2918253e6eb0fd6297a3b3ddc6928ba7b308a26e98114755a59af7ed75ad12,2025,9,0.01034738534010822
6c2918253e6eb0fd6297a3b3ddc6928ba7b308a26e98114755a59af7ed75ad12,2025,10,0.021002124914104633
6c6ee3bc1a5e0fa54a5e47686db0c97758ecad7da150f75888b4b8ab7113ae2d,2025,5,0.023478939353569483
6c6ee3bc1a5e0fa54a5e47686db0c97758ecad7da150f75888b4b8ab7113ae2d,2025,6,0.017476557982807308
6c6ee3bc1a5e0fa54a5e47686db0c97758ecad7da150f75888b4b8ab7113ae2d,2025,7,0.024715603256339293
6c6ee3bc1a5e0fa54a5e47686db0c97758ecad7da150f75888b4b8ab7113ae2d,2025,8,0.022099023695048486
6c6ee3bc1a5e0fa54a5e47686db0c97758ecad7da150f75888b4b8ab7113ae2d,2025,9,0.017351396573774512
6c6ee3bc1a5e0fa54a5e47686db0c97758ecad7da150f75888b4b8ab7113ae2d,2025,10,0.05987265924267801
6e15d4b316aa7e4348fe16853a5f0e1e4b24fd1594b26618669a2e6920c74e71,2025,5,0.010594932957349746
6e15d4b316aa7e4348fe16853a5f0e1e4b24fd1594b26618669a2e6920c74e71,2025,6,0.011210826357810883
6e15d4b316aa7e4348fe16853a5f0e1e4b24fd1594b26618669a2e6920c74e71,2025,7,0.013999776459133747
6e15d4b316aa7e4348fe16853a5f0e1e4b24fd1594b26618669a2e6920c74e71,2025,8,0.014267824879259292
6e15d4b316aa7e4348fe16853a5f0e1e4b24fd1594b26618669a2e6920c74e71,2025,9,0.009289380160307718
6e15d4b316aa7e4348fe16853a5f0e1e4b24fd1594b26618669a2e6920c74e71,2025,10,0.027789386259922357
6e78aeef54d8b0985defdc754c6405863d767ca8995f5c09cf1d40846323ec34,2025,5,0.014186797332913371
6e78aeef54d8b0985defdc754c6405863d767ca8995f5c09cf1d40846323ec34,2025,6,0.013043607842291827
6e78aeef54d8b0985defdc754c6405863d767ca8995f5c09cf1d40846323ec34,2025,7,0.009946646136494743
6e78aeef54d8b0985defdc754c6405863d767ca8995f5c09cf1d40846323ec34,2025,8,0.010173308620700705
6e78aeef54d8b0985defdc754c6405863d767ca8995f5c09cf1d40846323ec34,2025,9,0.011580847216254006
6e78aeef54d8b0985defdc754c6405863d767ca8995f5c09cf1d40846323ec34,2025,10,0.026439133186033657
6ef609f0a0697323e251bebd617c8db832f19418ff215ce8f9a4ce9823a2b0eb,2025,5,0.07684019990651511
6ef609f0a0697323e251bebd617c8db832f19418ff215ce8f9a4ce9823a2b0eb,2025,6,0.025986145865858394
6ef609f0a0697323e251bebd617c8db832f19418ff215ce8f9a4ce9823a2b0eb,2025,7,0.026943869650906144
6ef609f0a0697323e251bebd617c8db832f19418ff215ce8f9a4ce9823a2b0eb,2025,8,0.05470590882926649
6ef609f0a0697323e251bebd617c8db832f19418ff215ce8f9a4ce9823a2b0eb,2025,9,0.05590518793690391
6ef609f0a0697323e251bebd617c8db832f19418ff215ce8f9a4ce9823a2b0eb,2025,10,0.04767972557114018
6f318e7f114646acb0f736ee2da72f0cef5cc74801eed18bb041692b9a5c468e,2025,5,0.010168706347807682
6f318e7f114646acb0f736ee2da72f0cef5cc74801eed18bb041692b9a5c468e,2025,6,0.0035631198409663677
6f318e7f114646acb0f736ee2da72f0cef5cc74801eed18bb041692b9a5c468e,2025,7,0.009174001064293428
6f318e7f114646acb0f736ee2da72f0cef5cc74801eed18bb041692b9a5c468e,2025,8,0.006511514601217264
6f318e7f114646acb0f736ee2da72f0cef5cc74801eed18bb041692b9a5c468e,2025,9,0.005960813848421846
6f318e7f114646acb0f736ee2da72f0cef5cc74801eed18bb041692b9a5c468e,2025,10,0.01510783337923052
6f3e46a47c3f459d1b3faa837f3eab34ce4332cd19fda99d0cc0a48f84e65dbf,2025,5,0.03439839473042477
6f3e46a47c3f459d1b3faa837f3eab34ce4332cd19fda99d0cc0a48f84e65dbf,2025,6,0.02683088221657821
6f3e46a47c3f459d1b3faa837f3eab34ce4332cd19fda99d0cc0a48f84e65dbf,2025,7,0.027807325558081353
6f3e46a47c3f459d1b3faa837f3eab34ce4332cd19fda99d0cc0a48f84e65dbf,2025,8,0.03653907181372794
6f3e46a47c3f459d1b3faa837f3eab34ce4332cd19fda99d0cc0a48f84e65dbf,2025,9,0.028206313615885267
6f3e46a47c3f459d1b3faa837f3eab34ce4332cd19fda99d0cc0a48f84e65dbf,2025,10,0.0426059253411489
6fa817294f5b18334e9e73c5452cf2a6cbc144215fcd05dd284650588a3e21e2,2025,5,0.011510870103585933
6fa817294f5b18334e9e73c5452cf2a6cbc144215fcd05dd284650588a3e21e2,2025,6,0.0195686223875204
6fa817294f5b18334e9e73c5452cf2a6cbc144215fcd05dd284650588a3e21e2,2025,7,0.021893730473346536
6fa817294f5b18334e9e73c5452cf2a6cbc144215fcd05dd284650588a3e21e2,2025,8,0.017388904898875242
6fa817294f5b18334e9e73c5452cf2a6cbc144215fcd05dd284650588a3e21e2,2025,9,0.009894482981192497
6fa817294f5b18334e9e73c5452cf2a6cbc144215fcd05dd284650588a3e21e2,2025,10,0.013040088340440256
6fb2cfe238cb14c3c30b8f4b1935e46a9dd6085361712eb76e0e7a5695b7d12e,2025,5,0.06838117432929983
6fb2cfe238cb14c3c30b8f4b1935e46a9dd6085361712eb76e0e7a5695b7d12e,2025,6,0.05143992797784147
6fb2cfe238cb14c3c30b8f4b1935e46a9dd6085361712eb76e0e7a5695b7d12e,2025,7,0.055057104635105034
6fb2cfe238cb14c3c30b8f4b1935e46a9dd6085361712eb76e0e7a5695b7d12e,2025,8,0.05673031103900528
6fb2cfe238cb14c3c30b8f4b1935e46a9dd6085361712eb76e0e7a5695b7d12e,2025,9,0.054094819807646015
6fb2cfe238cb14c3c30b8f4b1935e46a9dd6085361712eb76e0e7a5695b7d12e,2025,10,0.12386164183347748
70469e7c314d85ff3c18d1185610ee825859863576a244093dded63efa5202df,2025,5,0.025409720908618108
70469e7c314d85ff3c18d1185610ee825859863576a244093dded63efa5202df,2025,6,0.030975876194496366
70469e7c314d85ff3c18d1185610ee825859863576a244093dded63efa5202df,2025,7,0.033155167735243574
70469e7c314d85ff3c18d1185610ee825859863576a244093dded63efa5202df,2025,8,0.02784804530443523
70469e7c314d85ff3c18d1185610ee825859863576a244093dded63efa5202df,2025,9,0.02003455030015582
70469e7c314d85ff3c18d1185610ee825859863576a244093dded63efa5202df,2025,10,0.0600264313233598
70dcbe6d52d4efb68e6bc3477634c7a0712ce37a92f287791e5540fcde97700d,2025,5,0.31802249477973904
70dcbe6d52d4efb68e6bc3477634c7a0712ce37a92f287791e5540fcde97700d,2025,6,0.15790134820491214
70dcbe6d52d4efb68e6bc3477634c7a0712ce37a92f287791e5540fcde97700d,2025,7,0.11244753402997863
70dcbe6d52d4efb68e6bc3477634c7a0712ce37a92f287791e5540fcde97700d,2025,8,0.11010552921110218
70dcbe6d52d4efb68e6bc3477634c7a0712ce37a92f287791e5540fcde97700d,2025,9,0.1546273498620659
70dcbe6d52d4efb68e6bc3477634c7a0712ce37a92f287791e5540fcde97700d,2025,10,0.4428013687062933
70ed61338cfd87ed0f6c261febffb4b0f87f45d4928a63a08caa1ec5744587c5,2025,5,0.06540591915735527
70ed61338cfd87ed0f6c261febffb4b0f87f45d4928a63a08caa1ec5744587c5,2025,6,0.03778648594202707
70ed61338cfd87ed0f6c261febffb4b0f87f45d4928a63a08caa1ec5744587c5,2025,7,0.04393760113049301
70ed61338cfd87ed0f6c261febffb4b0f87f45d4928a63a08caa1ec5744587c5,2025,8,0.04426036548783502
70ed61338cfd87ed0f6c261febffb4b0f87f45d4928a63a08caa1ec5744587c5,2025,9,0.03784535914471606
70ed61338cfd87ed0f6c261febffb4b0f87f45d4928a63a08caa1ec5744587c5,2025,10,0.0709416378065524
70f65d2ba52879b28289e8af67b8c5d15f9e75d95d96d492f7d09b4af67c40fb,2025,5,0.035074190584539866
70f65d2ba52879b28289e8af67b8c5d15f9e75d95d96d492f7d09b4af67c40fb,2025,6,0.03274067682734781
70f65d2ba52879b28289e8af67b8c5d15f9e75d95d96d492f7d09b4af67c40fb,2025,7,0.03349116201456748
70f65d2ba52879b28289e8af67b8c5d15f9e75d95d96d492f7d09b4af67c40fb,2025,8,0.0331719764962889
70f65d2ba52879b28289e8af67b8c5d15f9e75d95d96d492f7d09b4af67c40fb,2025,9,0.025174312463857422
70f65d2ba52879b28289e8af67b8c5d15f9e75d95d96d492f7d09b4af67c40fb,2025,10,0.05264184962844015
710e2dde55e73655d78c59da8baf74111571f361fef2cb8971d4ab4b8ed7385d,2025,5,0.10667688545503887
710e2dde55e73655d78c59da8baf74111571f361fef2cb8971d4ab4b8ed7385d,2025,6,0.05600597926123564
710e2dde55e73655d78c59da8baf74111571f361fef2cb8971d4ab4b8ed7385d,2025,7,0.0595416032063861
710e2dde55e73655d78c59da8baf74111571f361fef2cb8971d4ab4b8ed7385d,2025,8,0.06782033655910745
710e2dde55e73655d78c59da8baf74111571f361fef2cb8971d4ab4b8ed7385d,2025,9,0.10144712569708994
710e2dde55e73655d78c59da8baf74111571f361fef2cb8971d4ab4b8ed7385d,2025,10,0.11810503477194738
71263d72e305efb1233636376f875eff5329861430eaa3412da846040cd3110a,2025,5,0.25615212326103465
71263d72e305efb1233636376f875eff5329861430eaa3412da846040cd3110a,2025,6,0.19667456672423728
71263d72e305efb1233636376f875eff5329861430eaa3412da846040cd3110a,2025,7,0.196604996776016
71263d72e305efb1233636376f875eff5329861430eaa3412da846040cd3110a,2025,8,0.19242848718344674
71263d72e305efb1233636376f875eff5329861430eaa3412da846040cd3110a,2025,9,0.18242261399762838
71263d72e305efb1233636376f875eff5329861430eaa3412da846040cd3110a,2025,10,0.2858957696166843
7160aa2f29f80e2da9373427f4108fadc007f46d3097c4ec2ff5417d383747f1,2025,5,0.07437382680259325
7160aa2f29f80e2da9373427f4108fadc007f46d3097c4ec2ff5417d383747f1,2025,6,0.04890140056554837
7160aa2f29f80e2da9373427f4108fadc007f46d3097c4ec2ff5417d383747f1,2025,7,0.046336407894965057
7160aa2f29f80e2da9373427f4108fadc007f46d3097c4ec2ff5417d383747f1,2025,8,0.05007109606397191
7160aa2f29f80e2da9373427f4108fadc007f46d3097c4ec2ff5417d383747f1,2025,9,0.057142586661446004
7160aa2f29f80e2da9373427f4108fadc007f46d3097c4ec2ff5417d383747f1,2025,10,0.08880036238416111
71b156919b185254d3948e61264937954b65e556e35cb7c14f0cd61ca254aa0d,2025,5,0.12179024361749322
71b156919b185254d3948e61264937954b65e556e35cb7c14f0cd61ca254aa0d,2025,6,0.1062920630362301
71b156919b185254d3948e61264937954b65e556e35cb7c14f0cd61ca254aa0d,2025,7,0.10501511549826298
71b156919b185254d3948e61264937954b65e556e35cb7c14f0cd61ca254aa0d,2025,8,0.10646068309087187
71b156919b185254d3948e61264937954b65e556e35cb7c14f0cd61ca254aa0d,2025,9,0.12196628097514214
71b156919b185254d3948e61264937954b65e556e35cb7c14f0cd61ca254aa0d,2025,10,0.19170665455660274
71c29af71f9e87db5395b943b6a0c6be1ac6adc1380a2d751248515b5e45e725,2025,5,0.018526404026784557
71c29af71f9e87db5395b943b6a0c6be1ac6adc1380a2d751248515b5e45e725,2025,6,0.015279774904543473
71c29af71f9e87db5395b943b6a0c6be1ac6adc1380a2d751248515b5e45e725,2025,7,0.01690191770775666
71c29af71f9e87db5395b943b6a0c6be1ac6adc1380a2d751248515b5e45e725,2025,8,0.019084769931762124
71c29af71f9e87db5395b943b6a0c6be1ac6adc1380a2d751248515b5e45e725,2025,9,0.012647763495453303
71c29af71f9e87db5395b943b6a0c6be1ac6adc1380a2d751248515b5e45e725,2025,10,0.02840995467353813
71e933de062f206b3c75ab7e2f85d8cbcad40c0e2be9c9f6f041d73f0e8349e1,2025,5,0.3813081919484433
71e933de062f206b3c75ab7e2f85d8cbcad40c0e2be9c9f6f041d73f0e8349e1,2025,9,0.40494465270142876
71e933de062f206b3c75ab7e2f85d8cbcad40c0e2be9c9f6f041d73f0e8349e1,2025,10,0.4281113405220998
72405c0889bc08c89d6d69113c6f63e65732cad88b75a6977cd2f6082ee33985,2025,5,0.049999614170234026
72405c0889bc08c89d6d69113c6f63e65732cad88b75a6977cd2f6082ee33985,2025,6,0.02808932405245082
72405c0889bc08c89d6d69113c6f63e65732cad88b75a6977cd2f6082ee33985,2025,7,0.02864351073555854
72405c0889bc08c89d6d69113c6f63e65732cad88b75a6977cd2f6082ee33985,2025,8,0.027659160671142963
72405c0889bc08c89d6d69113c6f63e65732cad88b75a6977cd2f6082ee33985,2025,9,0.030257365802433024
72405c0889bc08c89d6d69113c6f63e65732cad88b75a6977cd2f6082ee33985,2025,10,0.08759783658192055
73144ae467ce94f9c8520c90777099ffc84121445df3c5e80e3bc5a503faf4cb,2025,5,0.07912051923147384
73144ae467ce94f9c8520c90777099ffc84121445df3c5e80e3bc5a503faf4cb,2025,6,0.028588903273428577
73144ae467ce94f9c8520c90777099ffc84121445df3c5e80e3bc5a503faf4cb,2025,7,0.020072706413240757
73144ae467ce94f9c8520c90777099ffc84121445df3c5e80e3bc5a503faf4cb,2025,8,0.021863489538136913
73144ae467ce94f9c8520c90777099ffc84121445df3c5e80e3bc5a503faf4cb,2025,9,0.02355445106923656
73144ae467ce94f9c8520c90777099ffc84121445df3c5e80e3bc5a503faf4cb,2025,10,0.06659441914693107
74c4c9731fb6623ddfd21d43eae848b41a7a2726f0eaf8c8ca77a6760b53f7e0,2025,5,0.04819967783171121
74c4c9731fb6623ddfd21d43eae848b41a7a2726f0eaf8c8ca77a6760b53f7e0,2025,6,0.05867711899943936
74c4c9731fb6623ddfd21d43eae848b41a7a2726f0eaf8c8ca77a6760b53f7e0,2025,7,0.05542120562136334
74c4c9731fb6623ddfd21d43eae848b41a7a2726f0eaf8c8ca77a6760b53f7e0,2025,8,0.05656821763558918
74c4c9731fb6623ddfd21d43eae848b41a7a2726f0eaf8c8ca77a6760b53f7e0,2025,9,0.05344388051472107
74c4c9731fb6623ddfd21d43eae848b41a7a2726f0eaf8c8ca77a6760b53f7e0,2025,10,0.07095733863637455
74c808200b3dca1c5a41ab4253d38db83a58ad8919b2af77c1067286eb46c05a,2025,5,0.028001524218561086
74c808200b3dca1c5a41ab4253d38db83a58ad8919b2af77c1067286eb46c05a,2025,6,0.027871501869642833
74c808200b3dca1c5a41ab4253d38db83a58ad8919b2af77c1067286eb46c05a,2025,7,0.02856396033563705
74c808200b3dca1c5a41ab4253d38db83a58ad8919b2af77c1067286eb46c05a,2025,8,0.026086476578504818
74c808200b3dca1c5a41ab4253d38db83a58ad8919b2af77c1067286eb46c05a,2025,9,0.019464754395470053
74c808200b3dca1c5a41ab4253d38db83a58ad8919b2af77c1067286eb46c05a,2025,10,0.03396172241268505
74e55ff2c60ee88175a5f91249c06e4c427b01c4f98d882bca16de659d884db9,2025,5,0.03242767348231945
74e55ff2c60ee88175a5f91249c06e4c427b01c4f98d882bca16de659d884db9,2025,6,0.02240116018696716
74e55ff2c60ee88175a5f91249c06e4c427b01c4f98d882bca16de659d884db9,2025,7,0.021809491314515234
74e55ff2c60ee88175a5f91249c06e4c427b01c4f98d882bca16de659d884db9,2025,8,0.02452635527157574
74e55ff2c60ee88175a5f91249c06e4c427b01c4f98d882bca16de659d884db9,2025,9,0.027612488362432512
74e55ff2c60ee88175a5f91249c06e4c427b01c4f98d882bca16de659d884db9,2025,10,0.03715788968623082
74e98c12be3c126527211e699149b6dcde1262a402bfede71c6de4fdf82821df,2025,5,0.027343349499361465
74e98c12be3c126527211e699149b6dcde1262a402bfede71c6de4fdf82821df,2025,6,0.013422480480619742
74e98c12be3c126527211e699149b6dcde1262a402bfede71c6de4fdf82821df,2025,7,0.010458693953606348
74e98c12be3c126527211e699149b6dcde1262a402bfede71c6de4fdf82821df,2025,8,0.01358515159077099
74e98c12be3c126527211e699149b6dcde1262a402bfede71c6de4fdf82821df,2025,9,0.014474530101451596
74e98c12be3c126527211e699149b6dcde1262a402bfede71c6de4fdf82821df,2025,10,0.03892086163066855
7527d67e80c036d9aa28cd5d772268ed4334ccfd41641b489a8e6f84b80fda9c,2025,5,0.1775652956953823
7527d67e80c036d9aa28cd5d772268ed4334ccfd41641b489a8e6f84b80fda9c,2025,6,0.16466844720048207
7527d67e80c036d9aa28cd5d772268ed4334ccfd41641b489a8e6f84b80fda9c,2025,8,0.13803112307447724
7527d67e80c036d9aa28cd5d772268ed4334ccfd41641b489a8e6f84b80fda9c,2025,9,0.10597793711960424
7527d67e80c036d9aa28cd5d772268ed4334ccfd41641b489a8e6f84b80fda9c,2025,10,0.30963823099144566
75b0cf86a6aa154310ce9d05bc92be21e08d2a000bffa3c428398017a462a9c4,2025,5,0.12834994872124703
75b0cf86a6aa154310ce9d05bc92be21e08d2a000bffa3c428398017a462a9c4,2025,6,0.1304592649360831
75b0cf86a6aa154310ce9d05bc92be21e08d2a000bffa3c428398017a462a9c4,2025,7,0.1258710493068692
75b0cf86a6aa154310ce9d05bc92be21e08d2a000bffa3c428398017a462a9c4,2025,8,0.12404111343581302
75b0cf86a6aa154310ce9d05bc92be21e08d2a000bffa3c428398017a462a9c4,2025,9,0.10548879791914095
75b0cf86a6aa154310ce9d05bc92be21e08d2a000bffa3c428398017a462a9c4,2025,10,0.20626318958101386
76326c158c33a93160207835b621299a9ad72efb7c97fddd42912b13c8e634a1,2025,5,0.05250231830136477
76326c158c33a93160207835b621299a9ad72efb7c97fddd42912b13c8e634a1,2025,6,0.046271032690964366
76326c158c33a93160207835b621299a9ad72efb7c97fddd42912b13c8e634a1,2025,7,0.04216837475402009
76326c158c33a93160207835b621299a9ad72efb7c97fddd42912b13c8e634a1,2025,8,0.045345498523042205
76326c158c33a93160207835b621299a9ad72efb7c97fddd42912b13c8e634a1,2025,9,0.045094093144404906
76326c158c33a93160207835b621299a9ad72efb7c97fddd42912b13c8e634a1,2025,10,0.08207947629072102
76727470e47156895ef493f602b1ad673cba245e483a74edaba1455f61acad7d,2025,5,0.048483729265854106
76727470e47156895ef493f602b1ad673cba245e483a74edaba1455f61acad7d,2025,6,0.028774565533944536
76727470e47156895ef493f602b1ad673cba245e483a74edaba1455f61acad7d,2025,7,0.039817490120821294
76727470e47156895ef493f602b1ad673cba245e483a74edaba1455f61acad7d,2025,8,0.035290236064488376
76727470e47156895ef493f602b1ad673cba245e483a74edaba1455f61acad7d,2025,9,0.043980308764195286
76727470e47156895ef493f602b1ad673cba245e483a74edaba1455f61acad7d,2025,10,0.09087153724128116
77132faa98c1a4b2bd1cc58d88cfc4a3204d2669a26c0fd547d7135a633273ef,2025,5,0.06041362097282188
77132faa98c1a4b2bd1cc58d88cfc4a3204d2669a26c0fd547d7135a633273ef,2025,6,0.040510367797113894
77132faa98c1a4b2bd1cc58d88cfc4a3204d2669a26c0fd547d7135a633273ef,2025,7,0.03403207043209037
77132faa98c1a4b2bd1cc58d88cfc4a3204d2669a26c0fd547d7135a633273ef,2025,8,0.03717797995911393
77132faa98c1a4b2bd1cc58d88cfc4a3204d2669a26c0fd547d7135a633273ef,2025,9,0.03745603736311827
77132faa98c1a4b2bd1cc58d88cfc4a3204d2669a26c0fd547d7135a633273ef,2025,10,0.07651224472891793
77463e0dcdf0b3652f57698ef8200ec1d0f3749b526d8d846f09b53cac08bbd3,2025,5,0.054303797188599005
77463e0dcdf0b3652f57698ef8200ec1d0f3749b526d8d846f09b53cac08bbd3,2025,6,0.03654003860850223
77463e0dcdf0b3652f57698ef8200ec1d0f3749b526d8d846f09b53cac08bbd3,2025,7,0.039027252210802985
77463e0dcdf0b3652f57698ef8200ec1d0f3749b526d8d846f09b53cac08bbd3,2025,8,0.03812232589860895
77463e0dcdf0b3652f57698ef8200ec1d0f3749b526d8d846f09b53cac08bbd3,2025,9,0.04090602249753772
77463e0dcdf0b3652f57698ef8200ec1d0f3749b526d8d846f09b53cac08bbd3,2025,10,0.07764376984184083
778843daebfb8b05af553da99db7801fac6e67639e2de5f268278334082deb69,2025,5,0.03285525845402586
778843daebfb8b05af553da99db7801fac6e67639e2de5f268278334082deb69,2025,6,0.015102387800469632
778843daebfb8b05af553da99db7801fac6e67639e2de5f268278334082deb69,2025,7,0.01659101325186387
778843daebfb8b05af553da99db7801fac6e67639e2de5f268278334082deb69,2025,8,0.015732947523928432
778843daebfb8b05af553da99db7801fac6e67639e2de5f268278334082deb69,2025,9,0.007301037808680113
778843daebfb8b05af553da99db7801fac6e67639e2de5f268278334082deb69,2025,10,0.04143639744275966
783742b60984c6acfc4e39a54232b05ae629d44cca7aeea1cb68d1d3303a5a1d,2025,5,0.044026956585033805
783742b60984c6acfc4e39a54232b05ae629d44cca7aeea1cb68d1d3303a5a1d,2025,6,0.025362763548819924
783742b60984c6acfc4e39a54232b05ae629d44cca7aeea1cb68d1d3303a5a1d,2025,7,0.027848196178654777
783742b60984c6acfc4e39a54232b05ae629d44cca7aeea1cb68d1d3303a5a1d,2025,8,0.0310128742704295
783742b60984c6acfc4e39a54232b05ae629d44cca7aeea1cb68d1d3303a5a1d,2025,9,0.030083868381246603
783742b60984c6acfc4e39a54232b05ae629d44cca7aeea1cb68d1d3303a5a1d,2025,10,0.09968260141692703
7926fe030fb4a9c8772d2b9627671d76c51bfc6037a643fab829d720c54bc4cf,2025,5,0.10408131155571362
7926fe030fb4a9c8772d2b9627671d76c51bfc6037a643fab829d720c54bc4cf,2025,6,0.07066132110880294
7926fe030fb4a9c8772d2b9627671d76c51bfc6037a643fab829d720c54bc4cf,2025,7,0.07167566211774926
7926fe030fb4a9c8772d2b9627671d76c51bfc6037a643fab829d720c54bc4cf,2025,8,0.07340292565794186
7926fe030fb4a9c8772d2b9627671d76c51bfc6037a643fab829d720c54bc4cf,2025,9,0.08090282405069893
7926fe030fb4a9c8772d2b9627671d76c51bfc6037a643fab829d720c54bc4cf,2025,10,0.14904209249700012
798754d7dfb241c31f5e6b0e6ccd08ce0239f6f642db5cf13dd21242cedbaae6,2025,5,0.15433862901261997
798754d7dfb241c31f5e6b0e6ccd08ce0239f6f642db5cf13dd21242cedbaae6,2025,6,0.142172393405466
798754d7dfb241c31f5e6b0e6ccd08ce0239f6f642db5cf13dd21242cedbaae6,2025,7,0.14610562091253104
798754d7dfb241c31f5e6b0e6ccd08ce0239f6f642db5cf13dd21242cedbaae6,2025,8,0.14693258097500228
798754d7dfb241c31f5e6b0e6ccd08ce0239f6f642db5cf13dd21242cedbaae6,2025,9,0.14084686735167906
798754d7dfb241c31f5e6b0e6ccd08ce0239f6f642db5cf13dd21242cedbaae6,2025,10,0.2324164843127622
799352e4a8d866c56181661e2bc421fb2b0488a1f2ad851bd8c5cd63e4577b96,2025,5,0.012631518449328583
799352e4a8d866c56181661e2bc421fb2b0488a1f2ad851bd8c5cd63e4577b96,2025,6,0.02063837682003497
799352e4a8d866c56181661e2bc421fb2b0488a1f2ad851bd8c5cd63e4577b96,2025,7,0.017752217933642792
799352e4a8d866c56181661e2bc421fb2b0488a1f2ad851bd8c5cd63e4577b96,2025,8,0.014612947731626701
799352e4a8d866c56181661e2bc421fb2b0488a1f2ad851bd8c5cd63e4577b96,2025,9,0.006843235696336159
799352e4a8d866c56181661e2bc421fb2b0488a1f2ad851bd8c5cd63e4577b96,2025,10,0.011076890076577316
7a28f140111e10487016375f2680453048e722e6801ee8f7b67bc1853272cc40,2025,5,0.033584989837640834
7a28f140111e10487016375f2680453048e722e6801ee8f7b67bc1853272cc40,2025,6,0.03867318472047678
7a28f140111e10487016375f2680453048e722e6801ee8f7b67bc1853272cc40,2025,7,0.04652583438350504
7a28f140111e10487016375f2680453048e722e6801ee8f7b67bc1853272cc40,2025,8,0.04538866133028311
7a28f140111e10487016375f2680453048e722e6801ee8f7b67bc1853272cc40,2025,9,0.037084814170957645
7a28f140111e10487016375f2680453048e722e6801ee8f7b67bc1853272cc40,2025,10,0.04769353990327836
7a8e8d84b96b97dbe98b4b98be67614cee0619f74d00f80aa5590481be1cc73f,2025,5,0.05094491786644706
7a8e8d84b96b97dbe98b4b98be67614cee0619f74d00f80aa5590481be1cc73f,2025,6,0.02950426532462995
7a8e8d84b96b97dbe98b4b98be67614cee0619f74d00f80aa5590481be1cc73f,2025,7,0.037728593494084674
7a8e8d84b96b97dbe98b4b98be67614cee0619f74d00f80aa5590481be1cc73f,2025,8,0.03661517089263595
7a8e8d84b96b97dbe98b4b98be67614cee0619f74d00f80aa5590481be1cc73f,2025,9,0.033593192191173
7a8e8d84b96b97dbe98b4b98be67614cee0619f74d00f80aa5590481be1cc73f,2025,10,0.0808653137435168
7ab3ecb4748facf74ff376eba5a42870e796da85593e79b733a6bda8fe1c222c,2025,5,0.027513263760776757
7ab3ecb4748facf74ff376eba5a42870e796da85593e79b733a6bda8fe1c222c,2025,6,0.03219514744422287
7ab3ecb4748facf74ff376eba5a42870e796da85593e79b733a6bda8fe1c222c,2025,7,0.03768464673385041
7ab3ecb4748facf74ff376eba5a42870e796da85593e79b733a6bda8fe1c222c,2025,8,0.03622411820736046
7ab3ecb4748facf74ff376eba5a42870e796da85593e79b733a6bda8fe1c222c,2025,9,0.024826400069766892
7ab3ecb4748facf74ff376eba5a42870e796da85593e79b733a6bda8fe1c222c,2025,10,0.05415301329355596
7b7114f4a20dccaa21ff15b69110d7b3910b5246e14491420402079ef91a28b1,2025,5,0.019770895587298755
7b7114f4a20dccaa21ff15b69110d7b3910b5246e14491420402079ef91a28b1,2025,6,0.017946161952935493
7b7114f4a20dccaa21ff15b69110d7b3910b5246e14491420402079ef91a28b1,2025,7,0.013758220611139984
7b7114f4a20dccaa21ff15b69110d7b3910b5246e14491420402079ef91a28b1,2025,8,0.035841119343579975
7b7114f4a20dccaa21ff15b69110d7b3910b5246e14491420402079ef91a28b1,2025,9,0.05626151253545719
7b7114f4a20dccaa21ff15b69110d7b3910b5246e14491420402079ef91a28b1,2025,10,0.13705636216193548
7c4e789fc31408835cddd6a194bc4ff2e1e02bad1b356b0c32b42ac8f5629c26,2025,5,0.09945986748070851
7c4e789fc31408835cddd6a194bc4ff2e1e02bad1b356b0c32b42ac8f5629c26,2025,6,0.09015764667473256
7c4e789fc31408835cddd6a194bc4ff2e1e02bad1b356b0c32b42ac8f5629c26,2025,7,0.0896901947831636
7c4e789fc31408835cddd6a194bc4ff2e1e02bad1b356b0c32b42ac8f5629c26,2025,8,0.09292439018096221
7c4e789fc31408835cddd6a194bc4ff2e1e02bad1b356b0c32b42ac8f5629c26,2025,9,0.0817664975112563
7c4e789fc31408835cddd6a194bc4ff2e1e02bad1b356b0c32b42ac8f5629c26,2025,10,0.10545855296093998
7c7d3d311a4ad9a7d9b2484f3814b18a9ce7b24891abe0c3e1b44f3549e04a3d,2025,5,0.04017419007003245
7c7d3d311a4ad9a7d9b2484f3814b18a9ce7b24891abe0c3e1b44f3549e04a3d,2025,6,0.027795370041314528
7c7d3d311a4ad9a7d9b2484f3814b18a9ce7b24891abe0c3e1b44f3549e04a3d,2025,7,0.022300179023403612
7c7d3d311a4ad9a7d9b2484f3814b18a9ce7b24891abe0c3e1b44f3549e04a3d,2025,8,0.03234241373699301
7c7d3d311a4ad9a7d9b2484f3814b18a9ce7b24891abe0c3e1b44f3549e04a3d,2025,9,0.030644634064523127
7c7d3d311a4ad9a7d9b2484f3814b18a9ce7b24891abe0c3e1b44f3549e04a3d,2025,10,0.05352473010017303
7d333bba6e72fe40b6c2f160b1ff9077f95645ff17712434189e96dcefb0294c,2025,5,0.03856098453639496
7d333bba6e72fe40b6c2f160b1ff9077f95645ff17712434189e96dcefb0294c,2025,6,0.030002495234280765
7d333bba6e72fe40b6c2f160b1ff9077f95645ff17712434189e96dcefb0294c,2025,7,0.03383238984901675
7d333bba6e72fe40b6c2f160b1ff9077f95645ff17712434189e96dcefb0294c,2025,8,0.03058969610337515
7d333bba6e72fe40b6c2f160b1ff9077f95645ff17712434189e96dcefb0294c,2025,9,0.028093408350049982
7d333bba6e72fe40b6c2f160b1ff9077f95645ff17712434189e96dcefb0294c,2025,10,0.057210597400766665
7d4d5dacfe6113d7b214710e1c6bb6abee4614b755e3c2a30f0d7bce4c14974a,2025,5,0.06470784995873016
7d4d5dacfe6113d7b214710e1c6bb6abee4614b755e3c2a30f0d7bce4c14974a,2025,6,0.04299999840457132
7d4d5dacfe6113d7b214710e1c6bb6abee4614b755e3c2a30f0d7bce4c14974a,2025,7,0.05096930364826234
7d4d5dacfe6113d7b214710e1c6bb6abee4614b755e3c2a30f0d7bce4c14974a,2025,8,0.04420801860564899
7d4d5dacfe6113d7b214710e1c6bb6abee4614b755e3c2a30f0d7bce4c14974a,2025,9,0.04575116537030391
7d4d5dacfe6113d7b214710e1c6bb6abee4614b755e3c2a30f0d7bce4c14974a,2025,10,0.07765277830735884
7d557fb0dc303b20765be8f5f6401b4dd439e617f895f1277009db211cd7aa46,2025,5,0.028879897562332897
7d557fb0dc303b20765be8f5f6401b4dd439e617f895f1277009db211cd7aa46,2025,6,0.01672745725283145
7d557fb0dc303b20765be8f5f6401b4dd439e617f895f1277009db211cd7aa46,2025,7,0.016950662256986403
7d557fb0dc303b20765be8f5f6401b4dd439e617f895f1277009db211cd7aa46,2025,8,0.01293946050868213
7d557fb0dc303b20765be8f5f6401b4dd439e617f895f1277009db211cd7aa46,2025,9,0.015178228882928633
7d557fb0dc303b20765be8f5f6401b4dd439e617f895f1277009db211cd7aa46,2025,10,0.0457678052296598
7d8a27dfcfd65ced529ba5a27bc6f0030841dc589a00e37d09de069bfa3f57b0,2025,5,0.09178092343733216
7d8a27dfcfd65ced529ba5a27bc6f0030841dc589a00e37d09de069bfa3f57b0,2025,6,0.059384735295353486
7d8a27dfcfd65ced529ba5a27bc6f0030841dc589a00e37d09de069bfa3f57b0,2025,7,0.06183000554760071
7d8a27dfcfd65ced529ba5a27bc6f0030841dc589a00e37d09de069bfa3f57b0,2025,8,0.05611399503142053
7d8a27dfcfd65ced529ba5a27bc6f0030841dc589a00e37d09de069bfa3f57b0,2025,9,0.06266003737734464
7d8a27dfcfd65ced529ba5a27bc6f0030841dc589a00e37d09de069bfa3f57b0,2025,10,0.11370052220792025
7dbf1f9d109b8c4b211083d05adc023271a157f6ab1342e58c5ac9835cb84c06,2025,5,0.045175253622484104
7dbf1f9d109b8c4b211083d05adc023271a157f6ab1342e58c5ac9835cb84c06,2025,6,0.019109825672288798
7dbf1f9d109b8c4b211083d05adc023271a157f6ab1342e58c5ac9835cb84c06,2025,7,0.026403053790117714
7dbf1f9d109b8c4b211083d05adc023271a157f6ab1342e58c5ac9835cb84c06,2025,8,0.02307186717707019
7dbf1f9d109b8c4b211083d05adc023271a157f6ab1342e58c5ac9835cb84c06,2025,9,0.02653500605337157
7dbf1f9d109b8c4b211083d05adc023271a157f6ab1342e58c5ac9835cb84c06,2025,10,0.07676193233236248
7e28613b2925f829d27ac3eb9ce8acbafcfe8d0d1b8773289266e40e6738cbd7,2025,5,0.07904798945856975
7e28613b2925f829d27ac3eb9ce8acbafcfe8d0d1b8773289266e40e6738cbd7,2025,6,0.041497727997625106
7e28613b2925f829d27ac3eb9ce8acbafcfe8d0d1b8773289266e40e6738cbd7,2025,7,0.04026317535249978
7e28613b2925f829d27ac3eb9ce8acbafcfe8d0d1b8773289266e40e6738cbd7,2025,8,0.04402198055646652
7e28613b2925f829d27ac3eb9ce8acbafcfe8d0d1b8773289266e40e6738cbd7,2025,9,0.058896189769518756
7e28613b2925f829d27ac3eb9ce8acbafcfe8d0d1b8773289266e40e6738cbd7,2025,10,0.1064068533537412
7e89f8a4a897a02fc8e21d76309a3a1bc43e488e053f17421376eb8765103579,2025,5,0.07167241053436549
7e89f8a4a897a02fc8e21d76309a3a1bc43e488e053f17421376eb8765103579,2025,6,0.03918822453150292
7e89f8a4a897a02fc8e21d76309a3a1bc43e488e053f17421376eb8765103579,2025,7,0.05729305228578015
7e89f8a4a897a02fc8e21d76309a3a1bc43e488e053f17421376eb8765103579,2025,8,0.049296054596019025
7e89f8a4a897a02fc8e21d76309a3a1bc43e488e053f17421376eb8765103579,2025,9,0.044883475792363486
7e89f8a4a897a02fc8e21d76309a3a1bc43e488e053f17421376eb8765103579,2025,10,0.046273110450543116
7f52cbc6657a81dd0e04c9b907dcef84a48f54f195b2c9b367e5bcd5e2fc06b9,2025,5,0.012865784503642817
7f52cbc6657a81dd0e04c9b907dcef84a48f54f195b2c9b367e5bcd5e2fc06b9,2025,6,0.02316869629736596
7f52cbc6657a81dd0e04c9b907dcef84a48f54f195b2c9b367e5bcd5e2fc06b9,2025,7,0.023173474987750662
7f52cbc6657a81dd0e04c9b907dcef84a48f54f195b2c9b367e5bcd5e2fc06b9,2025,8,0.021660257232611013
7f52cbc6657a81dd0e04c9b907dcef84a48f54f195b2c9b367e5bcd5e2fc06b9,2025,9,0.015094988873022522
7f52cbc6657a81dd0e04c9b907dcef84a48f54f195b2c9b367e5bcd5e2fc06b9,2025,10,0.04824474656272193
8085fa2b1728040014e39862db4a4653804460b021aa8f3db01cb6abcba3d908,2025,5,0.032836037685867514
8085fa2b1728040014e39862db4a4653804460b021aa8f3db01cb6abcba3d908,2025,6,0.02913105935938518
8085fa2b1728040014e39862db4a4653804460b021aa8f3db01cb6abcba3d908,2025,7,0.02629232948759645
8085fa2b1728040014e39862db4a4653804460b021aa8f3db01cb6abcba3d908,2025,8,0.029131057457026918
8085fa2b1728040014e39862db4a4653804460b021aa8f3db01cb6abcba3d908,2025,9,0.028457169229938486
8085fa2b1728040014e39862db4a4653804460b021aa8f3db01cb6abcba3d908,2025,10,0.03958557481369482
80ee5b30b70748dc1f5f04e11bbd78507012ab29acb18384596f6a5f1c0039a2,2025,5,0.03023254449024484
80ee5b30b70748dc1f5f04e11bbd78507012ab29acb18384596f6a5f1c0039a2,2025,6,0.022225837182605443
80ee5b30b70748dc1f5f04e11bbd78507012ab29acb18384596f6a5f1c0039a2,2025,7,0.02425835433489461
80ee5b30b70748dc1f5f04e11bbd78507012ab29acb18384596f6a5f1c0039a2,2025,8,0.02134249520010719
80ee5b30b70748dc1f5f04e11bbd78507012ab29acb18384596f6a5f1c0039a2,2025,9,0.021493009858392417
80ee5b30b70748dc1f5f04e11bbd78507012ab29acb18384596f6a5f1c0039a2,2025,10,0.04999402127063053
80fcd0b666af54fda2ce5c8b811f92276aad2e749cf27a3453f4a50a0a71d0a4,2025,5,0.07651340901809814
80fcd0b666af54fda2ce5c8b811f92276aad2e749cf27a3453f4a50a0a71d0a4,2025,6,0.059192958834648673
80fcd0b666af54fda2ce5c8b811f92276aad2e749cf27a3453f4a50a0a71d0a4,2025,7,0.060410804705803234
80fcd0b666af54fda2ce5c8b811f92276aad2e749cf27a3453f4a50a0a71d0a4,2025,8,0.05905939388985881
80fcd0b666af54fda2ce5c8b811f92276aad2e749cf27a3453f4a50a0a71d0a4,2025,9,0.053623476005924486
80fcd0b666af54fda2ce5c8b811f92276aad2e749cf27a3453f4a50a0a71d0a4,2025,10,0.09281884103068952
81329600569bf120917a69e054527cc7c73f37ca433ffd39bed6e6b54fbed4c2,2025,5,0.15088532788822032
81329600569bf120917a69e054527cc7c73f37ca433ffd39bed6e6b54fbed4c2,2025,6,0.15462457254979486
81329600569bf120917a69e054527cc7c73f37ca433ffd39bed6e6b54fbed4c2,2025,7,0.16110934504552665
81329600569bf120917a69e054527cc7c73f37ca433ffd39bed6e6b54fbed4c2,2025,8,0.16010957761589345
81329600569bf120917a69e054527cc7c73f37ca433ffd39bed6e6b54fbed4c2,2025,9,0.1546337570226423
81329600569bf120917a69e054527cc7c73f37ca433ffd39bed6e6b54fbed4c2,2025,10,0.23384196870084228
81a635b7fd0cf0ba59169e6237be4dd28cf778f0710a5e1dba3cbdc051d02687,2025,5,0.029502438550383432
81a635b7fd0cf0ba59169e6237be4dd28cf778f0710a5e1dba3cbdc051d02687,2025,6,0.03534563812054477
81a635b7fd0cf0ba59169e6237be4dd28cf778f0710a5e1dba3cbdc051d02687,2025,7,0.031662932728267756
81a635b7fd0cf0ba59169e6237be4dd28cf778f0710a5e1dba3cbdc051d02687,2025,8,0.03896333758404252
81a635b7fd0cf0ba59169e6237be4dd28cf778f0710a5e1dba3cbdc051d02687,2025,9,0.03713721799291306
81a635b7fd0cf0ba59169e6237be4dd28cf778f0710a5e1dba3cbdc051d02687,2025,10,0.03327053255009964
81f94661a92ac53370bce5a144cbc6c46135c14b877f23cb9d9cd0907be1c9ad,2025,5,0.0140210567717316
81f94661a92ac53370bce5a144cbc6c46135c14b877f23cb9d9cd0907be1c9ad,2025,6,0.012871890745503068
81f94661a92ac53370bce5a144cbc6c46135c14b877f23cb9d9cd0907be1c9ad,2025,7,0.019169794291179397
81f94661a92ac53370bce5a144cbc6c46135c14b877f23cb9d9cd0907be1c9ad,2025,8,0.025441065416954296
81f94661a92ac53370bce5a144cbc6c46135c14b877f23cb9d9cd0907be1c9ad,2025,9,0.013871744611832635
81f94661a92ac53370bce5a144cbc6c46135c14b877f23cb9d9cd0907be1c9ad,2025,10,0.026336550320293653
82155ec5ad0940f39252ebe778ea5d867af2d67e4c6f56404e6ec6ff11e4e4b4,2025,5,0.04236839187653442
82155ec5ad0940f39252ebe778ea5d867af2d67e4c6f56404e6ec6ff11e4e4b4,2025,6,0.023620815377791968
82155ec5ad0940f39252ebe778ea5d867af2d67e4c6f56404e6ec6ff11e4e4b4,2025,7,0.025225599224340672
82155ec5ad0940f39252ebe778ea5d867af2d67e4c6f56404e6ec6ff11e4e4b4,2025,8,0.021040997065580776
82155ec5ad0940f39252ebe778ea5d867af2d67e4c6f56404e6ec6ff11e4e4b4,2025,9,0.019462892494296485
82155ec5ad0940f39252ebe778ea5d867af2d67e4c6f56404e6ec6ff11e4e4b4,2025,10,0.05815229585609995
82891cccfcd3e537164bdb544456e3f535def6f5c4dd2cb73a58c6c0ef11c406,2025,5,0.10249810778446855
82891cccfcd3e537164bdb544456e3f535def6f5c4dd2cb73a58c6c0ef11c406,2025,6,0.06197617866126844
82891cccfcd3e537164bdb544456e3f535def6f5c4dd2cb73a58c6c0ef11c406,2025,7,0.06391324319704689
82891cccfcd3e537164bdb544456e3f535def6f5c4dd2cb73a58c6c0ef11c406,2025,8,0.06259256540558322
82891cccfcd3e537164bdb544456e3f535def6f5c4dd2cb73a58c6c0ef11c406,2025,9,0.06126779885957785
82891cccfcd3e537164bdb544456e3f535def6f5c4dd2cb73a58c6c0ef11c406,2025,10,0.18051505890323805
82ef0388ee68b8d4b4f94d722988b171998496146a56f0bcbab0e11a94f7c751,2025,5,0.04277950052084431
82ef0388ee68b8d4b4f94d722988b171998496146a56f0bcbab0e11a94f7c751,2025,6,0.04274148988332817
82ef0388ee68b8d4b4f94d722988b171998496146a56f0bcbab0e11a94f7c751,2025,7,0.04437437235357502
82ef0388ee68b8d4b4f94d722988b171998496146a56f0bcbab0e11a94f7c751,2025,8,0.039942922485335264
82ef0388ee68b8d4b4f94d722988b171998496146a56f0bcbab0e11a94f7c751,2025,9,0.031582072371846126
82ef0388ee68b8d4b4f94d722988b171998496146a56f0bcbab0e11a94f7c751,2025,10,0.05650457679400549
830deb718671ae706d4ad5965316b59c9447ab6158a59c0e22b21465c3465169,2025,5,0.24700812967437694
830deb718671ae706d4ad5965316b59c9447ab6158a59c0e22b21465c3465169,2025,6,0.08759139418643005
830deb718671ae706d4ad5965316b59c9447ab6158a59c0e22b21465c3465169,2025,7,0.08550727205910974
830deb718671ae706d4ad5965316b59c9447ab6158a59c0e22b21465c3465169,2025,8,0.0862540189223053
830deb718671ae706d4ad5965316b59c9447ab6158a59c0e22b21465c3465169,2025,9,0.10535448506833725
830deb718671ae706d4ad5965316b59c9447ab6158a59c0e22b21465c3465169,2025,10,0.23221775005611905
836f073d005018cab5dba8c34b11866446648fc96304bd2c51b3a10daa25c69a,2025,5,0.07115263078885872
836f073d005018cab5dba8c34b11866446648fc96304bd2c51b3a10daa25c69a,2025,6,0.03993940060971676
836f073d005018cab5dba8c34b11866446648fc96304bd2c51b3a10daa25c69a,2025,7,0.04387073290492475
836f073d005018cab5dba8c34b11866446648fc96304bd2c51b3a10daa25c69a,2025,8,0.04685724282477988
836f073d005018cab5dba8c34b11866446648fc96304bd2c51b3a10daa25c69a,2025,9,0.0633319838245384
836f073d005018cab5dba8c34b11866446648fc96304bd2c51b3a10daa25c69a,2025,10,0.09104227658974554
84088011a5445196a0d121760f03c4b58b7f357eb2342604f34b471efde637a6,2025,5,0.005518372433730996
84088011a5445196a0d121760f03c4b58b7f357eb2342604f34b471efde637a6,2025,6,0.019469804936615515
84088011a5445196a0d121760f03c4b58b7f357eb2342604f34b471efde637a6,2025,7,0.021127030517147146
84088011a5445196a0d121760f03c4b58b7f357eb2342604f34b471efde637a6,2025,8,0.016360666324221156
84088011a5445196a0d121760f03c4b58b7f357eb2342604f34b471efde637a6,2025,9,0.017156630045077954
84088011a5445196a0d121760f03c4b58b7f357eb2342604f34b471efde637a6,2025,10,0.006889817344571134
8433bdbeb21722fba87b9d2ab2b572c87c5a8c2672243d92cf9ad5db29fb27af,2025,5,0.056734547471807825
8433bdbeb21722fba87b9d2ab2b572c87c5a8c2672243d92cf9ad5db29fb27af,2025,6,0.045093302442454186
8433bdbeb21722fba87b9d2ab2b572c87c5a8c2672243d92cf9ad5db29fb27af,2025,7,0.03850802433212133
8433bdbeb21722fba87b9d2ab2b572c87c5a8c2672243d92cf9ad5db29fb27af,2025,8,0.04222393996612381
8433bdbeb21722fba87b9d2ab2b572c87c5a8c2672243d92cf9ad5db29fb27af,2025,9,0.04286212270449268
8433bdbeb21722fba87b9d2ab2b572c87c5a8c2672243d92cf9ad5db29fb27af,2025,10,0.0704429326291392
8485db42c24af4edc81c722e9f9d22fe8be5cc77da4ec80a1f3260bf87e436c5,2025,5,0.038167156124360835
8485db42c24af4edc81c722e9f9d22fe8be5cc77da4ec80a1f3260bf87e436c5,2025,6,0.017736440467571855
8485db42c24af4edc81c722e9f9d22fe8be5cc77da4ec80a1f3260bf87e436c5,2025,7,0.017261234699126292
8485db42c24af4edc81c722e9f9d22fe8be5cc77da4ec80a1f3260bf87e436c5,2025,8,0.018169892838358896
8485db42c24af4edc81c722e9f9d22fe8be5cc77da4ec80a1f3260bf87e436c5,2025,9,0.015101614946496469
8485db42c24af4edc81c722e9f9d22fe8be5cc77da4ec80a1f3260bf87e436c5,2025,10,0.04531983238010888
848d46cbf1fa6046f2be1ef3df5455b4edea2e1aace909f1e9f2013035e06afa,2025,5,0.030245686447669326
848d46cbf1fa6046f2be1ef3df5455b4edea2e1aace909f1e9f2013035e06afa,2025,6,0.0182379079290466
848d46cbf1fa6046f2be1ef3df5455b4edea2e1aace909f1e9f2013035e06afa,2025,7,0.020543413192165724
848d46cbf1fa6046f2be1ef3df5455b4edea2e1aace909f1e9f2013035e06afa,2025,8,0.019134766189548676
848d46cbf1fa6046f2be1ef3df5455b4edea2e1aace909f1e9f2013035e06afa,2025,9,0.024631158654616098
848d46cbf1fa6046f2be1ef3df5455b4edea2e1aace909f1e9f2013035e06afa,2025,10,0.04158269788557677
851c4764aec28bb45c6926f142f52221643b44c40e40db7369b33e471c1ce911,2025,5,0.12737946547040196
851c4764aec28bb45c6926f142f52221643b44c40e40db7369b33e471c1ce911,2025,6,0.12297008347600673
851c4764aec28bb45c6926f142f52221643b44c40e40db7369b33e471c1ce911,2025,7,0.12480735372644171
851c4764aec28bb45c6926f142f52221643b44c40e40db7369b33e471c1ce911,2025,8,0.12056656052953911
851c4764aec28bb45c6926f142f52221643b44c40e40db7369b33e471c1ce911,2025,9,0.11236158644052174
851c4764aec28bb45c6926f142f52221643b44c40e40db7369b33e471c1ce911,2025,10,0.1614950179844864
85d1c5bb5d78773fe8cf3dd25df08cfd0dae749349879b570a3ea6fc638dfcd8,2025,5,0.04124305621541412
85d1c5bb5d78773fe8cf3dd25df08cfd0dae749349879b570a3ea6fc638dfcd8,2025,6,0.02815665805400238
85d1c5bb5d78773fe8cf3dd25df08cfd0dae749349879b570a3ea6fc638dfcd8,2025,7,0.023716521770856057
85d1c5bb5d78773fe8cf3dd25df08cfd0dae749349879b570a3ea6fc638dfcd8,2025,8,0.028618361541420043
85d1c5bb5d78773fe8cf3dd25df08cfd0dae749349879b570a3ea6fc638dfcd8,2025,9,0.030844657733251894
85d1c5bb5d78773fe8cf3dd25df08cfd0dae749349879b570a3ea6fc638dfcd8,2025,10,0.04765551959663307
8610c3c6f79a7ee379a6021d5e1cbd5c8da63dfbbd641ed874bf020ee2bd222a,2025,5,0.142721080538174
8610c3c6f79a7ee379a6021d5e1cbd5c8da63dfbbd641ed874bf020ee2bd222a,2025,6,0.10920129526628342
8610c3c6f79a7ee379a6021d5e1cbd5c8da63dfbbd641ed874bf020ee2bd222a,2025,7,0.11872123954388095
8610c3c6f79a7ee379a6021d5e1cbd5c8da63dfbbd641ed874bf020ee2bd222a,2025,8,0.11486686647775474
8610c3c6f79a7ee379a6021d5e1cbd5c8da63dfbbd641ed874bf020ee2bd222a,2025,9,0.132594723312422
8610c3c6f79a7ee379a6021d5e1cbd5c8da63dfbbd641ed874bf020ee2bd222a,2025,10,0.2172515742822366
86df9ecd74bcea02a3a00e713e391bd45d11a32281de57652442df2d3052548c,2025,5,0.06159872541238069
86df9ecd74bcea02a3a00e713e391bd45d11a32281de57652442df2d3052548c,2025,6,0.05234104216972767
86df9ecd74bcea02a3a00e713e391bd45d11a32281de57652442df2d3052548c,2025,7,0.0501971036538517
86df9ecd74bcea02a3a00e713e391bd45d11a32281de57652442df2d3052548c,2025,8,0.05056558546743442
86df9ecd74bcea02a3a00e713e391bd45d11a32281de57652442df2d3052548c,2025,9,0.038996748282958925
86df9ecd74bcea02a3a00e713e391bd45d11a32281de57652442df2d3052548c,2025,10,0.07648148574838612
87077566d8c7a23eefc015de590d0f4459ed54fede583d0fa4a72fc94ba0610d,2025,5,0.08038479261156718
87077566d8c7a23eefc015de590d0f4459ed54fede583d0fa4a72fc94ba0610d,2025,6,0.02420156810922312
87077566d8c7a23eefc015de590d0f4459ed54fede583d0fa4a72fc94ba0610d,2025,7,0.03277394754547703
87077566d8c7a23eefc015de590d0f4459ed54fede583d0fa4a72fc94ba0610d,2025,8,0.02967625723515746
87077566d8c7a23eefc015de590d0f4459ed54fede583d0fa4a72fc94ba0610d,2025,9,0.028272025388417533
87077566d8c7a23eefc015de590d0f4459ed54fede583d0fa4a72fc94ba0610d,2025,10,0.1004701659831414
8721996c036dcca5223d33295e214836d1e575d0ea332abffd811a5a7dcc1a59,2025,5,0.06344417452974475
8721996c036dcca5223d33295e214836d1e575d0ea332abffd811a5a7dcc1a59,2025,6,0.07514311120398726
8721996c036dcca5223d33295e214836d1e575d0ea332abffd811a5a7dcc1a59,2025,7,0.0723997961357231
8721996c036dcca5223d33295e214836d1e575d0ea332abffd811a5a7dcc1a59,2025,8,0.07575930397497495
8721996c036dcca5223d33295e214836d1e575d0ea332abffd811a5a7dcc1a59,2025,9,0.06519658296711628
8721996c036dcca5223d33295e214836d1e575d0ea332abffd811a5a7dcc1a59,2025,10,0.06406787455266316
87d4f48b07ca4cf08972b5568c4455137ff1f367a0b22369540d06f971ec0912,2025,5,0.016114900542587518
87d4f48b07ca4cf08972b5568c4455137ff1f367a0b22369540d06f971ec0912,2025,6,0.01597783609871458
87d4f48b07ca4cf08972b5568c4455137ff1f367a0b22369540d06f971ec0912,2025,7,0.01913539013095356
87d4f48b07ca4cf08972b5568c4455137ff1f367a0b22369540d06f971ec0912,2025,8,0.016402004869372152
87d4f48b07ca4cf08972b5568c4455137ff1f367a0b22369540d06f971ec0912,2025,9,0.013988411823647946
87d4f48b07ca4cf08972b5568c4455137ff1f367a0b22369540d06f971ec0912,2025,10,0.021685554585965244
87fe31c01844105e2f6b7c62517825ed7f721465b2bfc5c38aec38ef274f1961,2025,5,0.020815383835801827
87fe31c01844105e2f6b7c62517825ed7f721465b2bfc5c38aec38ef274f1961,2025,6,0.023539360440000094
87fe31c01844105e2f6b7c62517825ed7f721465b2bfc5c38aec38ef274f1961,2025,7,0.02115718818846076
87fe31c01844105e2f6b7c62517825ed7f721465b2bfc5c38aec38ef274f1961,2025,8,0.020315678442109325
87fe31c01844105e2f6b7c62517825ed7f721465b2bfc5c38aec38ef274f1961,2025,9,0.01905025602093568
87fe31c01844105e2f6b7c62517825ed7f721465b2bfc5c38aec38ef274f1961,2025,10,0.032591104936700685
882f119ffc7fae6dbf06488b196a1b2d438bb0374177536a677fb8e14e2778fb,2025,5,0.02651361934965018
882f119ffc7fae6dbf06488b196a1b2d438bb0374177536a677fb8e14e2778fb,2025,6,0.018150010376069857
882f119ffc7fae6dbf06488b196a1b2d438bb0374177536a677fb8e14e2778fb,2025,7,0.02535236028176118
882f119ffc7fae6dbf06488b196a1b2d438bb0374177536a677fb8e14e2778fb,2025,8,0.018912599009908382
882f119ffc7fae6dbf06488b196a1b2d438bb0374177536a677fb8e14e2778fb,2025,9,0.017328865607736298
882f119ffc7fae6dbf06488b196a1b2d438bb0374177536a677fb8e14e2778fb,2025,10,0.056218774729073814
884a4ba105c92c2022cf8e35ce5be843fbed06bbaf12e65e07ccdeeb2841bf64,2025,5,0.053263765975137725
884a4ba105c92c2022cf8e35ce5be843fbed06bbaf12e65e07ccdeeb2841bf64,2025,6,0.03934619779543561
884a4ba105c92c2022cf8e35ce5be843fbed06bbaf12e65e07ccdeeb2841bf64,2025,7,0.039400914660986115
884a4ba105c92c2022cf8e35ce5be843fbed06bbaf12e65e07ccdeeb2841bf64,2025,8,0.035547587312036125
884a4ba105c92c2022cf8e35ce5be843fbed06bbaf12e65e07ccdeeb2841bf64,2025,9,0.02893965893478722
884a4ba105c92c2022cf8e35ce5be843fbed06bbaf12e65e07ccdeeb2841bf64,2025,10,0.06035500285104739
89fa9f3445cbe7e97d5bdfaf70b0b47b15dcd123fbbe4bbf7668755eb124fce7,2025,5,0.03208971122732604
89fa9f3445cbe7e97d5bdfaf70b0b47b15dcd123fbbe4bbf7668755eb124fce7,2025,6,0.04449525750644199
89fa9f3445cbe7e97d5bdfaf70b0b47b15dcd123fbbe4bbf7668755eb124fce7,2025,7,0.049249195767048934
89fa9f3445cbe7e97d5bdfaf70b0b47b15dcd123fbbe4bbf7668755eb124fce7,2025,8,0.04499247443557239
89fa9f3445cbe7e97d5bdfaf70b0b47b15dcd123fbbe4bbf7668755eb124fce7,2025,9,0.04218681779310572
89fa9f3445cbe7e97d5bdfaf70b0b47b15dcd123fbbe4bbf7668755eb124fce7,2025,10,0.021855450267066076
8a5e4d375f7dc1f526f9ab58d8abbd0c94aa10114cc32052ea100eb2b0b3110f,2025,5,0.0972139185167972
8a5e4d375f7dc1f526f9ab58d8abbd0c94aa10114cc32052ea100eb2b0b3110f,2025,6,0.06625105764892575
8a5e4d375f7dc1f526f9ab58d8abbd0c94aa10114cc32052ea100eb2b0b3110f,2025,7,0.0624478936813208
8a5e4d375f7dc1f526f9ab58d8abbd0c94aa10114cc32052ea100eb2b0b3110f,2025,8,0.07634335867869013
8a5e4d375f7dc1f526f9ab58d8abbd0c94aa10114cc32052ea100eb2b0b3110f,2025,9,0.06971919379734176
8a5e4d375f7dc1f526f9ab58d8abbd0c94aa10114cc32052ea100eb2b0b3110f,2025,10,0.1432499953361088
8a7075007898e838b4d60378b99a0494076e0235eef8d74ffb67ac9eaa37c632,2025,5,0.04589111599205245
8a7075007898e838b4d60378b99a0494076e0235eef8d74ffb67ac9eaa37c632,2025,6,0.014814676772402644
8a7075007898e838b4d60378b99a0494076e0235eef8d74ffb67ac9eaa37c632,2025,7,0.017068493446920355
8a7075007898e838b4d60378b99a0494076e0235eef8d74ffb67ac9eaa37c632,2025,8,0.016297110537651815
8a7075007898e838b4d60378b99a0494076e0235eef8d74ffb67ac9eaa37c632,2025,9,0.015953921603172386
8a7075007898e838b4d60378b99a0494076e0235eef8d74ffb67ac9eaa37c632,2025,10,0.02389242115808217
8afcdbb643a722b76be0c76297cef9df2642c5d0c6c29513475996f2add953aa,2025,5,0.036354526261679815
8afcdbb643a722b76be0c76297cef9df2642c5d0c6c29513475996f2add953aa,2025,6,0.018892841924895386
8afcdbb643a722b76be0c76297cef9df2642c5d0c6c29513475996f2add953aa,2025,7,0.01931298545356734
8afcdbb643a722b76be0c76297cef9df2642c5d0c6c29513475996f2add953aa,2025,8,0.022480254998071575
8afcdbb643a722b76be0c76297cef9df2642c5d0c6c29513475996f2add953aa,2025,9,0.024146641056541095
8afcdbb643a722b76be0c76297cef9df2642c5d0c6c29513475996f2add953aa,2025,10,0.0469596717485318
8b2de4ed5a0c1a537f2ac9b0f3088ec3a0bef64805f4a6be4f823cc53c3a0750,2025,5,0.01800962883570973
8b2de4ed5a0c1a537f2ac9b0f3088ec3a0bef64805f4a6be4f823cc53c3a0750,2025,6,0.017588092086994918
8b2de4ed5a0c1a537f2ac9b0f3088ec3a0bef64805f4a6be4f823cc53c3a0750,2025,7,0.021940938536204796
8b2de4ed5a0c1a537f2ac9b0f3088ec3a0bef64805f4a6be4f823cc53c3a0750,2025,8,0.019861891807242585
8b2de4ed5a0c1a537f2ac9b0f3088ec3a0bef64805f4a6be4f823cc53c3a0750,2025,9,0.013172009948925218
8b2de4ed5a0c1a537f2ac9b0f3088ec3a0bef64805f4a6be4f823cc53c3a0750,2025,10,0.024148283409338868
8b940fb8b78eddf960dbd5026201f431b7e6c998444858d42b9d16c118849bcc,2025,5,0.05697063734897402
8b940fb8b78eddf960dbd5026201f431b7e6c998444858d42b9d16c118849bcc,2025,6,0.03757591374977484
8b940fb8b78eddf960dbd5026201f431b7e6c998444858d42b9d16c118849bcc,2025,7,0.03678607707778988
8b940fb8b78eddf960dbd5026201f431b7e6c998444858d42b9d16c118849bcc,2025,8,0.03383113751494793
8b940fb8b78eddf960dbd5026201f431b7e6c998444858d42b9d16c118849bcc,2025,9,0.032097332137192965
8b940fb8b78eddf960dbd5026201f431b7e6c998444858d42b9d16c118849bcc,2025,10,0.11304298142817917
8bb04c45bab48601fb733cc5e2796657096fc30c9d8d651c59bd7fbf3f6fbf8d,2025,5,0.03294666450808954
8bb04c45bab48601fb733cc5e2796657096fc30c9d8d651c59bd7fbf3f6fbf8d,2025,6,0.019213688526180783
8bb04c45bab48601fb733cc5e2796657096fc30c9d8d651c59bd7fbf3f6fbf8d,2025,7,0.020502899669958018
8bb04c45bab48601fb733cc5e2796657096fc30c9d8d651c59bd7fbf3f6fbf8d,2025,8,0.01829234449726585
8bb04c45bab48601fb733cc5e2796657096fc30c9d8d651c59bd7fbf3f6fbf8d,2025,9,0.01768119092724265
8bb04c45bab48601fb733cc5e2796657096fc30c9d8d651c59bd7fbf3f6fbf8d,2025,10,0.053940906988302506
8c24ffa8d5f665711287280168acf9e8c2a971d118ca50e3da5b638d33f867dc,2025,5,0.044776742118965374
8c24ffa8d5f665711287280168acf9e8c2a971d118ca50e3da5b638d33f867dc,2025,6,0.03370697180652413
8c24ffa8d5f665711287280168acf9e8c2a971d118ca50e3da5b638d33f867dc,2025,7,0.034156292230388505
8c24ffa8d5f665711287280168acf9e8c2a971d118ca50e3da5b638d33f867dc,2025,8,0.02748858431068843
8c24ffa8d5f665711287280168acf9e8c2a971d118ca50e3da5b638d33f867dc,2025,9,0.035346362529267525
8c24ffa8d5f665711287280168acf9e8c2a971d118ca50e3da5b638d33f867dc,2025,10,0.08034863789791899
8c42ab318fdbd97583a88225adea8f69ef9158f054213498924cf7d79b714757,2025,5,0.057523295478213235
8c42ab318fdbd97583a88225adea8f69ef9158f054213498924cf7d79b714757,2025,6,0.0292211531798817
8c42ab318fdbd97583a88225adea8f69ef9158f054213498924cf7d79b714757,2025,7,0.026388979473821468
8c42ab318fdbd97583a88225adea8f69ef9158f054213498924cf7d79b714757,2025,8,0.029982727693412422
8c42ab318fdbd97583a88225adea8f69ef9158f054213498924cf7d79b714757,2025,9,0.034945464366305606
8c42ab318fdbd97583a88225adea8f69ef9158f054213498924cf7d79b714757,2025,10,0.09252996557711157
8c872721bc8525814ad8ec0ae7bbcd09be4da55b1c93c33e360eaa4b82ac608f,2025,5,0.03194351182585389
8c872721bc8525814ad8ec0ae7bbcd09be4da55b1c93c33e360eaa4b82ac608f,2025,6,0.03217528089670891
8c872721bc8525814ad8ec0ae7bbcd09be4da55b1c93c33e360eaa4b82ac608f,2025,7,0.032735450532099274
8c872721bc8525814ad8ec0ae7bbcd09be4da55b1c93c33e360eaa4b82ac608f,2025,8,0.03189690110345563
8c872721bc8525814ad8ec0ae7bbcd09be4da55b1c93c33e360eaa4b82ac608f,2025,9,0.03073643281903188
8c872721bc8525814ad8ec0ae7bbcd09be4da55b1c93c33e360eaa4b82ac608f,2025,10,0.07546644966582676
8d0e8fca04595dc54b813d58afe65358b0706f2cf2a4baf52cb9eee8579d5f68,2025,5,0.2042623483589781
8d0e8fca04595dc54b813d58afe65358b0706f2cf2a4baf52cb9eee8579d5f68,2025,7,0.14163243614066837
8d0e8fca04595dc54b813d58afe65358b0706f2cf2a4baf52cb9eee8579d5f68,2025,8,0.1408695235146126
8d0e8fca04595dc54b813d58afe65358b0706f2cf2a4baf52cb9eee8579d5f68,2025,9,0.14273384426513588
8d0e8fca04595dc54b813d58afe65358b0706f2cf2a4baf52cb9eee8579d5f68,2025,10,0.24750021252759702
8da8db61492f10a095483cb461b60d9a99358045b6a1996230b469015f08c93c,2025,5,0.06982695196501276
8da8db61492f10a095483cb461b60d9a99358045b6a1996230b469015f08c93c,2025,6,0.026601206635292102
8da8db61492f10a095483cb461b60d9a99358045b6a1996230b469015f08c93c,2025,7,0.03797535981390185
8da8db61492f10a095483cb461b60d9a99358045b6a1996230b469015f08c93c,2025,8,0.03974785146651304
8da8db61492f10a095483cb461b60d9a99358045b6a1996230b469015f08c93c,2025,9,0.06447117381982878
8da8db61492f10a095483cb461b60d9a99358045b6a1996230b469015f08c93c,2025,10,0.11437660931137072
8dbcf79959941f46205681e840149b92d81e0d2772768cef86ec12f81e985dcb,2025,5,0.052938573616059345
8dbcf79959941f46205681e840149b92d81e0d2772768cef86ec12f81e985dcb,2025,6,0.034722272956446074
8dbcf79959941f46205681e840149b92d81e0d2772768cef86ec12f81e985dcb,2025,8,0.0187300360050029
8dbcf79959941f46205681e840149b92d81e0d2772768cef86ec12f81e985dcb,2025,9,0.04743833345154196
8dbcf79959941f46205681e840149b92d81e0d2772768cef86ec12f81e985dcb,2025,10,0.08649180524470323
8e8927635d8b096b01db328425a04ca07f9a9f82a1226ca581b493ce7ee97b7a,2025,5,0.013795892231026896
8e8927635d8b096b01db328425a04ca07f9a9f82a1226ca581b493ce7ee97b7a,2025,6,0.021273267397302398
8e8927635d8b096b01db328425a04ca07f9a9f82a1226ca581b493ce7ee97b7a,2025,7,0.0269936621613221
8e8927635d8b096b01db328425a04ca07f9a9f82a1226ca581b493ce7ee97b7a,2025,8,0.023436035254100995
8e8927635d8b096b01db328425a04ca07f9a9f82a1226ca581b493ce7ee97b7a,2025,9,0.015830417048904845
8e8927635d8b096b01db328425a04ca07f9a9f82a1226ca581b493ce7ee97b7a,2025,10,0.01612055589034658
8eb20ad555ad9b4a7b20dfa68a27966efc9aa7a2acdb588c9855a1bb02251428,2025,5,0.1076831072133216
8eb20ad555ad9b4a7b20dfa68a27966efc9aa7a2acdb588c9855a1bb02251428,2025,6,0.061805596648485936
8eb20ad555ad9b4a7b20dfa68a27966efc9aa7a2acdb588c9855a1bb02251428,2025,7,0.06932373933903681
8eb20ad555ad9b4a7b20dfa68a27966efc9aa7a2acdb588c9855a1bb02251428,2025,8,0.06441171347341211
8eb20ad555ad9b4a7b20dfa68a27966efc9aa7a2acdb588c9855a1bb02251428,2025,9,0.07713251112326908
8eb20ad555ad9b4a7b20dfa68a27966efc9aa7a2acdb588c9855a1bb02251428,2025,10,0.15754552589815857
8ec51680758c9b98c7e1d0cfbf59a889ccc92a781c1bbe5ed14d19d01161745e,2025,5,0.03965298358741018
8ec51680758c9b98c7e1d0cfbf59a889ccc92a781c1bbe5ed14d19d01161745e,2025,6,0.026172533536370883
8ec51680758c9b98c7e1d0cfbf59a889ccc92a781c1bbe5ed14d19d01161745e,2025,7,0.024797242215149735
8ec51680758c9b98c7e1d0cfbf59a889ccc92a781c1bbe5ed14d19d01161745e,2025,8,0.02089164351862622
8ec51680758c9b98c7e1d0cfbf59a889ccc92a781c1bbe5ed14d19d01161745e,2025,9,0.026319015404380107
8ec51680758c9b98c7e1d0cfbf59a889ccc92a781c1bbe5ed14d19d01161745e,2025,10,0.045136604777582925
8eec8250480b57138ce52d2502b2e704ab55a67e966ef4d8483490f65ce2e185,2025,5,0.015784066379651903
8eec8250480b57138ce52d2502b2e704ab55a67e966ef4d8483490f65ce2e185,2025,6,0.012079537019087117
8eec8250480b57138ce52d2502b2e704ab55a67e966ef4d8483490f65ce2e185,2025,7,0.04066154098856456
8eec8250480b57138ce52d2502b2e704ab55a67e966ef4d8483490f65ce2e185,2025,10,0.007956086650886804
8f5fc10e102027696d808c845ecfdbd79a5197a6372a5e6ab5a4688a33064001,2025,5,0.055702681398985945
8f5fc10e102027696d808c845ecfdbd79a5197a6372a5e6ab5a4688a33064001,2025,6,0.05576792827811625
8f5fc10e102027696d808c845ecfdbd79a5197a6372a5e6ab5a4688a33064001,2025,7,0.06100701130925573
8f5fc10e102027696d808c845ecfdbd79a5197a6372a5e6ab5a4688a33064001,2025,8,0.05891710728231821
8f5fc10e102027696d808c845ecfdbd79a5197a6372a5e6ab5a4688a33064001,2025,9,0.047164251563994466
8f5fc10e102027696d808c845ecfdbd79a5197a6372a5e6ab5a4688a33064001,2025,10,0.085409844887181
8f7425a2facbce1dd6c1d1d3cbcbf2c7056c12566e0974307ac878536498d196,2025,5,0.04144667450855635
8f7425a2facbce1dd6c1d1d3cbcbf2c7056c12566e0974307ac878536498d196,2025,6,0.01780504507303965
8f7425a2facbce1dd6c1d1d3cbcbf2c7056c12566e0974307ac878536498d196,2025,7,0.020994107414570574
8f7425a2facbce1dd6c1d1d3cbcbf2c7056c12566e0974307ac878536498d196,2025,8,0.018411293565770454
8f7425a2facbce1dd6c1d1d3cbcbf2c7056c12566e0974307ac878536498d196,2025,9,0.022718084534296953
8f7425a2facbce1dd6c1d1d3cbcbf2c7056c12566e0974307ac878536498d196,2025,10,0.06488169716535971
8fa8da384822ef47da21f2ce985c6dd81b4298fa982b4e7bf1873adfde8d554a,2025,5,0.06136246981142406
8fa8da384822ef47da21f2ce985c6dd81b4298fa982b4e7bf1873adfde8d554a,2025,6,0.04988380185092668
8fa8da384822ef47da21f2ce985c6dd81b4298fa982b4e7bf1873adfde8d554a,2025,7,0.027198661493361042
8fa8da384822ef47da21f2ce985c6dd81b4298fa982b4e7bf1873adfde8d554a,2025,8,0.0315662611936334
8fa8da384822ef47da21f2ce985c6dd81b4298fa982b4e7bf1873adfde8d554a,2025,9,0.04480107038652178
8fa8da384822ef47da21f2ce985c6dd81b4298fa982b4e7bf1873adfde8d554a,2025,10,0.06683137981738774
8fc50b80a0f13aff7fa6bfdfd70155df2c050872fe6f640ba6db379bfec2f67b,2025,5,0.047015839051933045
8fc50b80a0f13aff7fa6bfdfd70155df2c050872fe6f640ba6db379bfec2f67b,2025,6,0.05118906606024618
8fc50b80a0f13aff7fa6bfdfd70155df2c050872fe6f640ba6db379bfec2f67b,2025,7,0.0377267388596845
8fc50b80a0f13aff7fa6bfdfd70155df2c050872fe6f640ba6db379bfec2f67b,2025,8,0.046259627048620994
8fc50b80a0f13aff7fa6bfdfd70155df2c050872fe6f640ba6db379bfec2f67b,2025,9,0.03629143870532856
8fc50b80a0f13aff7fa6bfdfd70155df2c050872fe6f640ba6db379bfec2f67b,2025,10,0.06925052825288175
9020d74cfc53a2caed885b6d6c8f95474aa7a5ad02569e4bfc778ec75e7559c4,2025,5,0.011050352580938358
9020d74cfc53a2caed885b6d6c8f95474aa7a5ad02569e4bfc778ec75e7559c4,2025,6,0.010029088798458732
9020d74cfc53a2caed885b6d6c8f95474aa7a5ad02569e4bfc778ec75e7559c4,2025,7,0.011999616387273072
9020d74cfc53a2caed885b6d6c8f95474aa7a5ad02569e4bfc778ec75e7559c4,2025,8,0.010550994783037497
9020d74cfc53a2caed885b6d6c8f95474aa7a5ad02569e4bfc778ec75e7559c4,2025,9,0.007935223505719763
9020d74cfc53a2caed885b6d6c8f95474aa7a5ad02569e4bfc778ec75e7559c4,2025,10,0.013093099104113763
90618b8c15ff47d173421da1a64eae95dc1584bb86c7289d4a210b2cb7d7cbbe,2025,5,0.12003489584367953
90618b8c15ff47d173421da1a64eae95dc1584bb86c7289d4a210b2cb7d7cbbe,2025,6,0.08889076274861467
90618b8c15ff47d173421da1a64eae95dc1584bb86c7289d4a210b2cb7d7cbbe,2025,7,0.0919985059175476
90618b8c15ff47d173421da1a64eae95dc1584bb86c7289d4a210b2cb7d7cbbe,2025,8,0.08437017214533574
90618b8c15ff47d173421da1a64eae95dc1584bb86c7289d4a210b2cb7d7cbbe,2025,9,0.08700517756533108
90618b8c15ff47d173421da1a64eae95dc1584bb86c7289d4a210b2cb7d7cbbe,2025,10,0.15304022274457915
91271dfcff8505336f8e98b848e6adb02695c88aeeb5ee8a8efe6ed11332cd09,2025,5,0.003217281542640482
91271dfcff8505336f8e98b848e6adb02695c88aeeb5ee8a8efe6ed11332cd09,2025,6,0.0021715395742456043
91271dfcff8505336f8e98b848e6adb02695c88aeeb5ee8a8efe6ed11332cd09,2025,7,0.01110965173799489
91271dfcff8505336f8e98b848e6adb02695c88aeeb5ee8a8efe6ed11332cd09,2025,8,0.0043136315775183
91271dfcff8505336f8e98b848e6adb02695c88aeeb5ee8a8efe6ed11332cd09,2025,9,0.0030472099920874286
91271dfcff8505336f8e98b848e6adb02695c88aeeb5ee8a8efe6ed11332cd09,2025,10,0.013874897217570945
91359fa9a66735679d86a3f28ec7a12916988ab4e980c1c64f0cda446065b198,2025,5,0.051378890339178904
91359fa9a66735679d86a3f28ec7a12916988ab4e980c1c64f0cda446065b198,2025,6,0.02673448784573312
91359fa9a66735679d86a3f28ec7a12916988ab4e980c1c64f0cda446065b198,2025,7,0.026505445439137548
91359fa9a66735679d86a3f28ec7a12916988ab4e980c1c64f0cda446065b198,2025,8,0.02486772165351219
91359fa9a66735679d86a3f28ec7a12916988ab4e980c1c64f0cda446065b198,2025,9,0.02228477052555415
91359fa9a66735679d86a3f28ec7a12916988ab4e980c1c64f0cda446065b198,2025,10,0.05941368757177016
914a2c3929dedb0fa04fa84d3eb443540fe3820dcf86cb3ef8bbb47fb0006101,2025,5,0.06767167802268803
914a2c3929dedb0fa04fa84d3eb443540fe3820dcf86cb3ef8bbb47fb0006101,2025,6,0.04778959249713108
914a2c3929dedb0fa04fa84d3eb443540fe3820dcf86cb3ef8bbb47fb0006101,2025,7,0.04316285184553943
914a2c3929dedb0fa04fa84d3eb443540fe3820dcf86cb3ef8bbb47fb0006101,2025,8,0.04292548960217442
914a2c3929dedb0fa04fa84d3eb443540fe3820dcf86cb3ef8bbb47fb0006101,2025,9,0.05271928036142304
914a2c3929dedb0fa04fa84d3eb443540fe3820dcf86cb3ef8bbb47fb0006101,2025,10,0.10756343591518326
915b66859b83ebf269117b1f1164dd621dd97899bdde69dbd90dee3b4958adb4,2025,5,0.042685109015887776
915b66859b83ebf269117b1f1164dd621dd97899bdde69dbd90dee3b4958adb4,2025,6,0.01875353092023837
915b66859b83ebf269117b1f1164dd621dd97899bdde69dbd90dee3b4958adb4,2025,7,0.018928973827841658
915b66859b83ebf269117b1f1164dd621dd97899bdde69dbd90dee3b4958adb4,2025,8,0.014538102101689435
915b66859b83ebf269117b1f1164dd621dd97899bdde69dbd90dee3b4958adb4,2025,9,0.022156561074571646
915b66859b83ebf269117b1f1164dd621dd97899bdde69dbd90dee3b4958adb4,2025,10,0.051826227518045234
92edd7dda3afab5147e1e42e46b7f4c3baf3aaef7c92a9085ac6df384bf06d35,2025,5,0.025461617802564902
92edd7dda3afab5147e1e42e46b7f4c3baf3aaef7c92a9085ac6df384bf06d35,2025,6,0.014664315848151737
92edd7dda3afab5147e1e42e46b7f4c3baf3aaef7c92a9085ac6df384bf06d35,2025,7,0.02791573525791063
92edd7dda3afab5147e1e42e46b7f4c3baf3aaef7c92a9085ac6df384bf06d35,2025,8,0.027099639515102768
92edd7dda3afab5147e1e42e46b7f4c3baf3aaef7c92a9085ac6df384bf06d35,2025,9,0.01960585245017121
92edd7dda3afab5147e1e42e46b7f4c3baf3aaef7c92a9085ac6df384bf06d35,2025,10,0.02646932625603429
93994583a213359d175a517cecd0a77ce5d37e9d4d91b5a1965f037bb218cafc,2025,5,0.010045784898292855
93994583a213359d175a517cecd0a77ce5d37e9d4d91b5a1965f037bb218cafc,2025,6,0.009145478486678568
93994583a213359d175a517cecd0a77ce5d37e9d4d91b5a1965f037bb218cafc,2025,7,0.010402824776985778
93994583a213359d175a517cecd0a77ce5d37e9d4d91b5a1965f037bb218cafc,2025,8,0.010160846690455007
93994583a213359d175a517cecd0a77ce5d37e9d4d91b5a1965f037bb218cafc,2025,9,0.005302103345383896
93994583a213359d175a517cecd0a77ce5d37e9d4d91b5a1965f037bb218cafc,2025,10,0.00891892358134538
93ad1e23564ab23c59364911c75955fcb23050e4a32d99b2062b1bd994354db0,2025,5,0.052060796814899765
93ad1e23564ab23c59364911c75955fcb23050e4a32d99b2062b1bd994354db0,2025,6,0.030203088789779106
93ad1e23564ab23c59364911c75955fcb23050e4a32d99b2062b1bd994354db0,2025,7,0.03007380997618162
93ad1e23564ab23c59364911c75955fcb23050e4a32d99b2062b1bd994354db0,2025,8,0.028404083253851492
93ad1e23564ab23c59364911c75955fcb23050e4a32d99b2062b1bd994354db0,2025,9,0.03577502399261781
93ad1e23564ab23c59364911c75955fcb23050e4a32d99b2062b1bd994354db0,2025,10,0.07832425874766791
9479dd76e74cbfbfad11a3900be9799061405347e158a1d91f9400b0793b3695,2025,5,0.054365080300635193
9479dd76e74cbfbfad11a3900be9799061405347e158a1d91f9400b0793b3695,2025,6,0.03647038024347276
9479dd76e74cbfbfad11a3900be9799061405347e158a1d91f9400b0793b3695,2025,7,0.027821395230427134
9479dd76e74cbfbfad11a3900be9799061405347e158a1d91f9400b0793b3695,2025,8,0.03240805372843642
9479dd76e74cbfbfad11a3900be9799061405347e158a1d91f9400b0793b3695,2025,9,0.029408160469353038
9479dd76e74cbfbfad11a3900be9799061405347e158a1d91f9400b0793b3695,2025,10,0.05439967582815078
948af1e02703a676e3cec85891e700667e47ad4eaa716ec02200d78f61f9ae2d,2025,5,0.04242082610823354
948af1e02703a676e3cec85891e700667e47ad4eaa716ec02200d78f61f9ae2d,2025,6,0.03256652957097904
948af1e02703a676e3cec85891e700667e47ad4eaa716ec02200d78f61f9ae2d,2025,7,0.046672418193601226
948af1e02703a676e3cec85891e700667e47ad4eaa716ec02200d78f61f9ae2d,2025,8,0.0302712011217369
948af1e02703a676e3cec85891e700667e47ad4eaa716ec02200d78f61f9ae2d,2025,9,0.031244091747056134
948af1e02703a676e3cec85891e700667e47ad4eaa716ec02200d78f61f9ae2d,2025,10,0.05135873974849808
94beb94fa6b41b953653c02fa14e63f04ca9ca33fafc3dc33cf6dcb97563c2eb,2025,5,0.0404110779044694
94beb94fa6b41b953653c02fa14e63f04ca9ca33fafc3dc33cf6dcb97563c2eb,2025,6,0.03536150837398712
94beb94fa6b41b953653c02fa14e63f04ca9ca33fafc3dc33cf6dcb97563c2eb,2025,7,0.03596872464657396
94beb94fa6b41b953653c02fa14e63f04ca9ca33fafc3dc33cf6dcb97563c2eb,2025,8,0.03423477229680626
94beb94fa6b41b953653c02fa14e63f04ca9ca33fafc3dc33cf6dcb97563c2eb,2025,9,0.03205006919260415
94beb94fa6b41b953653c02fa14e63f04ca9ca33fafc3dc33cf6dcb97563c2eb,2025,10,0.054010043344557515
9711fe8bb9113e897738d66c4dfd3c35e36ffe8fbdd76469305503a0980b48b4,2025,5,0.06364164098944997
9711fe8bb9113e897738d66c4dfd3c35e36ffe8fbdd76469305503a0980b48b4,2025,6,0.03166293592066802
9711fe8bb9113e897738d66c4dfd3c35e36ffe8fbdd76469305503a0980b48b4,2025,7,0.033904016230483267
9711fe8bb9113e897738d66c4dfd3c35e36ffe8fbdd76469305503a0980b48b4,2025,8,0.030502558120066366
9711fe8bb9113e897738d66c4dfd3c35e36ffe8fbdd76469305503a0980b48b4,2025,9,0.03826131326265918
9711fe8bb9113e897738d66c4dfd3c35e36ffe8fbdd76469305503a0980b48b4,2025,10,0.08181855167505124
97502d2649bf0c80a7f2f2f33824491349da81e3bd57d048f32e9b4a8c455a02,2025,5,0.06429792274553217
97502d2649bf0c80a7f2f2f33824491349da81e3bd57d048f32e9b4a8c455a02,2025,6,0.06153790628424874
97502d2649bf0c80a7f2f2f33824491349da81e3bd57d048f32e9b4a8c455a02,2025,7,0.059144119951007754
97502d2649bf0c80a7f2f2f33824491349da81e3bd57d048f32e9b4a8c455a02,2025,8,0.05823717258783247
97502d2649bf0c80a7f2f2f33824491349da81e3bd57d048f32e9b4a8c455a02,2025,9,0.054331956123656544
97502d2649bf0c80a7f2f2f33824491349da81e3bd57d048f32e9b4a8c455a02,2025,10,0.07832490948109935
97caf03b948cfdc0559e4d0698fcca0f5613b4358213d13f7d6a959896ef183d,2025,5,0.045045848949147774
97caf03b948cfdc0559e4d0698fcca0f5613b4358213d13f7d6a959896ef183d,2025,6,0.05110632136193145
97caf03b948cfdc0559e4d0698fcca0f5613b4358213d13f7d6a959896ef183d,2025,7,0.028519410796122975
97caf03b948cfdc0559e4d0698fcca0f5613b4358213d13f7d6a959896ef183d,2025,8,0.024834019368563227
97caf03b948cfdc0559e4d0698fcca0f5613b4358213d13f7d6a959896ef183d,2025,9,0.03218446020549906
97caf03b948cfdc0559e4d0698fcca0f5613b4358213d13f7d6a959896ef183d,2025,10,0.07329486471953271
9836b6354391c6892c17b1d7e36230d122fb5f5c5b741044e00bbed4335a1596,2025,6,0.027334257009341376
9836b6354391c6892c17b1d7e36230d122fb5f5c5b741044e00bbed4335a1596,2025,7,0.03408671785810129
9836b6354391c6892c17b1d7e36230d122fb5f5c5b741044e00bbed4335a1596,2025,8,0.027834714195601358
98805955713adb3f453ca0546fda4c7cb09fc02631cb02ee7985931b9ab239b5,2025,5,0.13294586006147735
98805955713adb3f453ca0546fda4c7cb09fc02631cb02ee7985931b9ab239b5,2025,6,0.11321781316030374
98805955713adb3f453ca0546fda4c7cb09fc02631cb02ee7985931b9ab239b5,2025,7,0.12303495009300663
98805955713adb3f453ca0546fda4c7cb09fc02631cb02ee7985931b9ab239b5,2025,8,0.11182962767594945
98805955713adb3f453ca0546fda4c7cb09fc02631cb02ee7985931b9ab239b5,2025,9,0.10411461056435117
98805955713adb3f453ca0546fda4c7cb09fc02631cb02ee7985931b9ab239b5,2025,10,0.20428608616436017
98a57b57501e851063684121ee8f1a59eb75739202b75d4fdb94e5f9b2f94142,2025,5,0.0555798528537039
98a57b57501e851063684121ee8f1a59eb75739202b75d4fdb94e5f9b2f94142,2025,6,0.049678564861043675
98a57b57501e851063684121ee8f1a59eb75739202b75d4fdb94e5f9b2f94142,2025,7,0.053204656886297566
98a57b57501e851063684121ee8f1a59eb75739202b75d4fdb94e5f9b2f94142,2025,8,0.05071677550655278
98a57b57501e851063684121ee8f1a59eb75739202b75d4fdb94e5f9b2f94142,2025,9,0.047754149265211765
98a57b57501e851063684121ee8f1a59eb75739202b75d4fdb94e5f9b2f94142,2025,10,0.09332043513610702
98cca12d1d7fefe024a10b867c0612443fb3e6e8b92c1a2aead45e8e4222c2f1,2025,5,0.019111377832806073
98cca12d1d7fefe024a10b867c0612443fb3e6e8b92c1a2aead45e8e4222c2f1,2025,6,0.022812328230118032
98cca12d1d7fefe024a10b867c0612443fb3e6e8b92c1a2aead45e8e4222c2f1,2025,7,0.01512424014384895
98cca12d1d7fefe024a10b867c0612443fb3e6e8b92c1a2aead45e8e4222c2f1,2025,8,0.01827082676801696
98cca12d1d7fefe024a10b867c0612443fb3e6e8b92c1a2aead45e8e4222c2f1,2025,9,0.021221069374762973
98cca12d1d7fefe024a10b867c0612443fb3e6e8b92c1a2aead45e8e4222c2f1,2025,10,0.05513524162742757
99227597e9f2a5fb40af23fc56c90593f1f2fe408eb2b6d9922d40be079e8af4,2025,5,0.045572783759761246
99227597e9f2a5fb40af23fc56c90593f1f2fe408eb2b6d9922d40be079e8af4,2025,6,0.049864046537492185
99227597e9f2a5fb40af23fc56c90593f1f2fe408eb2b6d9922d40be079e8af4,2025,7,0.03914078659617423
99227597e9f2a5fb40af23fc56c90593f1f2fe408eb2b6d9922d40be079e8af4,2025,8,0.03864374137488907
99227597e9f2a5fb40af23fc56c90593f1f2fe408eb2b6d9922d40be079e8af4,2025,9,0.03983498465824255
99227597e9f2a5fb40af23fc56c90593f1f2fe408eb2b6d9922d40be079e8af4,2025,10,0.08335520292479877
999ce16b08d81fba880b792aa98dd9f086d4d9cf375705dec8c0a6a37caf7aa3,2025,5,0.02634811475447976
999ce16b08d81fba880b792aa98dd9f086d4d9cf375705dec8c0a6a37caf7aa3,2025,6,0.01531836963981145
999ce16b08d81fba880b792aa98dd9f086d4d9cf375705dec8c0a6a37caf7aa3,2025,7,0.016361249156815146
999ce16b08d81fba880b792aa98dd9f086d4d9cf375705dec8c0a6a37caf7aa3,2025,8,0.014538470034868294
999ce16b08d81fba880b792aa98dd9f086d4d9cf375705dec8c0a6a37caf7aa3,2025,9,0.013011866124708393
999ce16b08d81fba880b792aa98dd9f086d4d9cf375705dec8c0a6a37caf7aa3,2025,10,0.04068296481324224
9a013014140296eb6520905ce306b97e604c67e54bbad500e7811dd3ecb56a1e,2025,5,0.04582779820386713
9a013014140296eb6520905ce306b97e604c67e54bbad500e7811dd3ecb56a1e,2025,6,0.07469989946736752
9a013014140296eb6520905ce306b97e604c67e54bbad500e7811dd3ecb56a1e,2025,7,0.06744486876129063
9a013014140296eb6520905ce306b97e604c67e54bbad500e7811dd3ecb56a1e,2025,8,0.05819266854524795
9a013014140296eb6520905ce306b97e604c67e54bbad500e7811dd3ecb56a1e,2025,9,0.010280760703741353
9a013014140296eb6520905ce306b97e604c67e54bbad500e7811dd3ecb56a1e,2025,10,0.05369824152931045
9a39cc47e02ee2772a76e56c404337212ff31bcfbc3f612c1dd361ef2417eb53,2025,5,0.0681144767310076
9a39cc47e02ee2772a76e56c404337212ff31bcfbc3f612c1dd361ef2417eb53,2025,6,0.04046235296028525
9a39cc47e02ee2772a76e56c404337212ff31bcfbc3f612c1dd361ef2417eb53,2025,7,0.03910747105141436
9a39cc47e02ee2772a76e56c404337212ff31bcfbc3f612c1dd361ef2417eb53,2025,8,0.04645153645941182
9a39cc47e02ee2772a76e56c404337212ff31bcfbc3f612c1dd361ef2417eb53,2025,9,0.042461247113725245
9a39cc47e02ee2772a76e56c404337212ff31bcfbc3f612c1dd361ef2417eb53,2025,10,0.0860623381676499
9a6821caed7fda542fdb93818acb59edd88e30cdaf1dc16217ef84ffc9496381,2025,5,0.12364058768779565
9a6821caed7fda542fdb93818acb59edd88e30cdaf1dc16217ef84ffc9496381,2025,6,0.11267710804910264
9a6821caed7fda542fdb93818acb59edd88e30cdaf1dc16217ef84ffc9496381,2025,8,0.10578214497576317
9a6821caed7fda542fdb93818acb59edd88e30cdaf1dc16217ef84ffc9496381,2025,9,0.11158932158128312
9a6821caed7fda542fdb93818acb59edd88e30cdaf1dc16217ef84ffc9496381,2025,10,0.1657141522031804
9a766b77fac8848b645484a60f7b0290c7c8d26f946e39f71cf470c705c07d1c,2025,5,0.03631550073187031
9a766b77fac8848b645484a60f7b0290c7c8d26f946e39f71cf470c705c07d1c,2025,6,0.03076697948501707
9a766b77fac8848b645484a60f7b0290c7c8d26f946e39f71cf470c705c07d1c,2025,7,0.03606820216727705
9a766b77fac8848b645484a60f7b0290c7c8d26f946e39f71cf470c705c07d1c,2025,8,0.025137582604078668
9a766b77fac8848b645484a60f7b0290c7c8d26f946e39f71cf470c705c07d1c,2025,9,0.019506798905167405
9a766b77fac8848b645484a60f7b0290c7c8d26f946e39f71cf470c705c07d1c,2025,10,0.06924010067518924
9a9d8b929854a20cc457efd93e900c19a96465ec56ea24a73d0618cb53ed122a,2025,5,0.0364738453704204
9a9d8b929854a20cc457efd93e900c19a96465ec56ea24a73d0618cb53ed122a,2025,6,0.034448563922610004
9a9d8b929854a20cc457efd93e900c19a96465ec56ea24a73d0618cb53ed122a,2025,7,0.036668916223715445
9a9d8b929854a20cc457efd93e900c19a96465ec56ea24a73d0618cb53ed122a,2025,8,0.030757631562981686
9a9d8b929854a20cc457efd93e900c19a96465ec56ea24a73d0618cb53ed122a,2025,9,0.03090294390290954
9a9d8b929854a20cc457efd93e900c19a96465ec56ea24a73d0618cb53ed122a,2025,10,0.04994386475901722
9adeeb22f7320abe9d5f6ec40a1bf25a8c86bfc50392ced546f8ac21ba70defa,2025,5,0.05083813130093896
9adeeb22f7320abe9d5f6ec40a1bf25a8c86bfc50392ced546f8ac21ba70defa,2025,6,0.03225597220765965
9adeeb22f7320abe9d5f6ec40a1bf25a8c86bfc50392ced546f8ac21ba70defa,2025,7,0.03472450485267012
9adeeb22f7320abe9d5f6ec40a1bf25a8c86bfc50392ced546f8ac21ba70defa,2025,8,0.032122924255208796
9adeeb22f7320abe9d5f6ec40a1bf25a8c86bfc50392ced546f8ac21ba70defa,2025,9,0.03180421106946775
9adeeb22f7320abe9d5f6ec40a1bf25a8c86bfc50392ced546f8ac21ba70defa,2025,10,0.060613043805280556
9bc96449d98bff1f0aeb76be90dbb3c7b1b0482c4a1af1db6f9600f2c22cee25,2025,5,0.04485237191008332
9bc96449d98bff1f0aeb76be90dbb3c7b1b0482c4a1af1db6f9600f2c22cee25,2025,6,0.0302660354805437
9bc96449d98bff1f0aeb76be90dbb3c7b1b0482c4a1af1db6f9600f2c22cee25,2025,7,0.02988833612409514
9bc96449d98bff1f0aeb76be90dbb3c7b1b0482c4a1af1db6f9600f2c22cee25,2025,8,0.02913291455261501
9bc96449d98bff1f0aeb76be90dbb3c7b1b0482c4a1af1db6f9600f2c22cee25,2025,9,0.021385039159070036
9bc96449d98bff1f0aeb76be90dbb3c7b1b0482c4a1af1db6f9600f2c22cee25,2025,10,0.07238632057169045
9c0f33d6df35167d7237d9a4e6f3a0b1a62b99cf32dbc366653d252371978c93,2025,5,0.07523815522002983
9c0f33d6df35167d7237d9a4e6f3a0b1a62b99cf32dbc366653d252371978c93,2025,6,0.05320857557807124
9c0f33d6df35167d7237d9a4e6f3a0b1a62b99cf32dbc366653d252371978c93,2025,7,0.043092351869389395
9c0f33d6df35167d7237d9a4e6f3a0b1a62b99cf32dbc366653d252371978c93,2025,8,0.04321171815109531
9c0f33d6df35167d7237d9a4e6f3a0b1a62b99cf32dbc366653d252371978c93,2025,9,0.05313187688745105
9c0f33d6df35167d7237d9a4e6f3a0b1a62b99cf32dbc366653d252371978c93,2025,10,0.09020296427100154
9e34b5ddb5d8e086ab0aa6ed8bc837f24f4c2770cd6b5abd5be49916b79e1aef,2025,5,0.050074065467115916
9e34b5ddb5d8e086ab0aa6ed8bc837f24f4c2770cd6b5abd5be49916b79e1aef,2025,6,0.06769860414710863
9e34b5ddb5d8e086ab0aa6ed8bc837f24f4c2770cd6b5abd5be49916b79e1aef,2025,7,0.06717726740609219
9e34b5ddb5d8e086ab0aa6ed8bc837f24f4c2770cd6b5abd5be49916b79e1aef,2025,8,0.07350888021977162
9e34b5ddb5d8e086ab0aa6ed8bc837f24f4c2770cd6b5abd5be49916b79e1aef,2025,9,0.06324046723732907
9e34b5ddb5d8e086ab0aa6ed8bc837f24f4c2770cd6b5abd5be49916b79e1aef,2025,10,0.1629555635324041
9f08acd9d1bb66b0264fb426b34be99596958e1aef903117595321ece7fd21f9,2025,5,0.06427651681224014
9f08acd9d1bb66b0264fb426b34be99596958e1aef903117595321ece7fd21f9,2025,6,0.03175413609622951
9f08acd9d1bb66b0264fb426b34be99596958e1aef903117595321ece7fd21f9,2025,7,0.028510828768441687
9f08acd9d1bb66b0264fb426b34be99596958e1aef903117595321ece7fd21f9,2025,8,0.020175975773121392
9f08acd9d1bb66b0264fb426b34be99596958e1aef903117595321ece7fd21f9,2025,9,0.03275081964246766
9f08acd9d1bb66b0264fb426b34be99596958e1aef903117595321ece7fd21f9,2025,10,0.07243134481940117
9f2d671f91899fa075c3cd2040aa44c030ea57df2737f34bbdaab20272fc6ccf,2025,5,0.03869395452999621
9f2d671f91899fa075c3cd2040aa44c030ea57df2737f34bbdaab20272fc6ccf,2025,6,0.02730583063182627
9f2d671f91899fa075c3cd2040aa44c030ea57df2737f34bbdaab20272fc6ccf,2025,7,0.030199469308106214
9f2d671f91899fa075c3cd2040aa44c030ea57df2737f34bbdaab20272fc6ccf,2025,8,0.02915347669029735
9f2d671f91899fa075c3cd2040aa44c030ea57df2737f34bbdaab20272fc6ccf,2025,9,0.027094811257010437
9f2d671f91899fa075c3cd2040aa44c030ea57df2737f34bbdaab20272fc6ccf,2025,10,0.029168690936211092
9f4c138a71268068ed9cf9721562173fc68296ce9efe7c164c9a3d772fceda53,2025,5,0.08318086453872543
9f4c138a71268068ed9cf9721562173fc68296ce9efe7c164c9a3d772fceda53,2025,6,0.049665501040356705
9f4c138a71268068ed9cf9721562173fc68296ce9efe7c164c9a3d772fceda53,2025,7,0.044609221691522934
9f4c138a71268068ed9cf9721562173fc68296ce9efe7c164c9a3d772fceda53,2025,8,0.05313010575634768
9f4c138a71268068ed9cf9721562173fc68296ce9efe7c164c9a3d772fceda53,2025,9,0.05093228305681668
9f4c138a71268068ed9cf9721562173fc68296ce9efe7c164c9a3d772fceda53,2025,10,0.1331372946265748
9f77b260b4457d56ded9d2f88ec35acd38b554e8b6ca619b17afa751c3fca312,2025,5,0.022656654956803204
9f77b260b4457d56ded9d2f88ec35acd38b554e8b6ca619b17afa751c3fca312,2025,6,0.022186565510951366
9f77b260b4457d56ded9d2f88ec35acd38b554e8b6ca619b17afa751c3fca312,2025,7,0.022153924039366932
9f77b260b4457d56ded9d2f88ec35acd38b554e8b6ca619b17afa751c3fca312,2025,8,0.021153572551912844
9f77b260b4457d56ded9d2f88ec35acd38b554e8b6ca619b17afa751c3fca312,2025,9,0.02089992313947556
9f77b260b4457d56ded9d2f88ec35acd38b554e8b6ca619b17afa751c3fca312,2025,10,0.036352147401237184
9ff46a473bd014e712a0a72eaaf94c3058520c3fe82448228258a78380423644,2025,5,0.023037366311605842
9ff46a473bd014e712a0a72eaaf94c3058520c3fe82448228258a78380423644,2025,6,0.020773354766828296
9ff46a473bd014e712a0a72eaaf94c3058520c3fe82448228258a78380423644,2025,7,0.02518067466257616
9ff46a473bd014e712a0a72eaaf94c3058520c3fe82448228258a78380423644,2025,8,0.020811417176111582
9ff46a473bd014e712a0a72eaaf94c3058520c3fe82448228258a78380423644,2025,9,0.020347651152647202
9ff46a473bd014e712a0a72eaaf94c3058520c3fe82448228258a78380423644,2025,10,0.04820231886791131
a00b23f6f0a68ef1be19ad616ee2e4e9cccb4087bd9235a8fb4eac1cd84f9b08,2025,5,0.06664092185059915
a00b23f6f0a68ef1be19ad616ee2e4e9cccb4087bd9235a8fb4eac1cd84f9b08,2025,6,0.06595554260206254
a00b23f6f0a68ef1be19ad616ee2e4e9cccb4087bd9235a8fb4eac1cd84f9b08,2025,7,0.07266650487949407
a00b23f6f0a68ef1be19ad616ee2e4e9cccb4087bd9235a8fb4eac1cd84f9b08,2025,8,0.06881964683007433
a00b23f6f0a68ef1be19ad616ee2e4e9cccb4087bd9235a8fb4eac1cd84f9b08,2025,9,0.05691007013744379
a00b23f6f0a68ef1be19ad616ee2e4e9cccb4087bd9235a8fb4eac1cd84f9b08,2025,10,0.09929503434957057
a0bb066db36b3bb377be1823909fd7351a1d5a5b8dcd54ff32eb2399cdb97a05,2025,5,0.01731672745627297
a0bb066db36b3bb377be1823909fd7351a1d5a5b8dcd54ff32eb2399cdb97a05,2025,6,0.015518109231995139
a0bb066db36b3bb377be1823909fd7351a1d5a5b8dcd54ff32eb2399cdb97a05,2025,7,0.017686249592485975
a0bb066db36b3bb377be1823909fd7351a1d5a5b8dcd54ff32eb2399cdb97a05,2025,8,0.015881804174743542
a0bb066db36b3bb377be1823909fd7351a1d5a5b8dcd54ff32eb2399cdb97a05,2025,9,0.013352488436467042
a0bb066db36b3bb377be1823909fd7351a1d5a5b8dcd54ff32eb2399cdb97a05,2025,10,0.021543353739769875
a1a182aafaa302988f9783884b9d998f845e4d2cd85a6c4d60b33443516ed907,2025,5,0.028347091949282945
a1a182aafaa302988f9783884b9d998f845e4d2cd85a6c4d60b33443516ed907,2025,6,0.03255005163446177
a1a182aafaa302988f9783884b9d998f845e4d2cd85a6c4d60b33443516ed907,2025,7,0.006152766100540748
a1a182aafaa302988f9783884b9d998f845e4d2cd85a6c4d60b33443516ed907,2025,8,0.0032435611250039064
a1a182aafaa302988f9783884b9d998f845e4d2cd85a6c4d60b33443516ed907,2025,9,0.023065598221104093
a1a182aafaa302988f9783884b9d998f845e4d2cd85a6c4d60b33443516ed907,2025,10,0.029327220677544223
a1e748d39eacbd986d1bb521cdeebe465be79332ce21bb0c26cca8f32c52f4ae,2025,5,0.03723067153830491
a1e748d39eacbd986d1bb521cdeebe465be79332ce21bb0c26cca8f32c52f4ae,2025,6,0.04410971683054085
a1e748d39eacbd986d1bb521cdeebe465be79332ce21bb0c26cca8f32c52f4ae,2025,7,0.04650873932396536
a1e748d39eacbd986d1bb521cdeebe465be79332ce21bb0c26cca8f32c52f4ae,2025,8,0.04319480830690588
a1e748d39eacbd986d1bb521cdeebe465be79332ce21bb0c26cca8f32c52f4ae,2025,9,0.024113522361068028
a1e748d39eacbd986d1bb521cdeebe465be79332ce21bb0c26cca8f32c52f4ae,2025,10,0.0482372831817485
a20a069ea8f0aa2b0fbd36090a6a813b90b895f3b9c65f7d32f88738d27df51b,2025,5,0.09872070904956701
a20a069ea8f0aa2b0fbd36090a6a813b90b895f3b9c65f7d32f88738d27df51b,2025,6,0.09732733177080241
a20a069ea8f0aa2b0fbd36090a6a813b90b895f3b9c65f7d32f88738d27df51b,2025,7,0.08656169542469228
a20a069ea8f0aa2b0fbd36090a6a813b90b895f3b9c65f7d32f88738d27df51b,2025,8,0.09074850572409507
a20a069ea8f0aa2b0fbd36090a6a813b90b895f3b9c65f7d32f88738d27df51b,2025,9,0.0891794562802474
a20a069ea8f0aa2b0fbd36090a6a813b90b895f3b9c65f7d32f88738d27df51b,2025,10,0.1146906038067909
a399f49014087d241794be9a0778ffa2d3906f67570176aadadb910475472866,2025,5,0.09044045820296832
a399f49014087d241794be9a0778ffa2d3906f67570176aadadb910475472866,2025,6,0.05964713696107794
a399f49014087d241794be9a0778ffa2d3906f67570176aadadb910475472866,2025,7,0.05167572112628059
a399f49014087d241794be9a0778ffa2d3906f67570176aadadb910475472866,2025,8,0.05663561273238964
a399f49014087d241794be9a0778ffa2d3906f67570176aadadb910475472866,2025,9,0.07436866694225719
a399f49014087d241794be9a0778ffa2d3906f67570176aadadb910475472866,2025,10,0.14168279807975315
a45ef1c38356658825cdcf72e0dd11014fc89effbd9f9f1fcdf3141fb3698867,2025,5,0.018213477671769965
a45ef1c38356658825cdcf72e0dd11014fc89effbd9f9f1fcdf3141fb3698867,2025,6,0.020591321687235528
a45ef1c38356658825cdcf72e0dd11014fc89effbd9f9f1fcdf3141fb3698867,2025,7,0.02331351049144719
a45ef1c38356658825cdcf72e0dd11014fc89effbd9f9f1fcdf3141fb3698867,2025,8,0.019139671838817922
a45ef1c38356658825cdcf72e0dd11014fc89effbd9f9f1fcdf3141fb3698867,2025,9,0.017767031324454383
a45ef1c38356658825cdcf72e0dd11014fc89effbd9f9f1fcdf3141fb3698867,2025,10,0.02196376544196736
a481b282a16774eb1dd66a75ae49921226bd9e9758bb3cb0bc06be3582cc4ab9,2025,5,0.03573451463835904
a481b282a16774eb1dd66a75ae49921226bd9e9758bb3cb0bc06be3582cc4ab9,2025,6,0.022988695737909955
a481b282a16774eb1dd66a75ae49921226bd9e9758bb3cb0bc06be3582cc4ab9,2025,7,0.03322493668627811
a481b282a16774eb1dd66a75ae49921226bd9e9758bb3cb0bc06be3582cc4ab9,2025,8,0.02201740483759186
a481b282a16774eb1dd66a75ae49921226bd9e9758bb3cb0bc06be3582cc4ab9,2025,9,0.02099659256327592
a481b282a16774eb1dd66a75ae49921226bd9e9758bb3cb0bc06be3582cc4ab9,2025,10,0.0487358689900991
a4a44e2949a7db0f951ac94a601a1db2f5d993bcebb465efff7b810475161e17,2025,5,0.0
a4a44e2949a7db0f951ac94a601a1db2f5d993bcebb465efff7b810475161e17,2025,6,0.08122043449528557
a4a44e2949a7db0f951ac94a601a1db2f5d993bcebb465efff7b810475161e17,2025,7,0.020436069886268345
a4a44e2949a7db0f951ac94a601a1db2f5d993bcebb465efff7b810475161e17,2025,8,0.08867827923423816
a4a44e2949a7db0f951ac94a601a1db2f5d993bcebb465efff7b810475161e17,2025,9,0.0865394532567788
a4a44e2949a7db0f951ac94a601a1db2f5d993bcebb465efff7b810475161e17,2025,10,0.1015044501812125
a4e950b804c5a47471d822d16912d0a0c1b4c58e0bfab62eee60c4131b1fcf37,2025,5,0.02703349388088779
a4e950b804c5a47471d822d16912d0a0c1b4c58e0bfab62eee60c4131b1fcf37,2025,6,0.023274022052687564
a4e950b804c5a47471d822d16912d0a0c1b4c58e0bfab62eee60c4131b1fcf37,2025,7,0.02675115474663376
a4e950b804c5a47471d822d16912d0a0c1b4c58e0bfab62eee60c4131b1fcf37,2025,8,0.026876674983668608
a4e950b804c5a47471d822d16912d0a0c1b4c58e0bfab62eee60c4131b1fcf37,2025,9,0.027068360946003067
a4e950b804c5a47471d822d16912d0a0c1b4c58e0bfab62eee60c4131b1fcf37,2025,10,0.0512154628050636
a4eb8c61c7bf9dbf75351a1de02ab2a318280471ec4b6002a9e7029c8944060b,2025,5,0.0277874675601738
a4eb8c61c7bf9dbf75351a1de02ab2a318280471ec4b6002a9e7029c8944060b,2025,6,0.015560368621412716
a4eb8c61c7bf9dbf75351a1de02ab2a318280471ec4b6002a9e7029c8944060b,2025,7,0.011033610121403085
a4eb8c61c7bf9dbf75351a1de02ab2a318280471ec4b6002a9e7029c8944060b,2025,8,0.010822941987841271
a4eb8c61c7bf9dbf75351a1de02ab2a318280471ec4b6002a9e7029c8944060b,2025,9,0.01785877022878689
a4eb8c61c7bf9dbf75351a1de02ab2a318280471ec4b6002a9e7029c8944060b,2025,10,0.024487195847281307
a510e573a95b5a4c5e6c0f9d34320a0354431dbc28fa4bf72ce1c4d32df582b4,2025,5,0.06394385296436611
a510e573a95b5a4c5e6c0f9d34320a0354431dbc28fa4bf72ce1c4d32df582b4,2025,6,0.020812857632785755
a510e573a95b5a4c5e6c0f9d34320a0354431dbc28fa4bf72ce1c4d32df582b4,2025,7,0.01935722435192073
a510e573a95b5a4c5e6c0f9d34320a0354431dbc28fa4bf72ce1c4d32df582b4,2025,8,0.014688598516438917
a510e573a95b5a4c5e6c0f9d34320a0354431dbc28fa4bf72ce1c4d32df582b4,2025,9,0.025504139435796127
a510e573a95b5a4c5e6c0f9d34320a0354431dbc28fa4bf72ce1c4d32df582b4,2025,10,0.10466291679930266
a589f5aa2e5bc12a9d6bc033396484da47eaad8f5fcea21a08ab0a69391cc61b,2025,5,0.017767516556569236
a589f5aa2e5bc12a9d6bc033396484da47eaad8f5fcea21a08ab0a69391cc61b,2025,6,0.01246539115876056
a589f5aa2e5bc12a9d6bc033396484da47eaad8f5fcea21a08ab0a69391cc61b,2025,7,0.011301062742793754
a589f5aa2e5bc12a9d6bc033396484da47eaad8f5fcea21a08ab0a69391cc61b,2025,8,0.011097881802759786
a589f5aa2e5bc12a9d6bc033396484da47eaad8f5fcea21a08ab0a69391cc61b,2025,9,0.010896996873696954
a589f5aa2e5bc12a9d6bc033396484da47eaad8f5fcea21a08ab0a69391cc61b,2025,10,0.015899262063186457
a5ab80309570519e79efbd6608dfce861115a862960fc0c8508142ebb6f771b3,2025,5,0.01956817668514492
a5ab80309570519e79efbd6608dfce861115a862960fc0c8508142ebb6f771b3,2025,6,0.01881552761047956
a5ab80309570519e79efbd6608dfce861115a862960fc0c8508142ebb6f771b3,2025,7,0.013090631469711091
a5ab80309570519e79efbd6608dfce861115a862960fc0c8508142ebb6f771b3,2025,8,0.00897472817325468
a5ab80309570519e79efbd6608dfce861115a862960fc0c8508142ebb6f771b3,2025,9,0.01135203297819173
a5ab80309570519e79efbd6608dfce861115a862960fc0c8508142ebb6f771b3,2025,10,0.02151935035592338
a5b6c0b21e6bf9815a1cb88c152ac473bc8f9e9d291a9d0c0beffe49c68c9f5a,2025,5,0.022152777451789958
a5b6c0b21e6bf9815a1cb88c152ac473bc8f9e9d291a9d0c0beffe49c68c9f5a,2025,6,0.012521229513797437
a5b6c0b21e6bf9815a1cb88c152ac473bc8f9e9d291a9d0c0beffe49c68c9f5a,2025,7,0.013872877830766166
a5b6c0b21e6bf9815a1cb88c152ac473bc8f9e9d291a9d0c0beffe49c68c9f5a,2025,8,0.011041490721990982
a5b6c0b21e6bf9815a1cb88c152ac473bc8f9e9d291a9d0c0beffe49c68c9f5a,2025,9,0.009865475402714135
a5b6c0b21e6bf9815a1cb88c152ac473bc8f9e9d291a9d0c0beffe49c68c9f5a,2025,10,0.04523511286028169
a757302ce5c2df2d89c2b25398004a14bc8d8d39157cd76399fc488338857cae,2025,5,0.05262212649231404
a757302ce5c2df2d89c2b25398004a14bc8d8d39157cd76399fc488338857cae,2025,6,0.023852492781911608
a757302ce5c2df2d89c2b25398004a14bc8d8d39157cd76399fc488338857cae,2025,7,0.027306661913724634
a757302ce5c2df2d89c2b25398004a14bc8d8d39157cd76399fc488338857cae,2025,8,0.021022708368380383
a757302ce5c2df2d89c2b25398004a14bc8d8d39157cd76399fc488338857cae,2025,9,0.017340242722046997
a757302ce5c2df2d89c2b25398004a14bc8d8d39157cd76399fc488338857cae,2025,10,0.043307676667185935
a768ca572d95180820356d8a509ff055bd1c2544bc0c48d2414eb46a0e4e5e5e,2025,5,0.021878765070706817
a768ca572d95180820356d8a509ff055bd1c2544bc0c48d2414eb46a0e4e5e5e,2025,6,0.018441489685929353
a768ca572d95180820356d8a509ff055bd1c2544bc0c48d2414eb46a0e4e5e5e,2025,7,0.01316007151872952
a768ca572d95180820356d8a509ff055bd1c2544bc0c48d2414eb46a0e4e5e5e,2025,8,0.009711639520623823
a768ca572d95180820356d8a509ff055bd1c2544bc0c48d2414eb46a0e4e5e5e,2025,10,0.02336908398396946
a7a4d156fea9611c195a04db854b962172075b2ad54e35b0feb9ea5b7b34a10f,2025,5,0.062461989344796576
a7a4d156fea9611c195a04db854b962172075b2ad54e35b0feb9ea5b7b34a10f,2025,6,0.026266121410511004
a7a4d156fea9611c195a04db854b962172075b2ad54e35b0feb9ea5b7b34a10f,2025,7,0.03258011204101178
a7a4d156fea9611c195a04db854b962172075b2ad54e35b0feb9ea5b7b34a10f,2025,8,0.05410160010922334
a7a4d156fea9611c195a04db854b962172075b2ad54e35b0feb9ea5b7b34a10f,2025,9,0.060348728994817934
a7a4d156fea9611c195a04db854b962172075b2ad54e35b0feb9ea5b7b34a10f,2025,10,0.08089538644735175
a7c6b26faf3eec610f35111b1c22a6244866331977ec341c717e33d178dfd050,2025,5,0.08421218601794392
a7c6b26faf3eec610f35111b1c22a6244866331977ec341c717e33d178dfd050,2025,6,0.0502654949696576
a7c6b26faf3eec610f35111b1c22a6244866331977ec341c717e33d178dfd050,2025,7,0.0455472559493291
a7c6b26faf3eec610f35111b1c22a6244866331977ec341c717e33d178dfd050,2025,8,0.04757402877043166
a7c6b26faf3eec610f35111b1c22a6244866331977ec341c717e33d178dfd050,2025,9,0.05900288112888511
a7c6b26faf3eec610f35111b1c22a6244866331977ec341c717e33d178dfd050,2025,10,0.11012239963993817
ac393f6fdda5fd008b3f408680b4893cfdf0c136a5d753035f05715c3d656098,2025,5,0.04440859997017531
ac393f6fdda5fd008b3f408680b4893cfdf0c136a5d753035f05715c3d656098,2025,6,0.02751025190210652
ac393f6fdda5fd008b3f408680b4893cfdf0c136a5d753035f05715c3d656098,2025,7,0.02892894660748919
ac393f6fdda5fd008b3f408680b4893cfdf0c136a5d753035f05715c3d656098,2025,8,0.026651090292309533
ac393f6fdda5fd008b3f408680b4893cfdf0c136a5d753035f05715c3d656098,2025,9,0.030100028644074284
ac393f6fdda5fd008b3f408680b4893cfdf0c136a5d753035f05715c3d656098,2025,10,0.053244373877107454
ac463a709f16be59f019a1e578ef57e44a4c534991a93437a440f8deb5c80386,2025,5,0.07873532069797193
ac463a709f16be59f019a1e578ef57e44a4c534991a93437a440f8deb5c80386,2025,6,0.044773996266476296
ac463a709f16be59f019a1e578ef57e44a4c534991a93437a440f8deb5c80386,2025,7,0.04838228326965697
ac463a709f16be59f019a1e578ef57e44a4c534991a93437a440f8deb5c80386,2025,8,0.04542154462620801
ac463a709f16be59f019a1e578ef57e44a4c534991a93437a440f8deb5c80386,2025,10,0.11133426588795775
acc55352fdcc51ad52b3063634197e51bf85aa733d6d386cb11bf130b2288641,2025,5,0.020755331243995482
acc55352fdcc51ad52b3063634197e51bf85aa733d6d386cb11bf130b2288641,2025,6,0.014173662788550095
acc55352fdcc51ad52b3063634197e51bf85aa733d6d386cb11bf130b2288641,2025,7,0.014273047151816359
acc55352fdcc51ad52b3063634197e51bf85aa733d6d386cb11bf130b2288641,2025,8,0.019541967606493536
acc55352fdcc51ad52b3063634197e51bf85aa733d6d386cb11bf130b2288641,2025,9,0.015581721522665303
acc55352fdcc51ad52b3063634197e51bf85aa733d6d386cb11bf130b2288641,2025,10,0.040340156358233
ace601564dc43918f552a5098354769c900e7d31b25b6558479546211b743a8b,2025,5,0.05617043910437339
ace601564dc43918f552a5098354769c900e7d31b25b6558479546211b743a8b,2025,6,0.057898959549851914
ace601564dc43918f552a5098354769c900e7d31b25b6558479546211b743a8b,2025,7,0.06529672143469167
ace601564dc43918f552a5098354769c900e7d31b25b6558479546211b743a8b,2025,8,0.06355968048840985
ace601564dc43918f552a5098354769c900e7d31b25b6558479546211b743a8b,2025,9,0.05635666340002517
ace601564dc43918f552a5098354769c900e7d31b25b6558479546211b743a8b,2025,10,0.09638769006322404
ad5ebf9565d51c8c2d5df5dbf381ce63f9602848490390eefb0c74b2f12a94e7,2025,5,0.09645780224933402
ad5ebf9565d51c8c2d5df5dbf381ce63f9602848490390eefb0c74b2f12a94e7,2025,6,0.10027574073552864
ad5ebf9565d51c8c2d5df5dbf381ce63f9602848490390eefb0c74b2f12a94e7,2025,7,0.10491393054120834
ad5ebf9565d51c8c2d5df5dbf381ce63f9602848490390eefb0c74b2f12a94e7,2025,8,0.09631223776840867
ad5ebf9565d51c8c2d5df5dbf381ce63f9602848490390eefb0c74b2f12a94e7,2025,9,0.08288973247586731
ad5ebf9565d51c8c2d5df5dbf381ce63f9602848490390eefb0c74b2f12a94e7,2025,10,0.12429098177460078
ae7d8e8527cacda264b67e364ed9dd081c6631f7466e490394611754e06e5173,2025,5,0.03994889129138507
ae7d8e8527cacda264b67e364ed9dd081c6631f7466e490394611754e06e5173,2025,6,0.028235856501070737
ae7d8e8527cacda264b67e364ed9dd081c6631f7466e490394611754e06e5173,2025,7,0.029886408081712758
ae7d8e8527cacda264b67e364ed9dd081c6631f7466e490394611754e06e5173,2025,8,0.024838725066638236
ae7d8e8527cacda264b67e364ed9dd081c6631f7466e490394611754e06e5173,2025,9,0.02652318813748316
ae7d8e8527cacda264b67e364ed9dd081c6631f7466e490394611754e06e5173,2025,10,0.0542198626540667
ae8abfd04d058d484de0f29965b378682071a8d25b931825d07f1b610b80f775,2025,5,0.09684591596578153
ae8abfd04d058d484de0f29965b378682071a8d25b931825d07f1b610b80f775,2025,6,0.09749918059551282
ae8abfd04d058d484de0f29965b378682071a8d25b931825d07f1b610b80f775,2025,7,0.10032388808837595
ae8abfd04d058d484de0f29965b378682071a8d25b931825d07f1b610b80f775,2025,8,0.10701965523871157
ae8abfd04d058d484de0f29965b378682071a8d25b931825d07f1b610b80f775,2025,9,0.10928520944825326
ae8abfd04d058d484de0f29965b378682071a8d25b931825d07f1b610b80f775,2025,10,0.13560352564571332
af05187341a019eee3445a79f465bc483549ea4d7b02e786e36df134965c4954,2025,5,0.09788052233224392
af05187341a019eee3445a79f465bc483549ea4d7b02e786e36df134965c4954,2025,6,0.012457652951234958
af05187341a019eee3445a79f465bc483549ea4d7b02e786e36df134965c4954,2025,7,0.01251516267335802
af05187341a019eee3445a79f465bc483549ea4d7b02e786e36df134965c4954,2025,8,0.012787878644848762
af05187341a019eee3445a79f465bc483549ea4d7b02e786e36df134965c4954,2025,9,0.02541234824271621
af05187341a019eee3445a79f465bc483549ea4d7b02e786e36df134965c4954,2025,10,0.13627079787947943
afb3962e12a1787faa234dce31379934f6ade556b7a55c3708dbf68f2a9d92b4,2025,5,0.01307592274794984
afb3962e12a1787faa234dce31379934f6ade556b7a55c3708dbf68f2a9d92b4,2025,6,0.00781115915119648
afb3962e12a1787faa234dce31379934f6ade556b7a55c3708dbf68f2a9d92b4,2025,7,0.006835334769788573
afb3962e12a1787faa234dce31379934f6ade556b7a55c3708dbf68f2a9d92b4,2025,8,0.007803262636723975
afb3962e12a1787faa234dce31379934f6ade556b7a55c3708dbf68f2a9d92b4,2025,9,0.006156500254327273
afb3962e12a1787faa234dce31379934f6ade556b7a55c3708dbf68f2a9d92b4,2025,10,0.018348682615688137
afbc475c0ad940f37c1c5fcab8c077fd6ad25367060c47817c87b922192d5758,2025,5,0.05834616858379728
afbc475c0ad940f37c1c5fcab8c077fd6ad25367060c47817c87b922192d5758,2025,6,0.03663498658847028
afbc475c0ad940f37c1c5fcab8c077fd6ad25367060c47817c87b922192d5758,2025,7,0.04285769745212113
afbc475c0ad940f37c1c5fcab8c077fd6ad25367060c47817c87b922192d5758,2025,8,0.03944721749897624
afbc475c0ad940f37c1c5fcab8c077fd6ad25367060c47817c87b922192d5758,2025,9,0.03351486784596643
afbc475c0ad940f37c1c5fcab8c077fd6ad25367060c47817c87b922192d5758,2025,10,0.05446665710670401
afc04210b979867cd9619ebea0ce6b535772b8fdbe60e3a2eab75b67014d87ce,2025,5,0.037818954213995726
afc04210b979867cd9619ebea0ce6b535772b8fdbe60e3a2eab75b67014d87ce,2025,6,0.02315583933158088
afc04210b979867cd9619ebea0ce6b535772b8fdbe60e3a2eab75b67014d87ce,2025,8,0.02478193168020263
afc04210b979867cd9619ebea0ce6b535772b8fdbe60e3a2eab75b67014d87ce,2025,9,0.018801822536503983
afc04210b979867cd9619ebea0ce6b535772b8fdbe60e3a2eab75b67014d87ce,2025,10,0.019955934068327484
affd305d297546533f9dfeb962870466f5c3086a9ae2e548e785f6597aef69cc,2025,5,0.01402292905831732
affd305d297546533f9dfeb962870466f5c3086a9ae2e548e785f6597aef69cc,2025,6,0.01669340662176996
affd305d297546533f9dfeb962870466f5c3086a9ae2e548e785f6597aef69cc,2025,7,0.012798560636147802
affd305d297546533f9dfeb962870466f5c3086a9ae2e548e785f6597aef69cc,2025,8,0.013439892425561581
affd305d297546533f9dfeb962870466f5c3086a9ae2e548e785f6597aef69cc,2025,9,0.009197906600502341
affd305d297546533f9dfeb962870466f5c3086a9ae2e548e785f6597aef69cc,2025,10,0.02641617277471446
b097fadf1169c39654071b15699257e9d12ac5d92dd8640e52f71e0cd99f8e1d,2025,5,0.040101212781511145
b097fadf1169c39654071b15699257e9d12ac5d92dd8640e52f71e0cd99f8e1d,2025,6,0.010505829048822489
b097fadf1169c39654071b15699257e9d12ac5d92dd8640e52f71e0cd99f8e1d,2025,7,0.012975233160197223
b097fadf1169c39654071b15699257e9d12ac5d92dd8640e52f71e0cd99f8e1d,2025,8,0.01482349322479456
b097fadf1169c39654071b15699257e9d12ac5d92dd8640e52f71e0cd99f8e1d,2025,9,0.017861137347576415
b097fadf1169c39654071b15699257e9d12ac5d92dd8640e52f71e0cd99f8e1d,2025,10,0.06780508054086606
b0e95b1ca8a226927f56fe217fd04a8695ce3a1cb27b2ee786ee6867a2fb72c2,2025,5,0.028204857682900993
b0e95b1ca8a226927f56fe217fd04a8695ce3a1cb27b2ee786ee6867a2fb72c2,2025,6,0.013800455282642687
b0e95b1ca8a226927f56fe217fd04a8695ce3a1cb27b2ee786ee6867a2fb72c2,2025,7,0.01894945270186022
b0e95b1ca8a226927f56fe217fd04a8695ce3a1cb27b2ee786ee6867a2fb72c2,2025,8,0.014973786256416126
b0e95b1ca8a226927f56fe217fd04a8695ce3a1cb27b2ee786ee6867a2fb72c2,2025,9,0.014526625639344787
b0e95b1ca8a226927f56fe217fd04a8695ce3a1cb27b2ee786ee6867a2fb72c2,2025,10,0.05609977139892841
b128e72cfa88a396700dd149910bf0d237d3f5386bfb030fd1e1e3dc5553a449,2025,5,0.09173664635999544
b128e72cfa88a396700dd149910bf0d237d3f5386bfb030fd1e1e3dc5553a449,2025,6,0.056989099109687115
b128e72cfa88a396700dd149910bf0d237d3f5386bfb030fd1e1e3dc5553a449,2025,7,0.060888208324968246
b128e72cfa88a396700dd149910bf0d237d3f5386bfb030fd1e1e3dc5553a449,2025,8,0.05105732687238247
b128e72cfa88a396700dd149910bf0d237d3f5386bfb030fd1e1e3dc5553a449,2025,9,0.06962286344423138
b128e72cfa88a396700dd149910bf0d237d3f5386bfb030fd1e1e3dc5553a449,2025,10,0.13879222618019957
b17da0ecb969ade91c5f3a60130a9d81f1edad9912a922537db0f2c35e4d2200,2025,5,0.014654896405286954
b17da0ecb969ade91c5f3a60130a9d81f1edad9912a922537db0f2c35e4d2200,2025,6,0.019554660302958476
b17da0ecb969ade91c5f3a60130a9d81f1edad9912a922537db0f2c35e4d2200,2025,7,0.022511660370925012
b17da0ecb969ade91c5f3a60130a9d81f1edad9912a922537db0f2c35e4d2200,2025,8,0.024039027020561474
b17da0ecb969ade91c5f3a60130a9d81f1edad9912a922537db0f2c35e4d2200,2025,9,0.016665600695341606
b17da0ecb969ade91c5f3a60130a9d81f1edad9912a922537db0f2c35e4d2200,2025,10,0.025502543470635852
b252cc55ff668c6f06a040323f80f7d5b03cd11ec34e7efe84e747283690c903,2025,5,0.016777538537122733
b252cc55ff668c6f06a040323f80f7d5b03cd11ec34e7efe84e747283690c903,2025,6,0.028574340589836593
b252cc55ff668c6f06a040323f80f7d5b03cd11ec34e7efe84e747283690c903,2025,7,0.02719393320020379
b252cc55ff668c6f06a040323f80f7d5b03cd11ec34e7efe84e747283690c903,2025,8,0.028570929909311357
b252cc55ff668c6f06a040323f80f7d5b03cd11ec34e7efe84e747283690c903,2025,9,0.017291718692385098
b252cc55ff668c6f06a040323f80f7d5b03cd11ec34e7efe84e747283690c903,2025,10,0.04047212541948124
b3b2a99704bd254d7aadf1a5ce10f093e87389ed910ce2b3195f0d39ea324558,2025,5,0.031125009743915064
b3b2a99704bd254d7aadf1a5ce10f093e87389ed910ce2b3195f0d39ea324558,2025,6,0.0075504155496088
b3b2a99704bd254d7aadf1a5ce10f093e87389ed910ce2b3195f0d39ea324558,2025,7,0.010227991128012376
b3b2a99704bd254d7aadf1a5ce10f093e87389ed910ce2b3195f0d39ea324558,2025,8,0.007570533231076582
b3b2a99704bd254d7aadf1a5ce10f093e87389ed910ce2b3195f0d39ea324558,2025,9,0.0035661310396309077
b3b2a99704bd254d7aadf1a5ce10f093e87389ed910ce2b3195f0d39ea324558,2025,10,0.01778482597667179
b3bc9f855285b0a8b07a3fd14ca75c81a31335bf7108969fc7e44532aa24f50f,2025,5,0.02789332713793258
b3bc9f855285b0a8b07a3fd14ca75c81a31335bf7108969fc7e44532aa24f50f,2025,6,0.010528993306350721
b3bc9f855285b0a8b07a3fd14ca75c81a31335bf7108969fc7e44532aa24f50f,2025,7,0.020702553177233192
b3bc9f855285b0a8b07a3fd14ca75c81a31335bf7108969fc7e44532aa24f50f,2025,8,0.01408385272891565
b3bc9f855285b0a8b07a3fd14ca75c81a31335bf7108969fc7e44532aa24f50f,2025,9,0.010219286623430203
b3bc9f855285b0a8b07a3fd14ca75c81a31335bf7108969fc7e44532aa24f50f,2025,10,0.02138026659804967
b3d6c532cf41ea137f82789690a7b75068a4213f32dd32114ba124f70a5a71cc,2025,5,0.04362378049021103
b3d6c532cf41ea137f82789690a7b75068a4213f32dd32114ba124f70a5a71cc,2025,6,0.017112743495886998
b3d6c532cf41ea137f82789690a7b75068a4213f32dd32114ba124f70a5a71cc,2025,7,0.02128049071431816
b3d6c532cf41ea137f82789690a7b75068a4213f32dd32114ba124f70a5a71cc,2025,8,0.015391452126226066
b3d6c532cf41ea137f82789690a7b75068a4213f32dd32114ba124f70a5a71cc,2025,9,0.02225237214742935
b3d6c532cf41ea137f82789690a7b75068a4213f32dd32114ba124f70a5a71cc,2025,10,0.06092698809811466
b426bc99abaad863998e8ffa7c12c1297a08087ccb45b45fb2938dc6d1de9c0c,2025,5,0.034674305178672246
b426bc99abaad863998e8ffa7c12c1297a08087ccb45b45fb2938dc6d1de9c0c,2025,6,0.011293434573329802
b426bc99abaad863998e8ffa7c12c1297a08087ccb45b45fb2938dc6d1de9c0c,2025,7,0.025693287816340282
b426bc99abaad863998e8ffa7c12c1297a08087ccb45b45fb2938dc6d1de9c0c,2025,8,0.02779501088736116
b426bc99abaad863998e8ffa7c12c1297a08087ccb45b45fb2938dc6d1de9c0c,2025,9,0.025078657595034956
b426bc99abaad863998e8ffa7c12c1297a08087ccb45b45fb2938dc6d1de9c0c,2025,10,0.05416554548715211
b43329c4bf64454cf35a531ce4f904ca99540eba9f4a3f07b0e95e45c55e863a,2025,5,0.08895680542756015
b43329c4bf64454cf35a531ce4f904ca99540eba9f4a3f07b0e95e45c55e863a,2025,6,0.06132668951460162
b43329c4bf64454cf35a531ce4f904ca99540eba9f4a3f07b0e95e45c55e863a,2025,7,0.04402393792646585
b43329c4bf64454cf35a531ce4f904ca99540eba9f4a3f07b0e95e45c55e863a,2025,8,0.05540455693034531
b43329c4bf64454cf35a531ce4f904ca99540eba9f4a3f07b0e95e45c55e863a,2025,9,0.06866991288211999
b43329c4bf64454cf35a531ce4f904ca99540eba9f4a3f07b0e95e45c55e863a,2025,10,0.12293167429105634
b497aed52529d4a9e2d85855125e128766cc54e81449b49e7d51b859e68398ba,2025,5,0.038124190398573274
b497aed52529d4a9e2d85855125e128766cc54e81449b49e7d51b859e68398ba,2025,6,0.0351185046677685
b497aed52529d4a9e2d85855125e128766cc54e81449b49e7d51b859e68398ba,2025,7,0.035843757840160514
b497aed52529d4a9e2d85855125e128766cc54e81449b49e7d51b859e68398ba,2025,8,0.04190242137807847
b497aed52529d4a9e2d85855125e128766cc54e81449b49e7d51b859e68398ba,2025,9,0.03467878124597142
b497aed52529d4a9e2d85855125e128766cc54e81449b49e7d51b859e68398ba,2025,10,0.03671343766012382
b4cf2f30ddfb74ee95a1c4b65eca3d6cee67b1277940a2161e74e2689aaf0ea2,2025,5,0.02990674965749559
b4cf2f30ddfb74ee95a1c4b65eca3d6cee67b1277940a2161e74e2689aaf0ea2,2025,6,0.01733688549286616
b4cf2f30ddfb74ee95a1c4b65eca3d6cee67b1277940a2161e74e2689aaf0ea2,2025,7,0.02137581658283738
b4cf2f30ddfb74ee95a1c4b65eca3d6cee67b1277940a2161e74e2689aaf0ea2,2025,8,0.01699068650267197
b4cf2f30ddfb74ee95a1c4b65eca3d6cee67b1277940a2161e74e2689aaf0ea2,2025,9,0.011815906480301775
b4cf2f30ddfb74ee95a1c4b65eca3d6cee67b1277940a2161e74e2689aaf0ea2,2025,10,0.025320368755916582
b4e4dd2b048f23482c0c24faab06af90edc68f1815afca69227735da8b822981,2025,5,0.0358644483847729
b4e4dd2b048f23482c0c24faab06af90edc68f1815afca69227735da8b822981,2025,6,0.0346181725376731
b4e4dd2b048f23482c0c24faab06af90edc68f1815afca69227735da8b822981,2025,7,0.035118546502005105
b4e4dd2b048f23482c0c24faab06af90edc68f1815afca69227735da8b822981,2025,8,0.03718544552084916
b4e4dd2b048f23482c0c24faab06af90edc68f1815afca69227735da8b822981,2025,9,0.025153577795522304
b4e4dd2b048f23482c0c24faab06af90edc68f1815afca69227735da8b822981,2025,10,0.05148111919055472
b6b5f765ecb2db140065fca2e86999f822b7c7b2cbd4df0e558d2eac3090fb5b,2025,5,0.00040543435641020076
b6b5f765ecb2db140065fca2e86999f822b7c7b2cbd4df0e558d2eac3090fb5b,2025,6,0.00854092737503725
b6b5f765ecb2db140065fca2e86999f822b7c7b2cbd4df0e558d2eac3090fb5b,2025,7,0.0065507035967408925
b6b5f765ecb2db140065fca2e86999f822b7c7b2cbd4df0e558d2eac3090fb5b,2025,8,0.002387630894760357
b6b5f765ecb2db140065fca2e86999f822b7c7b2cbd4df0e558d2eac3090fb5b,2025,9,0.0
b6b5f765ecb2db140065fca2e86999f822b7c7b2cbd4df0e558d2eac3090fb5b,2025,10,0.0018557234879577852
b71a1a11d206212b3dd1f9c983938d58f0e5eddf8407a38e7c6893c22bb5dda3,2025,5,0.09559668018866173
b71a1a11d206212b3dd1f9c983938d58f0e5eddf8407a38e7c6893c22bb5dda3,2025,6,0.05834848354277977
b71a1a11d206212b3dd1f9c983938d58f0e5eddf8407a38e7c6893c22bb5dda3,2025,7,0.06000011240770543
b71a1a11d206212b3dd1f9c983938d58f0e5eddf8407a38e7c6893c22bb5dda3,2025,8,0.06137976074881201
b71a1a11d206212b3dd1f9c983938d58f0e5eddf8407a38e7c6893c22bb5dda3,2025,9,0.058505584211556716
b71a1a11d206212b3dd1f9c983938d58f0e5eddf8407a38e7c6893c22bb5dda3,2025,10,0.12530665558513215
b71ce712d9e5a68a24a8babad55855cd6eb5d2ef282ca956532066de744dc216,2025,5,0.04528268478646369
b71ce712d9e5a68a24a8babad55855cd6eb5d2ef282ca956532066de744dc216,2025,6,0.02327318230607517
b71ce712d9e5a68a24a8babad55855cd6eb5d2ef282ca956532066de744dc216,2025,7,0.030366924493509917
b71ce712d9e5a68a24a8babad55855cd6eb5d2ef282ca956532066de744dc216,2025,8,0.03283057541718472
b71ce712d9e5a68a24a8babad55855cd6eb5d2ef282ca956532066de744dc216,2025,9,0.0334529907637959
b71ce712d9e5a68a24a8babad55855cd6eb5d2ef282ca956532066de744dc216,2025,10,0.06947131757650221
b87c8e1e69a3dd2d020e5084c1994279f9bd610383cd1405ce8efa4d2635a4ee,2025,5,0.09490242447653757
b87c8e1e69a3dd2d020e5084c1994279f9bd610383cd1405ce8efa4d2635a4ee,2025,6,0.0646982757682471
b87c8e1e69a3dd2d020e5084c1994279f9bd610383cd1405ce8efa4d2635a4ee,2025,7,0.06396757051209112
b87c8e1e69a3dd2d020e5084c1994279f9bd610383cd1405ce8efa4d2635a4ee,2025,8,0.059537599254105095
b87c8e1e69a3dd2d020e5084c1994279f9bd610383cd1405ce8efa4d2635a4ee,2025,9,0.05488488937914526
b87c8e1e69a3dd2d020e5084c1994279f9bd610383cd1405ce8efa4d2635a4ee,2025,10,0.09047335914573795
b8e7297ac2a0ce4bb520d8cfb64f27da6e1ddc397e6595d6f164da6721d8e7e1,2025,5,0.0220497737439721
b8e7297ac2a0ce4bb520d8cfb64f27da6e1ddc397e6595d6f164da6721d8e7e1,2025,6,0.013747989506242333
b8e7297ac2a0ce4bb520d8cfb64f27da6e1ddc397e6595d6f164da6721d8e7e1,2025,7,0.014966983428636126
b8e7297ac2a0ce4bb520d8cfb64f27da6e1ddc397e6595d6f164da6721d8e7e1,2025,8,0.01537278265995709
b8e7297ac2a0ce4bb520d8cfb64f27da6e1ddc397e6595d6f164da6721d8e7e1,2025,9,0.01650020242025474
b8e7297ac2a0ce4bb520d8cfb64f27da6e1ddc397e6595d6f164da6721d8e7e1,2025,10,0.03272450057768825
b91d4be15138003ce3a6715e046555f6e56bbfc124107f8d83153c29c2b9c6bf,2025,5,0.031821540910542324
b91d4be15138003ce3a6715e046555f6e56bbfc124107f8d83153c29c2b9c6bf,2025,6,0.018043554402962347
b91d4be15138003ce3a6715e046555f6e56bbfc124107f8d83153c29c2b9c6bf,2025,7,0.018952848931949845
b91d4be15138003ce3a6715e046555f6e56bbfc124107f8d83153c29c2b9c6bf,2025,8,0.01963310826629473
b91d4be15138003ce3a6715e046555f6e56bbfc124107f8d83153c29c2b9c6bf,2025,9,0.03700774517688904
b91d4be15138003ce3a6715e046555f6e56bbfc124107f8d83153c29c2b9c6bf,2025,10,0.08747382213855895
b9245f7fd5df062f7851a5457409a16720201f78131a927a99209b84fd2db597,2025,5,0.035441177318484625
b9245f7fd5df062f7851a5457409a16720201f78131a927a99209b84fd2db597,2025,6,0.04332598028657107
b9245f7fd5df062f7851a5457409a16720201f78131a927a99209b84fd2db597,2025,7,0.04031065759535203
b9245f7fd5df062f7851a5457409a16720201f78131a927a99209b84fd2db597,2025,8,0.0367844405562789
b9245f7fd5df062f7851a5457409a16720201f78131a927a99209b84fd2db597,2025,9,0.04408125717386145
b9245f7fd5df062f7851a5457409a16720201f78131a927a99209b84fd2db597,2025,10,0.07933106209837301
b993b5e3b8989d420c645eeea30718c4559898a2d034ee0c678162492c895daa,2025,5,0.15654667749711865
b993b5e3b8989d420c645eeea30718c4559898a2d034ee0c678162492c895daa,2025,6,0.12863091986522368
b993b5e3b8989d420c645eeea30718c4559898a2d034ee0c678162492c895daa,2025,7,0.12310627700408797
b993b5e3b8989d420c645eeea30718c4559898a2d034ee0c678162492c895daa,2025,8,0.12116103272581323
b993b5e3b8989d420c645eeea30718c4559898a2d034ee0c678162492c895daa,2025,9,0.10416058662242163
b993b5e3b8989d420c645eeea30718c4559898a2d034ee0c678162492c895daa,2025,10,0.20155839454225014
ba30b5fef6b7085e419c416d74e999df3ee83d563501424bdc0b5b1fe79ba11f,2025,5,0.2920637721409423
ba30b5fef6b7085e419c416d74e999df3ee83d563501424bdc0b5b1fe79ba11f,2025,6,0.13101229041996587
ba30b5fef6b7085e419c416d74e999df3ee83d563501424bdc0b5b1fe79ba11f,2025,7,0.17235210887382366
ba30b5fef6b7085e419c416d74e999df3ee83d563501424bdc0b5b1fe79ba11f,2025,8,0.17054608061435372
ba30b5fef6b7085e419c416d74e999df3ee83d563501424bdc0b5b1fe79ba11f,2025,9,0.16384503033513384
ba30b5fef6b7085e419c416d74e999df3ee83d563501424bdc0b5b1fe79ba11f,2025,10,0.3975518973233828
bd0e442d9f5c7523ef5b5ae9b7468e2b7ecf2837fa0f246eee62eadcb6470319,2025,5,0.03997372453227959
bd0e442d9f5c7523ef5b5ae9b7468e2b7ecf2837fa0f246eee62eadcb6470319,2025,6,0.027791001761429637
bd0e442d9f5c7523ef5b5ae9b7468e2b7ecf2837fa0f246eee62eadcb6470319,2025,7,0.029461496343465614
bd0e442d9f5c7523ef5b5ae9b7468e2b7ecf2837fa0f246eee62eadcb6470319,2025,8,0.030188229303458138
bd0e442d9f5c7523ef5b5ae9b7468e2b7ecf2837fa0f246eee62eadcb6470319,2025,9,0.024767461446854048
bd0e442d9f5c7523ef5b5ae9b7468e2b7ecf2837fa0f246eee62eadcb6470319,2025,10,0.05265311252656677
bf1009709bd89aeb038602100bec12302f1794764a5b7a528c319433dd2f8e3a,2025,5,0.029242314368424213
bf1009709bd89aeb038602100bec12302f1794764a5b7a528c319433dd2f8e3a,2025,6,0.03551184849189516
bf1009709bd89aeb038602100bec12302f1794764a5b7a528c319433dd2f8e3a,2025,7,0.031174860971386546
bf1009709bd89aeb038602100bec12302f1794764a5b7a528c319433dd2f8e3a,2025,8,0.029284988596251157
bf1009709bd89aeb038602100bec12302f1794764a5b7a528c319433dd2f8e3a,2025,9,0.02045431335277026
bf1009709bd89aeb038602100bec12302f1794764a5b7a528c319433dd2f8e3a,2025,10,0.045759773734552145
bfbec004c35034c070942c19f59f2b8ddd6a1d33a8e1ebce325801fdb28926bd,2025,5,0.12013852936610989
bfbec004c35034c070942c19f59f2b8ddd6a1d33a8e1ebce325801fdb28926bd,2025,6,0.10848459757140069
bfbec004c35034c070942c19f59f2b8ddd6a1d33a8e1ebce325801fdb28926bd,2025,7,0.10423239403005932
bfbec004c35034c070942c19f59f2b8ddd6a1d33a8e1ebce325801fdb28926bd,2025,8,0.10515540664346124
bfbec004c35034c070942c19f59f2b8ddd6a1d33a8e1ebce325801fdb28926bd,2025,9,0.1086862975511458
bfbec004c35034c070942c19f59f2b8ddd6a1d33a8e1ebce325801fdb28926bd,2025,10,0.18610479873387148
bfd5346507a6244af0fe6f7f7b7c35f52015ae83207dde158cbbe03ae12784f6,2025,5,0.046492890190248354
bfd5346507a6244af0fe6f7f7b7c35f52015ae83207dde158cbbe03ae12784f6,2025,6,0.039091089057217386
bfd5346507a6244af0fe6f7f7b7c35f52015ae83207dde158cbbe03ae12784f6,2025,7,0.04990332626934099
bfd5346507a6244af0fe6f7f7b7c35f52015ae83207dde158cbbe03ae12784f6,2025,8,0.051551756893456355
bfd5346507a6244af0fe6f7f7b7c35f52015ae83207dde158cbbe03ae12784f6,2025,9,0.03808475376817907
bfd5346507a6244af0fe6f7f7b7c35f52015ae83207dde158cbbe03ae12784f6,2025,10,0.05112686128672232
c077912f52227e7c99a51b47afeff14e6cefff26dcc1068a98ee9b4fc868f867,2025,5,0.03883750945676165
c077912f52227e7c99a51b47afeff14e6cefff26dcc1068a98ee9b4fc868f867,2025,6,0.018160781630679804
c077912f52227e7c99a51b47afeff14e6cefff26dcc1068a98ee9b4fc868f867,2025,7,0.016060773081061297
c077912f52227e7c99a51b47afeff14e6cefff26dcc1068a98ee9b4fc868f867,2025,8,0.015508747647008023
c077912f52227e7c99a51b47afeff14e6cefff26dcc1068a98ee9b4fc868f867,2025,9,0.02072685955385578
c077912f52227e7c99a51b47afeff14e6cefff26dcc1068a98ee9b4fc868f867,2025,10,0.0598310312338069
c1116094717585e830377908e382139abe75243d01bc15382b8cbe685a1e2dbb,2025,5,0.04657725609558648
c1116094717585e830377908e382139abe75243d01bc15382b8cbe685a1e2dbb,2025,6,0.037646923877431716
c1116094717585e830377908e382139abe75243d01bc15382b8cbe685a1e2dbb,2025,7,0.03686470741126195
c1116094717585e830377908e382139abe75243d01bc15382b8cbe685a1e2dbb,2025,8,0.03671031762603616
c1116094717585e830377908e382139abe75243d01bc15382b8cbe685a1e2dbb,2025,9,0.034665775856184244
c1116094717585e830377908e382139abe75243d01bc15382b8cbe685a1e2dbb,2025,10,0.06161234514281156
c198026d7a1ee9951f995ba0c47d429dba715a74dbdf3d99e3c89e5498406cf8,2025,5,0.06635277850650483
c198026d7a1ee9951f995ba0c47d429dba715a74dbdf3d99e3c89e5498406cf8,2025,6,0.0371254489254184
c198026d7a1ee9951f995ba0c47d429dba715a74dbdf3d99e3c89e5498406cf8,2025,7,0.03421817366926801
c198026d7a1ee9951f995ba0c47d429dba715a74dbdf3d99e3c89e5498406cf8,2025,8,0.034293523517082265
c198026d7a1ee9951f995ba0c47d429dba715a74dbdf3d99e3c89e5498406cf8,2025,9,0.03982618115376722
c198026d7a1ee9951f995ba0c47d429dba715a74dbdf3d99e3c89e5498406cf8,2025,10,0.10347232685015278
c1aeb16f56d61beda029610ddca160e7d878d5d4f0f7c8e92aeacfa0abe500b9,2025,5,0.12210831109727299
c1aeb16f56d61beda029610ddca160e7d878d5d4f0f7c8e92aeacfa0abe500b9,2025,6,0.12475077421696568
c1aeb16f56d61beda029610ddca160e7d878d5d4f0f7c8e92aeacfa0abe500b9,2025,7,0.11745274911073701
c1aeb16f56d61beda029610ddca160e7d878d5d4f0f7c8e92aeacfa0abe500b9,2025,8,0.11721173067104017
c1aeb16f56d61beda029610ddca160e7d878d5d4f0f7c8e92aeacfa0abe500b9,2025,9,0.11228755294716819
c1aeb16f56d61beda029610ddca160e7d878d5d4f0f7c8e92aeacfa0abe500b9,2025,10,0.1669179559754264
c319a8aee14c01c3a152d6d0ee04bbd512417ffc3f35f2154e813aec955ee22d,2025,5,0.02586933025148838
c319a8aee14c01c3a152d6d0ee04bbd512417ffc3f35f2154e813aec955ee22d,2025,6,0.017734978153209353
c319a8aee14c01c3a152d6d0ee04bbd512417ffc3f35f2154e813aec955ee22d,2025,7,0.019363705209747128
c319a8aee14c01c3a152d6d0ee04bbd512417ffc3f35f2154e813aec955ee22d,2025,8,0.01883603332076643
c319a8aee14c01c3a152d6d0ee04bbd512417ffc3f35f2154e813aec955ee22d,2025,9,0.020294653577634394
c319a8aee14c01c3a152d6d0ee04bbd512417ffc3f35f2154e813aec955ee22d,2025,10,0.04523343438740248
c33bb14440e5f9604d08955c83c8f9f9831d17f94f6438913f2714729ed671e6,2025,5,0.04591825000855032
c33bb14440e5f9604d08955c83c8f9f9831d17f94f6438913f2714729ed671e6,2025,6,0.05022527677749353
c33bb14440e5f9604d08955c83c8f9f9831d17f94f6438913f2714729ed671e6,2025,7,0.06587774478977555
c33bb14440e5f9604d08955c83c8f9f9831d17f94f6438913f2714729ed671e6,2025,8,0.06263787133401359
c33bb14440e5f9604d08955c83c8f9f9831d17f94f6438913f2714729ed671e6,2025,9,0.04658893419662609
c33bb14440e5f9604d08955c83c8f9f9831d17f94f6438913f2714729ed671e6,2025,10,0.0760103317982785
c3531c4cd18d5442063a186efeb2402442de9d731f4e98a25b3a10f044b34a4c,2025,5,0.04744005437457198
c3531c4cd18d5442063a186efeb2402442de9d731f4e98a25b3a10f044b34a4c,2025,6,0.029415830090454176
c3531c4cd18d5442063a186efeb2402442de9d731f4e98a25b3a10f044b34a4c,2025,7,0.02434793370075883
c3531c4cd18d5442063a186efeb2402442de9d731f4e98a25b3a10f044b34a4c,2025,8,0.028104083792494426
c3531c4cd18d5442063a186efeb2402442de9d731f4e98a25b3a10f044b34a4c,2025,9,0.030741001037565607
c3531c4cd18d5442063a186efeb2402442de9d731f4e98a25b3a10f044b34a4c,2025,10,0.06012527682176041
c38adeb26eb6683864917b7538be5ea7ab7914f162f1f404d164d36e333a598b,2025,5,0.065992018857646
c38adeb26eb6683864917b7538be5ea7ab7914f162f1f404d164d36e333a598b,2025,6,0.03635443369202833
c38adeb26eb6683864917b7538be5ea7ab7914f162f1f404d164d36e333a598b,2025,7,0.04033072899000566
c38adeb26eb6683864917b7538be5ea7ab7914f162f1f404d164d36e333a598b,2025,8,0.03759501482055886
c38adeb26eb6683864917b7538be5ea7ab7914f162f1f404d164d36e333a598b,2025,9,0.035793155760868056
c38adeb26eb6683864917b7538be5ea7ab7914f162f1f404d164d36e333a598b,2025,10,0.07620879439095904
c400c8685db6e684b92dff5c0aeae1d0162338576947151849112a8a6ed7f4b2,2025,5,0.053296660247413
c400c8685db6e684b92dff5c0aeae1d0162338576947151849112a8a6ed7f4b2,2025,6,0.0350628773839185
c400c8685db6e684b92dff5c0aeae1d0162338576947151849112a8a6ed7f4b2,2025,7,0.03639562359665413
c400c8685db6e684b92dff5c0aeae1d0162338576947151849112a8a6ed7f4b2,2025,8,0.04004320510045881
c400c8685db6e684b92dff5c0aeae1d0162338576947151849112a8a6ed7f4b2,2025,9,0.03364744183361487
c400c8685db6e684b92dff5c0aeae1d0162338576947151849112a8a6ed7f4b2,2025,10,0.0938728578345873
c45311bfe9c13e8706a9a099ce81762b69566b6dfda93f6d521105fbed54ee4a,2025,5,0.0
c45311bfe9c13e8706a9a099ce81762b69566b6dfda93f6d521105fbed54ee4a,2025,6,0.003792111519459694
c45311bfe9c13e8706a9a099ce81762b69566b6dfda93f6d521105fbed54ee4a,2025,7,0.006859565331711305
c45311bfe9c13e8706a9a099ce81762b69566b6dfda93f6d521105fbed54ee4a,2025,8,0.0059427999221936855
c45311bfe9c13e8706a9a099ce81762b69566b6dfda93f6d521105fbed54ee4a,2025,9,0.0026813771606364247
c45311bfe9c13e8706a9a099ce81762b69566b6dfda93f6d521105fbed54ee4a,2025,10,0.04525558961436323
c4e15179aca2e2b69a0d152931f47f9a2146da0567142b6168772bbb0ac92249,2025,5,0.031722976153689894
c4e15179aca2e2b69a0d152931f47f9a2146da0567142b6168772bbb0ac92249,2025,6,0.0274013964629816
c4e15179aca2e2b69a0d152931f47f9a2146da0567142b6168772bbb0ac92249,2025,7,0.029929454740618283
c4e15179aca2e2b69a0d152931f47f9a2146da0567142b6168772bbb0ac92249,2025,8,0.027683572531889848
c4e15179aca2e2b69a0d152931f47f9a2146da0567142b6168772bbb0ac92249,2025,9,0.024568345535374056
c4e15179aca2e2b69a0d152931f47f9a2146da0567142b6168772bbb0ac92249,2025,10,0.04261376499143886
c5761e3bb51a4736bafd9ef9cba827f52b34291ae62760174293078803186264,2025,5,0.10101421123226606
c5761e3bb51a4736bafd9ef9cba827f52b34291ae62760174293078803186264,2025,6,0.06692684414828456
c5761e3bb51a4736bafd9ef9cba827f52b34291ae62760174293078803186264,2025,7,0.06658322452518292
c580467faf49c6d3f7db098bd8da8f58421b3c4cdf32a7f27cae71677a3594b5,2025,5,0.03475415513216974
c580467faf49c6d3f7db098bd8da8f58421b3c4cdf32a7f27cae71677a3594b5,2025,6,0.012464376935258249
c580467faf49c6d3f7db098bd8da8f58421b3c4cdf32a7f27cae71677a3594b5,2025,7,0.00846581861629128
c580467faf49c6d3f7db098bd8da8f58421b3c4cdf32a7f27cae71677a3594b5,2025,8,0.007006549518734151
c580467faf49c6d3f7db098bd8da8f58421b3c4cdf32a7f27cae71677a3594b5,2025,9,0.01941466220066152
c580467faf49c6d3f7db098bd8da8f58421b3c4cdf32a7f27cae71677a3594b5,2025,10,0.05119383291659009
c5f41d8d5cb0ae4531368b587e5ca8e5d69524db1da24f9f273cd68a32d4f0d6,2025,5,0.04778008859741371
c5f41d8d5cb0ae4531368b587e5ca8e5d69524db1da24f9f273cd68a32d4f0d6,2025,6,0.03998840440684838
c5f41d8d5cb0ae4531368b587e5ca8e5d69524db1da24f9f273cd68a32d4f0d6,2025,7,0.04013426913423291
c5f41d8d5cb0ae4531368b587e5ca8e5d69524db1da24f9f273cd68a32d4f0d6,2025,8,0.037285454004366156
c5f41d8d5cb0ae4531368b587e5ca8e5d69524db1da24f9f273cd68a32d4f0d6,2025,9,0.033273677468498436
c5f41d8d5cb0ae4531368b587e5ca8e5d69524db1da24f9f273cd68a32d4f0d6,2025,10,0.061036568422702914
c67b28c6b2df355ede53fb631fcf666ef446860f2be2fab277c6f26dec3f5199,2025,5,0.052784392539390476
c67b28c6b2df355ede53fb631fcf666ef446860f2be2fab277c6f26dec3f5199,2025,6,0.0295703801913147
c67b28c6b2df355ede53fb631fcf666ef446860f2be2fab277c6f26dec3f5199,2025,7,0.030589119262045602
c67b28c6b2df355ede53fb631fcf666ef446860f2be2fab277c6f26dec3f5199,2025,8,0.029555598624512
c67b28c6b2df355ede53fb631fcf666ef446860f2be2fab277c6f26dec3f5199,2025,9,0.03898518543427436
c67b28c6b2df355ede53fb631fcf666ef446860f2be2fab277c6f26dec3f5199,2025,10,0.07736356154439011
c71612d59a2aec77f7c636999f151e9a4869b4f0a9ecd7dd562ad76b39f18e07,2025,5,0.03844899639678408
c71612d59a2aec77f7c636999f151e9a4869b4f0a9ecd7dd562ad76b39f18e07,2025,6,0.024674410872399993
c71612d59a2aec77f7c636999f151e9a4869b4f0a9ecd7dd562ad76b39f18e07,2025,7,0.02031522898747013
c71612d59a2aec77f7c636999f151e9a4869b4f0a9ecd7dd562ad76b39f18e07,2025,8,0.018644967296316903
c71612d59a2aec77f7c636999f151e9a4869b4f0a9ecd7dd562ad76b39f18e07,2025,9,0.018750351258191824
c71612d59a2aec77f7c636999f151e9a4869b4f0a9ecd7dd562ad76b39f18e07,2025,10,0.04537294078136517
c71d8c1f69ed01f105998e1330ed2674e71994e3eee6c132932695249ade611c,2025,5,0.056580865437952585
c71d8c1f69ed01f105998e1330ed2674e71994e3eee6c132932695249ade611c,2025,6,0.03368825054768128
c71d8c1f69ed01f105998e1330ed2674e71994e3eee6c132932695249ade611c,2025,7,0.03132990333558006
c71d8c1f69ed01f105998e1330ed2674e71994e3eee6c132932695249ade611c,2025,8,0.03090902837882642
c71d8c1f69ed01f105998e1330ed2674e71994e3eee6c132932695249ade611c,2025,9,0.04462712363871307
c71d8c1f69ed01f105998e1330ed2674e71994e3eee6c132932695249ade611c,2025,10,0.06192477359161274
c74e8a4d88ce3e4efe23bef8e0b2d90ddea798741169f6a07c3f29ad2d8154ec,2025,5,0.059509159123692576
c74e8a4d88ce3e4efe23bef8e0b2d90ddea798741169f6a07c3f29ad2d8154ec,2025,6,0.020819606453080574
c74e8a4d88ce3e4efe23bef8e0b2d90ddea798741169f6a07c3f29ad2d8154ec,2025,7,0.021175834922681606
c74e8a4d88ce3e4efe23bef8e0b2d90ddea798741169f6a07c3f29ad2d8154ec,2025,8,0.020218298393261593
c74e8a4d88ce3e4efe23bef8e0b2d90ddea798741169f6a07c3f29ad2d8154ec,2025,9,0.029172527763328376
c74e8a4d88ce3e4efe23bef8e0b2d90ddea798741169f6a07c3f29ad2d8154ec,2025,10,0.06935573054638147
c7b346f7fff0cb4ddcf2244db727bf6e46687293204a50c0c0cce750840f1ecf,2025,5,0.03253785759628504
c7b346f7fff0cb4ddcf2244db727bf6e46687293204a50c0c0cce750840f1ecf,2025,6,0.030300753212258984
c7b346f7fff0cb4ddcf2244db727bf6e46687293204a50c0c0cce750840f1ecf,2025,7,0.03057601676352581
c7b346f7fff0cb4ddcf2244db727bf6e46687293204a50c0c0cce750840f1ecf,2025,8,0.031677836027731
c7b346f7fff0cb4ddcf2244db727bf6e46687293204a50c0c0cce750840f1ecf,2025,9,0.023889687734440054
c7b346f7fff0cb4ddcf2244db727bf6e46687293204a50c0c0cce750840f1ecf,2025,10,0.059695225651273054
c873be5b837beb036a8f546a9cca83bc4205e0fb678ed6afefa06d2fec722d16,2025,5,0.15047394513955736
c873be5b837beb036a8f546a9cca83bc4205e0fb678ed6afefa06d2fec722d16,2025,6,0.07930374157416167
c873be5b837beb036a8f546a9cca83bc4205e0fb678ed6afefa06d2fec722d16,2025,7,0.08466016274016126
c873be5b837beb036a8f546a9cca83bc4205e0fb678ed6afefa06d2fec722d16,2025,8,0.08209180274908262
c873be5b837beb036a8f546a9cca83bc4205e0fb678ed6afefa06d2fec722d16,2025,9,0.10307471030326677
c873be5b837beb036a8f546a9cca83bc4205e0fb678ed6afefa06d2fec722d16,2025,10,0.1664170601881528
c8f29f685d8168838d67e4cdd9bfba22e414593434d5f13c883419e568018714,2025,5,0.055415752484768994
c8f29f685d8168838d67e4cdd9bfba22e414593434d5f13c883419e568018714,2025,6,0.030670598012478692
c8f29f685d8168838d67e4cdd9bfba22e414593434d5f13c883419e568018714,2025,7,0.02723913714857755
c8f29f685d8168838d67e4cdd9bfba22e414593434d5f13c883419e568018714,2025,8,0.025024458559341083
c8f29f685d8168838d67e4cdd9bfba22e414593434d5f13c883419e568018714,2025,9,0.026196864912256788
c8f29f685d8168838d67e4cdd9bfba22e414593434d5f13c883419e568018714,2025,10,0.06277908041696464
c8fe989de7825846ce61e3f272a3c89884dab798ab48bfed52c0b7c9445ca2b4,2025,5,0.0538916360764736
c8fe989de7825846ce61e3f272a3c89884dab798ab48bfed52c0b7c9445ca2b4,2025,6,0.024836898802799386
c8fe989de7825846ce61e3f272a3c89884dab798ab48bfed52c0b7c9445ca2b4,2025,7,0.01224099110566134
c8fe989de7825846ce61e3f272a3c89884dab798ab48bfed52c0b7c9445ca2b4,2025,8,0.022668943093295334
c8fe989de7825846ce61e3f272a3c89884dab798ab48bfed52c0b7c9445ca2b4,2025,9,0.02493081905895988
c8fe989de7825846ce61e3f272a3c89884dab798ab48bfed52c0b7c9445ca2b4,2025,10,0.01569911756921001
c940390d9d628a02f959cbda65b42f71cd10e83454665ada7b3ac7b8fbf9a76c,2025,5,0.032378576718791165
c940390d9d628a02f959cbda65b42f71cd10e83454665ada7b3ac7b8fbf9a76c,2025,6,0.027297688068518622
c940390d9d628a02f959cbda65b42f71cd10e83454665ada7b3ac7b8fbf9a76c,2025,7,0.025819046371854136
c940390d9d628a02f959cbda65b42f71cd10e83454665ada7b3ac7b8fbf9a76c,2025,8,0.026689326122837823
c940390d9d628a02f959cbda65b42f71cd10e83454665ada7b3ac7b8fbf9a76c,2025,9,0.026543864312832857
c940390d9d628a02f959cbda65b42f71cd10e83454665ada7b3ac7b8fbf9a76c,2025,10,0.04049596333861295
c977a8756553ed7106802ea3cd5b7124922140bc8bd91e698bbe145a53b67e74,2025,5,0.015544239831926742
c977a8756553ed7106802ea3cd5b7124922140bc8bd91e698bbe145a53b67e74,2025,6,0.025008123641943006
c977a8756553ed7106802ea3cd5b7124922140bc8bd91e698bbe145a53b67e74,2025,7,0.026791733386691784
c977a8756553ed7106802ea3cd5b7124922140bc8bd91e698bbe145a53b67e74,2025,8,0.02420695400145205
c977a8756553ed7106802ea3cd5b7124922140bc8bd91e698bbe145a53b67e74,2025,9,0.019632084098704768
c977a8756553ed7106802ea3cd5b7124922140bc8bd91e698bbe145a53b67e74,2025,10,0.033479389641267204
c97ea589792b651817d528ecec2b5e07fa336a6a72e6959516beb249486331a7,2025,5,0.05646451736703857
c97ea589792b651817d528ecec2b5e07fa336a6a72e6959516beb249486331a7,2025,6,0.034309363261070855
c97ea589792b651817d528ecec2b5e07fa336a6a72e6959516beb249486331a7,2025,7,0.03494203368096846
c97ea589792b651817d528ecec2b5e07fa336a6a72e6959516beb249486331a7,2025,8,0.041778666900649415
c97ea589792b651817d528ecec2b5e07fa336a6a72e6959516beb249486331a7,2025,9,0.03608074329268254
c97ea589792b651817d528ecec2b5e07fa336a6a72e6959516beb249486331a7,2025,10,0.06490590192216844
c9b377c6bffc53edca8e3628c037b949e9aec7b4576c7de0da99bb8775017a6b,2025,5,0.2921153984294645
c9b377c6bffc53edca8e3628c037b949e9aec7b4576c7de0da99bb8775017a6b,2025,6,0.21253101609548372
c9b377c6bffc53edca8e3628c037b949e9aec7b4576c7de0da99bb8775017a6b,2025,7,0.18675072076302573
c9b377c6bffc53edca8e3628c037b949e9aec7b4576c7de0da99bb8775017a6b,2025,8,0.19470007135744005
c9b377c6bffc53edca8e3628c037b949e9aec7b4576c7de0da99bb8775017a6b,2025,9,0.19794941476862793
c9b377c6bffc53edca8e3628c037b949e9aec7b4576c7de0da99bb8775017a6b,2025,10,0.3954338139654835
cb69e8c917727998df38cb4bd2984eca00252f5364accc19c02e360384e37232,2025,5,0.05352980977200297
cb69e8c917727998df38cb4bd2984eca00252f5364accc19c02e360384e37232,2025,6,0.041327180561434716
cb69e8c917727998df38cb4bd2984eca00252f5364accc19c02e360384e37232,2025,7,0.0449162692877598
cb69e8c917727998df38cb4bd2984eca00252f5364accc19c02e360384e37232,2025,8,0.04154238493568502
cb69e8c917727998df38cb4bd2984eca00252f5364accc19c02e360384e37232,2025,9,0.042200965836347776
cb69e8c917727998df38cb4bd2984eca00252f5364accc19c02e360384e37232,2025,10,0.07555979020866513
cb9de0c5541ffcd73a9847755f543960505f3ea68afb009f5c373c77271df7e5,2025,5,0.020457075272376782
cb9de0c5541ffcd73a9847755f543960505f3ea68afb009f5c373c77271df7e5,2025,6,0.01320891535966439
cb9de0c5541ffcd73a9847755f543960505f3ea68afb009f5c373c77271df7e5,2025,7,0.012712564683151538
cb9de0c5541ffcd73a9847755f543960505f3ea68afb009f5c373c77271df7e5,2025,8,0.014899137161484222
cb9de0c5541ffcd73a9847755f543960505f3ea68afb009f5c373c77271df7e5,2025,10,0.05064158992227027
ccd2c7d0e78433f9ad562cad91735888bdd6a6aa71683f9a3b21d12b74f1487d,2025,5,0.022818947361208854
ccd2c7d0e78433f9ad562cad91735888bdd6a6aa71683f9a3b21d12b74f1487d,2025,6,0.011810166796219324
ccd2c7d0e78433f9ad562cad91735888bdd6a6aa71683f9a3b21d12b74f1487d,2025,7,0.01518621329294245
ccd2c7d0e78433f9ad562cad91735888bdd6a6aa71683f9a3b21d12b74f1487d,2025,8,0.01172408647544193
ccd2c7d0e78433f9ad562cad91735888bdd6a6aa71683f9a3b21d12b74f1487d,2025,9,0.008556086627562551
ccd2c7d0e78433f9ad562cad91735888bdd6a6aa71683f9a3b21d12b74f1487d,2025,10,0.037962755308767415
ce082bfe21f31a738f307de299fa2559e5166d46e3e2d87e81be02de5a3ed437,2025,5,0.04073922802977462
ce082bfe21f31a738f307de299fa2559e5166d46e3e2d87e81be02de5a3ed437,2025,6,0.031067774897451557
ce082bfe21f31a738f307de299fa2559e5166d46e3e2d87e81be02de5a3ed437,2025,7,0.03385441859072377
ce082bfe21f31a738f307de299fa2559e5166d46e3e2d87e81be02de5a3ed437,2025,8,0.033186422381859426
ce082bfe21f31a738f307de299fa2559e5166d46e3e2d87e81be02de5a3ed437,2025,9,0.028875156210386832
ce082bfe21f31a738f307de299fa2559e5166d46e3e2d87e81be02de5a3ed437,2025,10,0.0694521269965531
ce2ae276c1e20eb9b26c54cefba25fabd785dcafbaa1ece3a31567f2a664c38c,2025,5,0.03646540398473125
ce2ae276c1e20eb9b26c54cefba25fabd785dcafbaa1ece3a31567f2a664c38c,2025,6,0.021492091494264353
ce2ae276c1e20eb9b26c54cefba25fabd785dcafbaa1ece3a31567f2a664c38c,2025,7,0.02316928809369624
ce2ae276c1e20eb9b26c54cefba25fabd785dcafbaa1ece3a31567f2a664c38c,2025,8,0.01894513847669755
ce416498c18f0930741983f9f0f0542273db918156e74b215908155cc6ab0957,2025,5,0.025462400671779836
ce416498c18f0930741983f9f0f0542273db918156e74b215908155cc6ab0957,2025,6,0.011960714254878775
ce416498c18f0930741983f9f0f0542273db918156e74b215908155cc6ab0957,2025,7,0.017845299461182587
ce416498c18f0930741983f9f0f0542273db918156e74b215908155cc6ab0957,2025,8,0.013595461177422812
ce416498c18f0930741983f9f0f0542273db918156e74b215908155cc6ab0957,2025,9,0.020969789071757637
ce416498c18f0930741983f9f0f0542273db918156e74b215908155cc6ab0957,2025,10,0.055944592663015325
ce5247f5d662ed4f8b3512bae0947770cc4f59ec5414ab51c0caf8ce145cfcdb,2025,5,0.021371991417289706
ce5247f5d662ed4f8b3512bae0947770cc4f59ec5414ab51c0caf8ce145cfcdb,2025,6,0.02653448680823008
ce5247f5d662ed4f8b3512bae0947770cc4f59ec5414ab51c0caf8ce145cfcdb,2025,7,0.028796152215464034
ce5247f5d662ed4f8b3512bae0947770cc4f59ec5414ab51c0caf8ce145cfcdb,2025,8,0.027843916141537896
ce5247f5d662ed4f8b3512bae0947770cc4f59ec5414ab51c0caf8ce145cfcdb,2025,9,0.021483350353880305
ce5247f5d662ed4f8b3512bae0947770cc4f59ec5414ab51c0caf8ce145cfcdb,2025,10,0.04312504938605266
cf0116021413b609ee663f3d2d27fa05b4e02f99de913f0b284356dab4f362e7,2025,5,0.061999552871093565
cf0116021413b609ee663f3d2d27fa05b4e02f99de913f0b284356dab4f362e7,2025,6,0.03342935260159908
cf0116021413b609ee663f3d2d27fa05b4e02f99de913f0b284356dab4f362e7,2025,7,0.03732953832384582
cf0116021413b609ee663f3d2d27fa05b4e02f99de913f0b284356dab4f362e7,2025,8,0.03472733188822788
cf0116021413b609ee663f3d2d27fa05b4e02f99de913f0b284356dab4f362e7,2025,9,0.040522214540192864
cf0116021413b609ee663f3d2d27fa05b4e02f99de913f0b284356dab4f362e7,2025,10,0.09960557062716249
cf052f1c689934287d5a53e5c0ca51619c89cfa97c4e1aa832feda9fba26a8bf,2025,5,0.13162664881964564
cf052f1c689934287d5a53e5c0ca51619c89cfa97c4e1aa832feda9fba26a8bf,2025,6,0.13312527613616273
cf052f1c689934287d5a53e5c0ca51619c89cfa97c4e1aa832feda9fba26a8bf,2025,7,0.12449305092594645
cf052f1c689934287d5a53e5c0ca51619c89cfa97c4e1aa832feda9fba26a8bf,2025,8,0.11884521813122904
cf052f1c689934287d5a53e5c0ca51619c89cfa97c4e1aa832feda9fba26a8bf,2025,9,0.11004016045094239
cf052f1c689934287d5a53e5c0ca51619c89cfa97c4e1aa832feda9fba26a8bf,2025,10,0.23440931481054955
cf9b680d533205300963c2abda40219554f3a4b6ec8ec3835b520cf08ff7fe48,2025,5,0.06452030602496245
cf9b680d533205300963c2abda40219554f3a4b6ec8ec3835b520cf08ff7fe48,2025,6,0.03798288550567579
cf9b680d533205300963c2abda40219554f3a4b6ec8ec3835b520cf08ff7fe48,2025,7,0.045100189571529815
cf9b680d533205300963c2abda40219554f3a4b6ec8ec3835b520cf08ff7fe48,2025,8,0.04183041015799542
cf9b680d533205300963c2abda40219554f3a4b6ec8ec3835b520cf08ff7fe48,2025,9,0.037750727576589635
cf9b680d533205300963c2abda40219554f3a4b6ec8ec3835b520cf08ff7fe48,2025,10,0.09719144221560216
d0e2a6ab28f544e994e9255a1c8bf3551b3f188417424a7b5bd97175028973f8,2025,5,0.023286539232514898
d0e2a6ab28f544e994e9255a1c8bf3551b3f188417424a7b5bd97175028973f8,2025,6,0.021108819445379446
d0e2a6ab28f544e994e9255a1c8bf3551b3f188417424a7b5bd97175028973f8,2025,7,0.025686858754400514
d0e2a6ab28f544e994e9255a1c8bf3551b3f188417424a7b5bd97175028973f8,2025,8,0.022073226404582556
d0e2a6ab28f544e994e9255a1c8bf3551b3f188417424a7b5bd97175028973f8,2025,9,0.01981127441343183
d0e2a6ab28f544e994e9255a1c8bf3551b3f188417424a7b5bd97175028973f8,2025,10,0.052470742229604066
d123e5672e62a689510b2e0557eaa291d53d42a92de62564be8752a981569996,2025,5,0.0871798207338775
d123e5672e62a689510b2e0557eaa291d53d42a92de62564be8752a981569996,2025,6,0.08276767669294474
d123e5672e62a689510b2e0557eaa291d53d42a92de62564be8752a981569996,2025,7,0.07608691226644029
d123e5672e62a689510b2e0557eaa291d53d42a92de62564be8752a981569996,2025,8,0.07749910058635227
d123e5672e62a689510b2e0557eaa291d53d42a92de62564be8752a981569996,2025,9,0.07970054245695452
d123e5672e62a689510b2e0557eaa291d53d42a92de62564be8752a981569996,2025,10,0.12224216632988918
d1805ac591a5d12b795551ba179e943ed04f1a69a6c1a5535bcbd955449db802,2025,5,0.09585306756676082
d1805ac591a5d12b795551ba179e943ed04f1a69a6c1a5535bcbd955449db802,2025,6,0.05117455824921413
d1805ac591a5d12b795551ba179e943ed04f1a69a6c1a5535bcbd955449db802,2025,7,0.05723873424130394
d1805ac591a5d12b795551ba179e943ed04f1a69a6c1a5535bcbd955449db802,2025,8,0.07504252747109308
d1805ac591a5d12b795551ba179e943ed04f1a69a6c1a5535bcbd955449db802,2025,9,0.08126030768149159
d1805ac591a5d12b795551ba179e943ed04f1a69a6c1a5535bcbd955449db802,2025,10,0.15683460558438117
d1a816f1be317befb5b1d91b658abe83e2c740dcad41d4db00be4589ad1119e9,2025,5,0.017046768193893447
d1a816f1be317befb5b1d91b658abe83e2c740dcad41d4db00be4589ad1119e9,2025,6,0.011683692905950678
d1a816f1be317befb5b1d91b658abe83e2c740dcad41d4db00be4589ad1119e9,2025,7,0.016443475017543695
d1a816f1be317befb5b1d91b658abe83e2c740dcad41d4db00be4589ad1119e9,2025,8,0.016160665085235157
d1a816f1be317befb5b1d91b658abe83e2c740dcad41d4db00be4589ad1119e9,2025,9,0.014120235692131784
d1a816f1be317befb5b1d91b658abe83e2c740dcad41d4db00be4589ad1119e9,2025,10,0.025964855013590173
d1b5aff5b13c1ced12b049b8771f378838c9085395bedc1629c558ed104924ed,2025,5,0.03519413512055684
d1b5aff5b13c1ced12b049b8771f378838c9085395bedc1629c558ed104924ed,2025,6,0.03348057696437754
d1b5aff5b13c1ced12b049b8771f378838c9085395bedc1629c558ed104924ed,2025,7,0.03314656905419311
d1b5aff5b13c1ced12b049b8771f378838c9085395bedc1629c558ed104924ed,2025,8,0.031287674647315335
d1b5aff5b13c1ced12b049b8771f378838c9085395bedc1629c558ed104924ed,2025,9,0.03283849179541657
d1b5aff5b13c1ced12b049b8771f378838c9085395bedc1629c558ed104924ed,2025,10,0.06036781801155801
d1d2f9414bb8f6580ac6fb962c487c50c81533441363a914623834bd7a03ddd2,2025,5,0.04174404902951091
d1d2f9414bb8f6580ac6fb962c487c50c81533441363a914623834bd7a03ddd2,2025,6,0.04370790664444511
d1d2f9414bb8f6580ac6fb962c487c50c81533441363a914623834bd7a03ddd2,2025,7,0.049271917166634475
d1d2f9414bb8f6580ac6fb962c487c50c81533441363a914623834bd7a03ddd2,2025,8,0.051058816181208264
d1d2f9414bb8f6580ac6fb962c487c50c81533441363a914623834bd7a03ddd2,2025,9,0.0380390376512261
d1d2f9414bb8f6580ac6fb962c487c50c81533441363a914623834bd7a03ddd2,2025,10,0.07011621649657276
d1f26cd6c191c09d8513279b6869e83111722f741a59f2c069deb46c89b85a6d,2025,5,0.034069353209855165
d1f26cd6c191c09d8513279b6869e83111722f741a59f2c069deb46c89b85a6d,2025,6,0.02652310335920944
d1f26cd6c191c09d8513279b6869e83111722f741a59f2c069deb46c89b85a6d,2025,7,0.02465894500572361
d1f26cd6c191c09d8513279b6869e83111722f741a59f2c069deb46c89b85a6d,2025,8,0.023593187779484083
d1f26cd6c191c09d8513279b6869e83111722f741a59f2c069deb46c89b85a6d,2025,9,0.021727789089538464
d1f26cd6c191c09d8513279b6869e83111722f741a59f2c069deb46c89b85a6d,2025,10,0.049330192466593675
d218ab185a3bb1aa697dfd670cb0218f7f944e35a162bb3d188ed64792be83a6,2025,5,0.040586475769722845
d218ab185a3bb1aa697dfd670cb0218f7f944e35a162bb3d188ed64792be83a6,2025,6,0.02098218221946231
d218ab185a3bb1aa697dfd670cb0218f7f944e35a162bb3d188ed64792be83a6,2025,7,0.029254706520706886
d218ab185a3bb1aa697dfd670cb0218f7f944e35a162bb3d188ed64792be83a6,2025,8,0.02498075044921582
d218ab185a3bb1aa697dfd670cb0218f7f944e35a162bb3d188ed64792be83a6,2025,9,0.02417554150245159
d218ab185a3bb1aa697dfd670cb0218f7f944e35a162bb3d188ed64792be83a6,2025,10,0.049772851483778274
d2d04cc7758224311fda82943245daafb43f11000dfca228e5fa83eaaa94cb0c,2025,5,0.029057841202937838
d2d04cc7758224311fda82943245daafb43f11000dfca228e5fa83eaaa94cb0c,2025,6,0.01831177857082345
d2d04cc7758224311fda82943245daafb43f11000dfca228e5fa83eaaa94cb0c,2025,7,0.018331660367109648
d2d04cc7758224311fda82943245daafb43f11000dfca228e5fa83eaaa94cb0c,2025,8,0.01964254176391037
d2d04cc7758224311fda82943245daafb43f11000dfca228e5fa83eaaa94cb0c,2025,9,0.016691850885802086
d2d04cc7758224311fda82943245daafb43f11000dfca228e5fa83eaaa94cb0c,2025,10,0.04092250971560668
d2f48ed028606407a55754c6b0e7a7a5407e8134ea82f908516180fd669bb93b,2025,5,0.027269478897187945
d2f48ed028606407a55754c6b0e7a7a5407e8134ea82f908516180fd669bb93b,2025,6,0.015050095675914869
d2f48ed028606407a55754c6b0e7a7a5407e8134ea82f908516180fd669bb93b,2025,7,0.016596120699696307
d2f48ed028606407a55754c6b0e7a7a5407e8134ea82f908516180fd669bb93b,2025,8,0.015894060343480582
d2f48ed028606407a55754c6b0e7a7a5407e8134ea82f908516180fd669bb93b,2025,9,0.011784417469582746
d2f48ed028606407a55754c6b0e7a7a5407e8134ea82f908516180fd669bb93b,2025,10,0.041341127585839466
d3288df081a58981101a8c062ba42c9b2bd0b981c04f68634716fffb00a78a10,2025,5,0.09523163418290694
d3288df081a58981101a8c062ba42c9b2bd0b981c04f68634716fffb00a78a10,2025,6,0.09184234963801576
d3288df081a58981101a8c062ba42c9b2bd0b981c04f68634716fffb00a78a10,2025,7,0.09991035847407184
d3288df081a58981101a8c062ba42c9b2bd0b981c04f68634716fffb00a78a10,2025,8,0.09527338847228523
d3288df081a58981101a8c062ba42c9b2bd0b981c04f68634716fffb00a78a10,2025,9,0.08303148014879473
d3288df081a58981101a8c062ba42c9b2bd0b981c04f68634716fffb00a78a10,2025,10,0.21447028376885635
d34987728389993b11dcf109da7b76196860877d6c362816805b517342259e4c,2025,5,0.08671496717006302
d34987728389993b11dcf109da7b76196860877d6c362816805b517342259e4c,2025,6,0.07297486712289583
d34987728389993b11dcf109da7b76196860877d6c362816805b517342259e4c,2025,7,0.04535857757057158
d34987728389993b11dcf109da7b76196860877d6c362816805b517342259e4c,2025,8,0.04889498714031218
d34987728389993b11dcf109da7b76196860877d6c362816805b517342259e4c,2025,9,0.056509950506915554
d34987728389993b11dcf109da7b76196860877d6c362816805b517342259e4c,2025,10,0.1224223642009123
d3b2c314fb99dea50f2097328448a379fe84011e73b574c647c18b9f92692493,2025,5,0.03783935926530465
d3b2c314fb99dea50f2097328448a379fe84011e73b574c647c18b9f92692493,2025,6,0.018731122114962223
d3b2c314fb99dea50f2097328448a379fe84011e73b574c647c18b9f92692493,2025,7,0.011913089188191978
d3b2c314fb99dea50f2097328448a379fe84011e73b574c647c18b9f92692493,2025,8,0.0005233351911718335
d3b2c314fb99dea50f2097328448a379fe84011e73b574c647c18b9f92692493,2025,9,0.00840674847857991
d3b2c314fb99dea50f2097328448a379fe84011e73b574c647c18b9f92692493,2025,10,0.020900811034998572
d3c5218356041476932f6aaf3981c11ef7e52c0deca9b67cd00d1e3d652419c4,2025,5,0.058124733386034716
d3c5218356041476932f6aaf3981c11ef7e52c0deca9b67cd00d1e3d652419c4,2025,6,0.03107565833497981
d3c5218356041476932f6aaf3981c11ef7e52c0deca9b67cd00d1e3d652419c4,2025,7,0.025649848507892585
d3c5218356041476932f6aaf3981c11ef7e52c0deca9b67cd00d1e3d652419c4,2025,8,0.03161554564874023
d3c5218356041476932f6aaf3981c11ef7e52c0deca9b67cd00d1e3d652419c4,2025,9,0.03205500132402295
d3c5218356041476932f6aaf3981c11ef7e52c0deca9b67cd00d1e3d652419c4,2025,10,0.0676529001740668
d3cf6613f44fc448205923f517c9247dc6cedfab0b6f2c169cbde33bb79e862a,2025,5,0.0323506640216376
d3cf6613f44fc448205923f517c9247dc6cedfab0b6f2c169cbde33bb79e862a,2025,6,0.047320941902330646
d3cf6613f44fc448205923f517c9247dc6cedfab0b6f2c169cbde33bb79e862a,2025,7,0.05221481060345833
d3cf6613f44fc448205923f517c9247dc6cedfab0b6f2c169cbde33bb79e862a,2025,8,0.05638673089579542
d3cf6613f44fc448205923f517c9247dc6cedfab0b6f2c169cbde33bb79e862a,2025,9,0.05376510655352725
d3cf6613f44fc448205923f517c9247dc6cedfab0b6f2c169cbde33bb79e862a,2025,10,0.04778688589177254
d3e47bad6b0a55070ad9ef260031086498bdf593426023277378b74e00e6c75f,2025,5,0.1007773939030394
d3e47bad6b0a55070ad9ef260031086498bdf593426023277378b74e00e6c75f,2025,6,0.07551740376505982
d3e47bad6b0a55070ad9ef260031086498bdf593426023277378b74e00e6c75f,2025,7,0.07098410207956476
d3e47bad6b0a55070ad9ef260031086498bdf593426023277378b74e00e6c75f,2025,8,0.0672449109174581
d3e47bad6b0a55070ad9ef260031086498bdf593426023277378b74e00e6c75f,2025,9,0.0759384889307953
d3e47bad6b0a55070ad9ef260031086498bdf593426023277378b74e00e6c75f,2025,10,0.1447630761332831
d3f7b37d249f9f8badd0dbe523103ee252c410de214d3aae287a5ab1bc1680b6,2025,5,0.013423899635133487
d3f7b37d249f9f8badd0dbe523103ee252c410de214d3aae287a5ab1bc1680b6,2025,6,0.01885851374998364
d3f7b37d249f9f8badd0dbe523103ee252c410de214d3aae287a5ab1bc1680b6,2025,7,0.021970120888160305
d3f7b37d249f9f8badd0dbe523103ee252c410de214d3aae287a5ab1bc1680b6,2025,8,0.01910342436028941
d3f7b37d249f9f8badd0dbe523103ee252c410de214d3aae287a5ab1bc1680b6,2025,9,0.015363244682221857
d3f7b37d249f9f8badd0dbe523103ee252c410de214d3aae287a5ab1bc1680b6,2025,10,0.039138377446197664
d4390444ab3cddba55c0641a7769aff5d9b8dfb0fe5902b4853ffc85c7f16d2a,2025,5,0.037172971480176994
d4390444ab3cddba55c0641a7769aff5d9b8dfb0fe5902b4853ffc85c7f16d2a,2025,6,0.015776437456522765
d4390444ab3cddba55c0641a7769aff5d9b8dfb0fe5902b4853ffc85c7f16d2a,2025,7,0.013285563541707488
d4390444ab3cddba55c0641a7769aff5d9b8dfb0fe5902b4853ffc85c7f16d2a,2025,8,0.01753453644038752
d4390444ab3cddba55c0641a7769aff5d9b8dfb0fe5902b4853ffc85c7f16d2a,2025,9,0.021075306773882106
d4390444ab3cddba55c0641a7769aff5d9b8dfb0fe5902b4853ffc85c7f16d2a,2025,10,0.04740125568513506
d52e4f00f9857aab994eed9d9a7a32891a4bb1477e4e8898df78f0f983da1928,2025,5,0.049350318460394976
d52e4f00f9857aab994eed9d9a7a32891a4bb1477e4e8898df78f0f983da1928,2025,6,0.02103204241993667
d52e4f00f9857aab994eed9d9a7a32891a4bb1477e4e8898df78f0f983da1928,2025,7,0.02317422607629993
d52e4f00f9857aab994eed9d9a7a32891a4bb1477e4e8898df78f0f983da1928,2025,8,0.021048075355707838
d52e4f00f9857aab994eed9d9a7a32891a4bb1477e4e8898df78f0f983da1928,2025,9,0.02653842315289697
d52e4f00f9857aab994eed9d9a7a32891a4bb1477e4e8898df78f0f983da1928,2025,10,0.07641042381378846
d6e3c3d5e9d19d7cedfdd7e976554174327048371e7ac1d177505bd69496a071,2025,5,0.11221511043240158
d6e3c3d5e9d19d7cedfdd7e976554174327048371e7ac1d177505bd69496a071,2025,6,0.08242169137735841
d6e3c3d5e9d19d7cedfdd7e976554174327048371e7ac1d177505bd69496a071,2025,7,0.08095690291056251
d6e3c3d5e9d19d7cedfdd7e976554174327048371e7ac1d177505bd69496a071,2025,8,0.0804280019012521
d6e3c3d5e9d19d7cedfdd7e976554174327048371e7ac1d177505bd69496a071,2025,9,0.07244543706370946
d6e3c3d5e9d19d7cedfdd7e976554174327048371e7ac1d177505bd69496a071,2025,10,0.17741047668596266
d6f75f9b6f70333f19a7f40630261af3e35b0405ff2d660c7bd1651171577f0e,2025,5,0.02682892995270672
d6f75f9b6f70333f19a7f40630261af3e35b0405ff2d660c7bd1651171577f0e,2025,6,0.026659112361739377
d6f75f9b6f70333f19a7f40630261af3e35b0405ff2d660c7bd1651171577f0e,2025,7,0.02563964110129869
d6f75f9b6f70333f19a7f40630261af3e35b0405ff2d660c7bd1651171577f0e,2025,8,0.022217974406425697
d6f75f9b6f70333f19a7f40630261af3e35b0405ff2d660c7bd1651171577f0e,2025,9,0.020744487917726512
d6f75f9b6f70333f19a7f40630261af3e35b0405ff2d660c7bd1651171577f0e,2025,10,0.045161403835167147
d6febc6ef1c6c39ee13099398a2f44f52e2bc756593df88fd36d2c4e4f7c5c91,2025,5,0.05024047046024607
d6febc6ef1c6c39ee13099398a2f44f52e2bc756593df88fd36d2c4e4f7c5c91,2025,6,0.042724827843843766
d6febc6ef1c6c39ee13099398a2f44f52e2bc756593df88fd36d2c4e4f7c5c91,2025,7,0.03721497041933105
d6febc6ef1c6c39ee13099398a2f44f52e2bc756593df88fd36d2c4e4f7c5c91,2025,8,0.0431450737257692
d6febc6ef1c6c39ee13099398a2f44f52e2bc756593df88fd36d2c4e4f7c5c91,2025,9,0.042048351088192035
d6febc6ef1c6c39ee13099398a2f44f52e2bc756593df88fd36d2c4e4f7c5c91,2025,10,0.06259597393173914
d70a6168499f0ecec49bb714b51e6a7df9e7e53d400f106fa9a47e93e9abc23b,2025,5,0.10273798182861893
d70a6168499f0ecec49bb714b51e6a7df9e7e53d400f106fa9a47e93e9abc23b,2025,6,0.08224622712992422
d70a6168499f0ecec49bb714b51e6a7df9e7e53d400f106fa9a47e93e9abc23b,2025,7,0.0890605731632445
d70a6168499f0ecec49bb714b51e6a7df9e7e53d400f106fa9a47e93e9abc23b,2025,8,0.09360448842708648
d70a6168499f0ecec49bb714b51e6a7df9e7e53d400f106fa9a47e93e9abc23b,2025,9,0.10745333708839702
d70a6168499f0ecec49bb714b51e6a7df9e7e53d400f106fa9a47e93e9abc23b,2025,10,0.14503229537390225
d724f92ef100886405215ff121432d15457bd40e0f51765882486e307a0ee3cf,2025,5,0.04732028859446271
d724f92ef100886405215ff121432d15457bd40e0f51765882486e307a0ee3cf,2025,6,0.03553270861676716
d724f92ef100886405215ff121432d15457bd40e0f51765882486e307a0ee3cf,2025,7,0.0353055205223481
d724f92ef100886405215ff121432d15457bd40e0f51765882486e307a0ee3cf,2025,8,0.03653713116481881
d724f92ef100886405215ff121432d15457bd40e0f51765882486e307a0ee3cf,2025,9,0.032891492117958186
d724f92ef100886405215ff121432d15457bd40e0f51765882486e307a0ee3cf,2025,10,0.07613647845492083
d762023a4cb6a430e357f68eaba8cc394948bd028911e463c3584286d2addcca,2025,5,0.076536248125328
d762023a4cb6a430e357f68eaba8cc394948bd028911e463c3584286d2addcca,2025,6,0.048147214605558514
d762023a4cb6a430e357f68eaba8cc394948bd028911e463c3584286d2addcca,2025,7,0.04808744702036638
d762023a4cb6a430e357f68eaba8cc394948bd028911e463c3584286d2addcca,2025,8,0.04626830514860819
d762023a4cb6a430e357f68eaba8cc394948bd028911e463c3584286d2addcca,2025,9,0.05041555918468127
d762023a4cb6a430e357f68eaba8cc394948bd028911e463c3584286d2addcca,2025,10,0.08691164790450409
d7d81af73de4eec768a34104a81b6c6218b9d6e7ee88639839bb1bb52e0da241,2025,5,0.052878691221516255
d7d81af73de4eec768a34104a81b6c6218b9d6e7ee88639839bb1bb52e0da241,2025,6,0.02490955146083438
d7d81af73de4eec768a34104a81b6c6218b9d6e7ee88639839bb1bb52e0da241,2025,7,0.029228827419304937
d7d81af73de4eec768a34104a81b6c6218b9d6e7ee88639839bb1bb52e0da241,2025,8,0.02934738103800484
d7d81af73de4eec768a34104a81b6c6218b9d6e7ee88639839bb1bb52e0da241,2025,9,0.03790879586829203
d7d81af73de4eec768a34104a81b6c6218b9d6e7ee88639839bb1bb52e0da241,2025,10,0.0568729495757412
d8a47d0eec5e005c2048ab7861bc0347c93feccfd9cbafbe6ce826777dc6e2ba,2025,5,0.04929166144770389
d8a47d0eec5e005c2048ab7861bc0347c93feccfd9cbafbe6ce826777dc6e2ba,2025,6,0.02121528231929777
d8a47d0eec5e005c2048ab7861bc0347c93feccfd9cbafbe6ce826777dc6e2ba,2025,7,0.022420021714502632
d8a47d0eec5e005c2048ab7861bc0347c93feccfd9cbafbe6ce826777dc6e2ba,2025,8,0.025491421970819238
d8a47d0eec5e005c2048ab7861bc0347c93feccfd9cbafbe6ce826777dc6e2ba,2025,9,0.018245538858433576
d8a47d0eec5e005c2048ab7861bc0347c93feccfd9cbafbe6ce826777dc6e2ba,2025,10,0.07223751008075074
d8a7cab220b0e8cc0c345b0e5b8b58910b3adf63d81982c28ae5bfe047d6e443,2025,5,0.08629271900229449
d8a7cab220b0e8cc0c345b0e5b8b58910b3adf63d81982c28ae5bfe047d6e443,2025,6,0.0672664663896785
d8a7cab220b0e8cc0c345b0e5b8b58910b3adf63d81982c28ae5bfe047d6e443,2025,7,0.06917627302280677
d8a7cab220b0e8cc0c345b0e5b8b58910b3adf63d81982c28ae5bfe047d6e443,2025,8,0.06943916249117207
d8a7cab220b0e8cc0c345b0e5b8b58910b3adf63d81982c28ae5bfe047d6e443,2025,9,0.06736619282357936
d8a7cab220b0e8cc0c345b0e5b8b58910b3adf63d81982c28ae5bfe047d6e443,2025,10,0.1161473899383304
d924d2981c3dcb2b0f5ea3fed278fcacee25e9b13c49c19d301db2ca9423720d,2025,5,0.04262266174009943
d924d2981c3dcb2b0f5ea3fed278fcacee25e9b13c49c19d301db2ca9423720d,2025,6,0.024867665515923145
d924d2981c3dcb2b0f5ea3fed278fcacee25e9b13c49c19d301db2ca9423720d,2025,7,0.02527189218505446
d924d2981c3dcb2b0f5ea3fed278fcacee25e9b13c49c19d301db2ca9423720d,2025,8,0.025123326067278618
d924d2981c3dcb2b0f5ea3fed278fcacee25e9b13c49c19d301db2ca9423720d,2025,9,0.017449495286241967
d924d2981c3dcb2b0f5ea3fed278fcacee25e9b13c49c19d301db2ca9423720d,2025,10,0.05634310433167899
db2eb9b8fa619543ab6a1bd28aa37806f81fddb02dde88d9fd803db75e84b211,2025,5,0.1187416081747029
db2eb9b8fa619543ab6a1bd28aa37806f81fddb02dde88d9fd803db75e84b211,2025,6,0.0834218945927492
db2eb9b8fa619543ab6a1bd28aa37806f81fddb02dde88d9fd803db75e84b211,2025,7,0.07060887986510804
db2eb9b8fa619543ab6a1bd28aa37806f81fddb02dde88d9fd803db75e84b211,2025,8,0.06877408198139617
db2eb9b8fa619543ab6a1bd28aa37806f81fddb02dde88d9fd803db75e84b211,2025,9,0.0726703666651726
db2eb9b8fa619543ab6a1bd28aa37806f81fddb02dde88d9fd803db75e84b211,2025,10,0.1075175761394239
db82816104068c379078b75b27d962cfb04a8a496b5e40b41e8fe49a01dab694,2025,5,0.0870034875905279
db82816104068c379078b75b27d962cfb04a8a496b5e40b41e8fe49a01dab694,2025,6,0.05245166439424229
db82816104068c379078b75b27d962cfb04a8a496b5e40b41e8fe49a01dab694,2025,7,0.0411142909235129
db82816104068c379078b75b27d962cfb04a8a496b5e40b41e8fe49a01dab694,2025,8,0.04928857758867126
db82816104068c379078b75b27d962cfb04a8a496b5e40b41e8fe49a01dab694,2025,9,0.05749709629196033
db82816104068c379078b75b27d962cfb04a8a496b5e40b41e8fe49a01dab694,2025,10,0.11168918807062062
db8af9f2d22db36aa255d7d48d8bfb89d3c763b4fe76c9824ddbe2bc502338bc,2025,5,0.06173873608039644
db8af9f2d22db36aa255d7d48d8bfb89d3c763b4fe76c9824ddbe2bc502338bc,2025,6,0.044950182164943335
db8af9f2d22db36aa255d7d48d8bfb89d3c763b4fe76c9824ddbe2bc502338bc,2025,7,0.04683556077863307
db8af9f2d22db36aa255d7d48d8bfb89d3c763b4fe76c9824ddbe2bc502338bc,2025,8,0.04738744964711647
db8af9f2d22db36aa255d7d48d8bfb89d3c763b4fe76c9824ddbe2bc502338bc,2025,9,0.05474132459261163
db8af9f2d22db36aa255d7d48d8bfb89d3c763b4fe76c9824ddbe2bc502338bc,2025,10,0.10094477768343069
dba1677fddc05c4a9f8608485bda835b0c1f5d257bea750403cb425c207373ac,2025,5,0.05671991969458893
dba1677fddc05c4a9f8608485bda835b0c1f5d257bea750403cb425c207373ac,2025,6,0.03856787376102165
dba1677fddc05c4a9f8608485bda835b0c1f5d257bea750403cb425c207373ac,2025,7,0.04162100042861622
dba1677fddc05c4a9f8608485bda835b0c1f5d257bea750403cb425c207373ac,2025,8,0.03892821828571759
dba1677fddc05c4a9f8608485bda835b0c1f5d257bea750403cb425c207373ac,2025,9,0.04167265207742854
dba1677fddc05c4a9f8608485bda835b0c1f5d257bea750403cb425c207373ac,2025,10,0.09436171884257794
dbca0e4d602ae5bc72d0e754f00db9cb65586891cccb1e2e3434a9e87d2fec59,2025,5,0.010903879998323863
dbca0e4d602ae5bc72d0e754f00db9cb65586891cccb1e2e3434a9e87d2fec59,2025,6,0.005462353160679542
dbca0e4d602ae5bc72d0e754f00db9cb65586891cccb1e2e3434a9e87d2fec59,2025,7,0.005890112174309249
dbca0e4d602ae5bc72d0e754f00db9cb65586891cccb1e2e3434a9e87d2fec59,2025,8,0.006001192889565312
dbca0e4d602ae5bc72d0e754f00db9cb65586891cccb1e2e3434a9e87d2fec59,2025,9,0.004205327825492444
dbca0e4d602ae5bc72d0e754f00db9cb65586891cccb1e2e3434a9e87d2fec59,2025,10,0.026457842083606995
dbd8594674342417912fdbc93e8a57a1cd479cb011aae26e74515cccb42f313f,2025,5,0.055655167268015324
dbd8594674342417912fdbc93e8a57a1cd479cb011aae26e74515cccb42f313f,2025,6,0.047745974462510304
dbd8594674342417912fdbc93e8a57a1cd479cb011aae26e74515cccb42f313f,2025,7,0.0491269080547801
dbd8594674342417912fdbc93e8a57a1cd479cb011aae26e74515cccb42f313f,2025,8,0.046382009122711856
dbd8594674342417912fdbc93e8a57a1cd479cb011aae26e74515cccb42f313f,2025,9,0.04779425841954788
dbd8594674342417912fdbc93e8a57a1cd479cb011aae26e74515cccb42f313f,2025,10,0.12198645290302515
dc9a56ba28581b1f90dc445eaa8307bdc7dd889db6d5032dbe4102b216207845,2025,5,0.029218484780453434
dc9a56ba28581b1f90dc445eaa8307bdc7dd889db6d5032dbe4102b216207845,2025,6,0.021751068707659582
dc9a56ba28581b1f90dc445eaa8307bdc7dd889db6d5032dbe4102b216207845,2025,7,0.028699144961287247
dc9a56ba28581b1f90dc445eaa8307bdc7dd889db6d5032dbe4102b216207845,2025,8,0.02307185111713967
dc9a56ba28581b1f90dc445eaa8307bdc7dd889db6d5032dbe4102b216207845,2025,9,0.017443818607006018
dc9a56ba28581b1f90dc445eaa8307bdc7dd889db6d5032dbe4102b216207845,2025,10,0.05378050296996238
dd9925b02e28cf9fe5d363a35eca7dbca4515111b96579844b5d2204e830ed24,2025,5,0.03472466740887069
dd9925b02e28cf9fe5d363a35eca7dbca4515111b96579844b5d2204e830ed24,2025,6,0.020336230708988837
dd9925b02e28cf9fe5d363a35eca7dbca4515111b96579844b5d2204e830ed24,2025,7,0.020698582467457094
dd9925b02e28cf9fe5d363a35eca7dbca4515111b96579844b5d2204e830ed24,2025,8,0.0191636048583654
dd9925b02e28cf9fe5d363a35eca7dbca4515111b96579844b5d2204e830ed24,2025,9,0.02418726610179466
dd9925b02e28cf9fe5d363a35eca7dbca4515111b96579844b5d2204e830ed24,2025,10,0.040879856004133186
ddf9abe7997e0972314afbcaa3f8673b1e0c4c5b1d278548ad3e14f3e308493c,2025,5,0.11075863502018699
ddf9abe7997e0972314afbcaa3f8673b1e0c4c5b1d278548ad3e14f3e308493c,2025,6,0.08071350738611516
ddf9abe7997e0972314afbcaa3f8673b1e0c4c5b1d278548ad3e14f3e308493c,2025,7,0.08322567524720313
ddf9abe7997e0972314afbcaa3f8673b1e0c4c5b1d278548ad3e14f3e308493c,2025,8,0.08127709383245876
ddf9abe7997e0972314afbcaa3f8673b1e0c4c5b1d278548ad3e14f3e308493c,2025,9,0.08627698559487544
ddf9abe7997e0972314afbcaa3f8673b1e0c4c5b1d278548ad3e14f3e308493c,2025,10,0.12229022183151682
de6b9e6e658bd793b9f0b6c9fd74d245c2d1dd6b80d016c9faee1749d1b48e58,2025,5,0.06010638315885493
de6b9e6e658bd793b9f0b6c9fd74d245c2d1dd6b80d016c9faee1749d1b48e58,2025,6,0.041226967821565874
de6b9e6e658bd793b9f0b6c9fd74d245c2d1dd6b80d016c9faee1749d1b48e58,2025,7,0.03725305237866435
de6b9e6e658bd793b9f0b6c9fd74d245c2d1dd6b80d016c9faee1749d1b48e58,2025,8,0.03214901243732779
de6b9e6e658bd793b9f0b6c9fd74d245c2d1dd6b80d016c9faee1749d1b48e58,2025,9,0.03798174757121324
de6b9e6e658bd793b9f0b6c9fd74d245c2d1dd6b80d016c9faee1749d1b48e58,2025,10,0.07686509107378883
de93102deb0293a3a8f8b0d0d2aabd781dd5aa299ed9cca04f633ab3ec474d13,2025,5,0.09009179376100618
de93102deb0293a3a8f8b0d0d2aabd781dd5aa299ed9cca04f633ab3ec474d13,2025,6,0.0888219975016617
de93102deb0293a3a8f8b0d0d2aabd781dd5aa299ed9cca04f633ab3ec474d13,2025,7,0.08064692484264749
de93102deb0293a3a8f8b0d0d2aabd781dd5aa299ed9cca04f633ab3ec474d13,2025,8,0.07771531188286414
de93102deb0293a3a8f8b0d0d2aabd781dd5aa299ed9cca04f633ab3ec474d13,2025,9,0.08085353848581578
de93102deb0293a3a8f8b0d0d2aabd781dd5aa299ed9cca04f633ab3ec474d13,2025,10,0.10085757425943362
dea81be4286e401c3b02527aa17c9e21c4ce7053359a55abed11ec15cf2948cb,2025,5,0.0369753742074556
dea81be4286e401c3b02527aa17c9e21c4ce7053359a55abed11ec15cf2948cb,2025,6,0.013916551918106087
dea81be4286e401c3b02527aa17c9e21c4ce7053359a55abed11ec15cf2948cb,2025,7,0.014776862160521596
dea81be4286e401c3b02527aa17c9e21c4ce7053359a55abed11ec15cf2948cb,2025,8,0.01452843592775159
dea81be4286e401c3b02527aa17c9e21c4ce7053359a55abed11ec15cf2948cb,2025,9,0.022851443031685736
dea81be4286e401c3b02527aa17c9e21c4ce7053359a55abed11ec15cf2948cb,2025,10,0.05029101340500569
dfa0cb88e5448a4cc181066c719d5b5b012487fe0f314d1a087fdfe37c6e4a41,2025,5,0.1178728065057991
dfa0cb88e5448a4cc181066c719d5b5b012487fe0f314d1a087fdfe37c6e4a41,2025,6,0.11805557658515442
dfa0cb88e5448a4cc181066c719d5b5b012487fe0f314d1a087fdfe37c6e4a41,2025,7,0.12148701901359853
dfa0cb88e5448a4cc181066c719d5b5b012487fe0f314d1a087fdfe37c6e4a41,2025,8,0.11775233023634112
dfa0cb88e5448a4cc181066c719d5b5b012487fe0f314d1a087fdfe37c6e4a41,2025,9,0.12155626152157394
dfa0cb88e5448a4cc181066c719d5b5b012487fe0f314d1a087fdfe37c6e4a41,2025,10,0.262687431356101
e01244c4e5f6b17cc6d9cf215ad1af0702a9e573ff503cada3f303f93f2ca3e5,2025,5,0.07860787562923605
e01244c4e5f6b17cc6d9cf215ad1af0702a9e573ff503cada3f303f93f2ca3e5,2025,6,0.04303207181024099
e01244c4e5f6b17cc6d9cf215ad1af0702a9e573ff503cada3f303f93f2ca3e5,2025,7,0.04795491457054218
e01244c4e5f6b17cc6d9cf215ad1af0702a9e573ff503cada3f303f93f2ca3e5,2025,8,0.046751335589160406
e01244c4e5f6b17cc6d9cf215ad1af0702a9e573ff503cada3f303f93f2ca3e5,2025,9,0.06583730162783166
e01244c4e5f6b17cc6d9cf215ad1af0702a9e573ff503cada3f303f93f2ca3e5,2025,10,0.15149750828016978
e0cfa686db481ed6f3608891c355c08e9eb6dbca32dd06929c978e70dd896af8,2025,5,0.051504384850290144
e0cfa686db481ed6f3608891c355c08e9eb6dbca32dd06929c978e70dd896af8,2025,6,0.04999348732799156
e0cfa686db481ed6f3608891c355c08e9eb6dbca32dd06929c978e70dd896af8,2025,7,0.049556553315393756
e0cfa686db481ed6f3608891c355c08e9eb6dbca32dd06929c978e70dd896af8,2025,8,0.05095278326963758
e0cfa686db481ed6f3608891c355c08e9eb6dbca32dd06929c978e70dd896af8,2025,9,0.052372589433072915
e0cfa686db481ed6f3608891c355c08e9eb6dbca32dd06929c978e70dd896af8,2025,10,0.06515093254784254
e0e630edcec4e2ddb67d0c162b79b303c1e45cdf03e48ff38d86a00e1c4f5e29,2025,5,0.10770444971099291
e0e630edcec4e2ddb67d0c162b79b303c1e45cdf03e48ff38d86a00e1c4f5e29,2025,6,0.0690175424664633
e0e630edcec4e2ddb67d0c162b79b303c1e45cdf03e48ff38d86a00e1c4f5e29,2025,7,0.06093208601684093
e0e630edcec4e2ddb67d0c162b79b303c1e45cdf03e48ff38d86a00e1c4f5e29,2025,8,0.05881430065064494
e0e630edcec4e2ddb67d0c162b79b303c1e45cdf03e48ff38d86a00e1c4f5e29,2025,9,0.08872172679621662
e0e630edcec4e2ddb67d0c162b79b303c1e45cdf03e48ff38d86a00e1c4f5e29,2025,10,0.14405720300709843
e155cb7467976976f41293ee12cae7be83e8d2c6094dbef7e38ea3ef8248a7a4,2025,5,0.038985022213657336
e155cb7467976976f41293ee12cae7be83e8d2c6094dbef7e38ea3ef8248a7a4,2025,6,0.017433863460278344
e155cb7467976976f41293ee12cae7be83e8d2c6094dbef7e38ea3ef8248a7a4,2025,7,0.017157977204333447
e155cb7467976976f41293ee12cae7be83e8d2c6094dbef7e38ea3ef8248a7a4,2025,8,0.013098267081002472
e155cb7467976976f41293ee12cae7be83e8d2c6094dbef7e38ea3ef8248a7a4,2025,9,0.017945913152217968
e155cb7467976976f41293ee12cae7be83e8d2c6094dbef7e38ea3ef8248a7a4,2025,10,0.05968767061487927
e256b0b5fbefe3e3120fbe8a7355aa7756fb759a48a370345acf720b9b1f4a44,2025,5,0.06786422342406426
e256b0b5fbefe3e3120fbe8a7355aa7756fb759a48a370345acf720b9b1f4a44,2025,6,0.04681774156662123
e256b0b5fbefe3e3120fbe8a7355aa7756fb759a48a370345acf720b9b1f4a44,2025,7,0.041119679897167576
e256b0b5fbefe3e3120fbe8a7355aa7756fb759a48a370345acf720b9b1f4a44,2025,8,0.042300410838722734
e256b0b5fbefe3e3120fbe8a7355aa7756fb759a48a370345acf720b9b1f4a44,2025,9,0.045884715479999436
e256b0b5fbefe3e3120fbe8a7355aa7756fb759a48a370345acf720b9b1f4a44,2025,10,0.0878513722754142
e2f0be6ef4e3fbc1607c9836f74f0a77f8243ddb8813a8106b7afaa70dae579b,2025,5,0.04998002585983624
e2f0be6ef4e3fbc1607c9836f74f0a77f8243ddb8813a8106b7afaa70dae579b,2025,6,0.03819666537239197
e2f0be6ef4e3fbc1607c9836f74f0a77f8243ddb8813a8106b7afaa70dae579b,2025,7,0.03852839242456563
e2f0be6ef4e3fbc1607c9836f74f0a77f8243ddb8813a8106b7afaa70dae579b,2025,8,0.03974529341682661
e2f0be6ef4e3fbc1607c9836f74f0a77f8243ddb8813a8106b7afaa70dae579b,2025,9,0.038728282065062666
e2f0be6ef4e3fbc1607c9836f74f0a77f8243ddb8813a8106b7afaa70dae579b,2025,10,0.07638508170993262
e2f675398c08b517a040148699911691f69e93cd2040a41e4cdb53b86f09f43b,2025,5,0.07932988834691747
e2f675398c08b517a040148699911691f69e93cd2040a41e4cdb53b86f09f43b,2025,6,0.08283949383206216
e2f675398c08b517a040148699911691f69e93cd2040a41e4cdb53b86f09f43b,2025,7,0.09163114189739063
e2f675398c08b517a040148699911691f69e93cd2040a41e4cdb53b86f09f43b,2025,8,0.08495654535567608
e2f675398c08b517a040148699911691f69e93cd2040a41e4cdb53b86f09f43b,2025,9,0.08011644496163656
e2f675398c08b517a040148699911691f69e93cd2040a41e4cdb53b86f09f43b,2025,10,0.07724884005406629
e2f98e12f734ab5b8b4e79a16685517d9db8843feb84f5d729f872cd6074b8d1,2025,5,0.038416369313013315
e2f98e12f734ab5b8b4e79a16685517d9db8843feb84f5d729f872cd6074b8d1,2025,6,0.022063934333746447
e2f98e12f734ab5b8b4e79a16685517d9db8843feb84f5d729f872cd6074b8d1,2025,7,0.020750931692551614
e2f98e12f734ab5b8b4e79a16685517d9db8843feb84f5d729f872cd6074b8d1,2025,8,0.020672466751067622
e2f98e12f734ab5b8b4e79a16685517d9db8843feb84f5d729f872cd6074b8d1,2025,9,0.019494793023006367
e2f98e12f734ab5b8b4e79a16685517d9db8843feb84f5d729f872cd6074b8d1,2025,10,0.041817693691140474
e34670113bc0594b960557f79bf9dee8805f3657589dfe3a1b07e08dc3d833de,2025,5,0.3117115988691894
e34670113bc0594b960557f79bf9dee8805f3657589dfe3a1b07e08dc3d833de,2025,6,0.20672242339803543
e34670113bc0594b960557f79bf9dee8805f3657589dfe3a1b07e08dc3d833de,2025,7,0.19921450174190025
e34670113bc0594b960557f79bf9dee8805f3657589dfe3a1b07e08dc3d833de,2025,8,0.2251890588342911
e34670113bc0594b960557f79bf9dee8805f3657589dfe3a1b07e08dc3d833de,2025,9,0.255794023766231
e34670113bc0594b960557f79bf9dee8805f3657589dfe3a1b07e08dc3d833de,2025,10,0.45115179574817893
e3c5a6f4ef2d3135804a1f1a3b5987e8a124c30406500dc98417bdc96c7ad6eb,2025,5,0.022864986095181013
e3c5a6f4ef2d3135804a1f1a3b5987e8a124c30406500dc98417bdc96c7ad6eb,2025,6,0.022152795021171283
e3c5a6f4ef2d3135804a1f1a3b5987e8a124c30406500dc98417bdc96c7ad6eb,2025,7,0.023711629511233907
e3c5a6f4ef2d3135804a1f1a3b5987e8a124c30406500dc98417bdc96c7ad6eb,2025,8,0.022783499567671405
e3c5a6f4ef2d3135804a1f1a3b5987e8a124c30406500dc98417bdc96c7ad6eb,2025,9,0.01995726236144065
e3c5a6f4ef2d3135804a1f1a3b5987e8a124c30406500dc98417bdc96c7ad6eb,2025,10,0.04032990026263885
e4780418013275cfefde2bc6ed748b420d1ba051badb966a32ee6eb0ca2cb940,2025,5,0.049199413327512015
e4780418013275cfefde2bc6ed748b420d1ba051badb966a32ee6eb0ca2cb940,2025,6,0.03101107450854842
e4780418013275cfefde2bc6ed748b420d1ba051badb966a32ee6eb0ca2cb940,2025,7,0.024617991155054808
e4780418013275cfefde2bc6ed748b420d1ba051badb966a32ee6eb0ca2cb940,2025,8,0.02201606600277485
e4780418013275cfefde2bc6ed748b420d1ba051badb966a32ee6eb0ca2cb940,2025,9,0.02687413650359366
e4780418013275cfefde2bc6ed748b420d1ba051badb966a32ee6eb0ca2cb940,2025,10,0.05199988000333526
e4c14966610d1d5b79beb56e6900fd8e3b4149a182f77ed6550eae15afa1e657,2025,5,0.15437674394782153
e4c14966610d1d5b79beb56e6900fd8e3b4149a182f77ed6550eae15afa1e657,2025,6,0.14644776754943592
e4c14966610d1d5b79beb56e6900fd8e3b4149a182f77ed6550eae15afa1e657,2025,7,0.1502061868664208
e4c14966610d1d5b79beb56e6900fd8e3b4149a182f77ed6550eae15afa1e657,2025,8,0.15083019796476607
e4c14966610d1d5b79beb56e6900fd8e3b4149a182f77ed6550eae15afa1e657,2025,9,0.14066873517438555
e4c14966610d1d5b79beb56e6900fd8e3b4149a182f77ed6550eae15afa1e657,2025,10,0.2409486373957556
e4ec784c17356dca37cd5b61642cc4c25cdacf174ec67fde738a9ef6d394210b,2025,5,0.049454518328487115
e4ec784c17356dca37cd5b61642cc4c25cdacf174ec67fde738a9ef6d394210b,2025,6,0.023884861525974486
e4ec784c17356dca37cd5b61642cc4c25cdacf174ec67fde738a9ef6d394210b,2025,7,0.021028502727633517
e4ec784c17356dca37cd5b61642cc4c25cdacf174ec67fde738a9ef6d394210b,2025,8,0.019425646632641763
e4ec784c17356dca37cd5b61642cc4c25cdacf174ec67fde738a9ef6d394210b,2025,9,0.01564263596741952
e4ec784c17356dca37cd5b61642cc4c25cdacf174ec67fde738a9ef6d394210b,2025,10,0.058759306426859705
e5942fdc8cf73bf1c19c718f88b774aa87c1712215f19ff837d7f505aa27183d,2025,5,0.035744546893239845
e5942fdc8cf73bf1c19c718f88b774aa87c1712215f19ff837d7f505aa27183d,2025,6,0.03762319661902705
e5942fdc8cf73bf1c19c718f88b774aa87c1712215f19ff837d7f505aa27183d,2025,7,0.041542868772455596
e5942fdc8cf73bf1c19c718f88b774aa87c1712215f19ff837d7f505aa27183d,2025,8,0.03455362072935013
e5942fdc8cf73bf1c19c718f88b774aa87c1712215f19ff837d7f505aa27183d,2025,9,0.036899407317499744
e5942fdc8cf73bf1c19c718f88b774aa87c1712215f19ff837d7f505aa27183d,2025,10,0.034218884218607866
e5d0949a59a0e5a2f854d1da2e668bd9926cb00e55c9abf8660bdcf75bec29d5,2025,5,0.0
e5d0949a59a0e5a2f854d1da2e668bd9926cb00e55c9abf8660bdcf75bec29d5,2025,6,0.008998032220499443
e5d0949a59a0e5a2f854d1da2e668bd9926cb00e55c9abf8660bdcf75bec29d5,2025,7,0.0
e5d0949a59a0e5a2f854d1da2e668bd9926cb00e55c9abf8660bdcf75bec29d5,2025,8,0.0008684337461514006
e5d0949a59a0e5a2f854d1da2e668bd9926cb00e55c9abf8660bdcf75bec29d5,2025,9,0.0032266209693124367
e5d0949a59a0e5a2f854d1da2e668bd9926cb00e55c9abf8660bdcf75bec29d5,2025,10,0.006918186053784757
e6316ce766014f9e2b591dbc85ecd0b4299a46c8906ccefd355bb57a2cfe52cb,2025,5,0.05334704644063783
e6316ce766014f9e2b591dbc85ecd0b4299a46c8906ccefd355bb57a2cfe52cb,2025,6,0.034271402973100315
e6316ce766014f9e2b591dbc85ecd0b4299a46c8906ccefd355bb57a2cfe52cb,2025,7,0.033832220485511044
e6316ce766014f9e2b591dbc85ecd0b4299a46c8906ccefd355bb57a2cfe52cb,2025,8,0.031928266723478343
e6316ce766014f9e2b591dbc85ecd0b4299a46c8906ccefd355bb57a2cfe52cb,2025,9,0.034892869996754415
e6316ce766014f9e2b591dbc85ecd0b4299a46c8906ccefd355bb57a2cfe52cb,2025,10,0.08518092719777029
e720c74dd56160f5abe50fd29241ea453db4dc43eb200458700571e4fb2472db,2025,5,0.035588765696612235
e720c74dd56160f5abe50fd29241ea453db4dc43eb200458700571e4fb2472db,2025,6,0.010105821918011732
e720c74dd56160f5abe50fd29241ea453db4dc43eb200458700571e4fb2472db,2025,7,0.011011318485430941
e720c74dd56160f5abe50fd29241ea453db4dc43eb200458700571e4fb2472db,2025,8,0.011982791375993953
e720c74dd56160f5abe50fd29241ea453db4dc43eb200458700571e4fb2472db,2025,9,0.013888640614782687
e720c74dd56160f5abe50fd29241ea453db4dc43eb200458700571e4fb2472db,2025,10,0.059555321333525785
e76ca8d3b97e5e69364c51fb5d1176d3f78696b2809b37283e7b65434cf95209,2025,5,0.04196839646698428
e76ca8d3b97e5e69364c51fb5d1176d3f78696b2809b37283e7b65434cf95209,2025,6,0.020092106283342945
e76ca8d3b97e5e69364c51fb5d1176d3f78696b2809b37283e7b65434cf95209,2025,7,0.024894571301832008
e76ca8d3b97e5e69364c51fb5d1176d3f78696b2809b37283e7b65434cf95209,2025,8,0.01915835004298844
e76ca8d3b97e5e69364c51fb5d1176d3f78696b2809b37283e7b65434cf95209,2025,9,0.016987620232310534
e76ca8d3b97e5e69364c51fb5d1176d3f78696b2809b37283e7b65434cf95209,2025,10,0.04275620675679318
e7d3ac8a608540cb79f4827a0be6d1fb512f8d81c8d14aacdc761fccedbeafca,2025,5,0.1303123103470239
e7d3ac8a608540cb79f4827a0be6d1fb512f8d81c8d14aacdc761fccedbeafca,2025,6,0.09681991800322108
e7d3ac8a608540cb79f4827a0be6d1fb512f8d81c8d14aacdc761fccedbeafca,2025,7,0.10638363946806353
e7d3ac8a608540cb79f4827a0be6d1fb512f8d81c8d14aacdc761fccedbeafca,2025,8,0.100238330401307
e7d3ac8a608540cb79f4827a0be6d1fb512f8d81c8d14aacdc761fccedbeafca,2025,9,0.07117328521170806
e7d3ac8a608540cb79f4827a0be6d1fb512f8d81c8d14aacdc761fccedbeafca,2025,10,0.1403717417499325
e8154be96ce4dfa7305e4d5eeba29bab1f4b51a13969ac76add95f504a7623b2,2025,5,0.0430288740944679
e8154be96ce4dfa7305e4d5eeba29bab1f4b51a13969ac76add95f504a7623b2,2025,6,0.025111212521212452
e8154be96ce4dfa7305e4d5eeba29bab1f4b51a13969ac76add95f504a7623b2,2025,7,0.028043368439184476
e8154be96ce4dfa7305e4d5eeba29bab1f4b51a13969ac76add95f504a7623b2,2025,8,0.030804077868761933
e8154be96ce4dfa7305e4d5eeba29bab1f4b51a13969ac76add95f504a7623b2,2025,9,0.02552949979716576
e8154be96ce4dfa7305e4d5eeba29bab1f4b51a13969ac76add95f504a7623b2,2025,10,0.057933962564435594
e8924d772cfb5f7b55d54546a54ac4a68bdb0543a72a4fb8f81a72618b9d8f87,2025,5,0.09937083612643363
e8924d772cfb5f7b55d54546a54ac4a68bdb0543a72a4fb8f81a72618b9d8f87,2025,6,0.05836952720155476
e8924d772cfb5f7b55d54546a54ac4a68bdb0543a72a4fb8f81a72618b9d8f87,2025,7,0.06426386777838441
e8924d772cfb5f7b55d54546a54ac4a68bdb0543a72a4fb8f81a72618b9d8f87,2025,8,0.06602755255625109
e8924d772cfb5f7b55d54546a54ac4a68bdb0543a72a4fb8f81a72618b9d8f87,2025,9,0.08099667482686848
e8924d772cfb5f7b55d54546a54ac4a68bdb0543a72a4fb8f81a72618b9d8f87,2025,10,0.12665708121265945
e8a6cf30b0d02503cfcb570680aa86ecb26f617511712a6dd5ce46367063f140,2025,5,0.021961632681014073
e8a6cf30b0d02503cfcb570680aa86ecb26f617511712a6dd5ce46367063f140,2025,6,0.017730727593319583
e8a6cf30b0d02503cfcb570680aa86ecb26f617511712a6dd5ce46367063f140,2025,7,0.01927468753639304
e8a6cf30b0d02503cfcb570680aa86ecb26f617511712a6dd5ce46367063f140,2025,8,0.013597435865595066
e8a6cf30b0d02503cfcb570680aa86ecb26f617511712a6dd5ce46367063f140,2025,9,0.010991316854382316
e8a6cf30b0d02503cfcb570680aa86ecb26f617511712a6dd5ce46367063f140,2025,10,0.02938900259910602
e8bf549f3deff2660c44940e6ca53bfa2a4d03a8556097e577963800e1a7d73f,2025,5,0.0748615159545494
e8bf549f3deff2660c44940e6ca53bfa2a4d03a8556097e577963800e1a7d73f,2025,6,0.0747010673631713
e8bf549f3deff2660c44940e6ca53bfa2a4d03a8556097e577963800e1a7d73f,2025,7,0.0829366837504135
e8bf549f3deff2660c44940e6ca53bfa2a4d03a8556097e577963800e1a7d73f,2025,8,0.0711946664886287
e8bf549f3deff2660c44940e6ca53bfa2a4d03a8556097e577963800e1a7d73f,2025,9,0.06520851170329722
e8bf549f3deff2660c44940e6ca53bfa2a4d03a8556097e577963800e1a7d73f,2025,10,0.09336258244059135
e90de723ca4f08742a675e2347ea9d3dc6bc2355234cf8ee786151ea54c1de4a,2025,5,0.04823952624732142
e90de723ca4f08742a675e2347ea9d3dc6bc2355234cf8ee786151ea54c1de4a,2025,6,0.04276174925787392
e90de723ca4f08742a675e2347ea9d3dc6bc2355234cf8ee786151ea54c1de4a,2025,7,0.0446864052749268
e90de723ca4f08742a675e2347ea9d3dc6bc2355234cf8ee786151ea54c1de4a,2025,8,0.04633247476446897
e90de723ca4f08742a675e2347ea9d3dc6bc2355234cf8ee786151ea54c1de4a,2025,9,0.03852185952635099
e90de723ca4f08742a675e2347ea9d3dc6bc2355234cf8ee786151ea54c1de4a,2025,10,0.07099988597898113
e93f6a2d534faba4b2dbfedb9da5988707a84b939774a795532345695544215f,2025,5,0.043609790459018555
e93f6a2d534faba4b2dbfedb9da5988707a84b939774a795532345695544215f,2025,6,0.03557643161478362
e93f6a2d534faba4b2dbfedb9da5988707a84b939774a795532345695544215f,2025,7,0.03439311576419366
e93f6a2d534faba4b2dbfedb9da5988707a84b939774a795532345695544215f,2025,8,0.035667252345975814
e93f6a2d534faba4b2dbfedb9da5988707a84b939774a795532345695544215f,2025,9,0.033377560048828483
e93f6a2d534faba4b2dbfedb9da5988707a84b939774a795532345695544215f,2025,10,0.0709260078578933
e9af15eeb7da0051bcbdc938933d3c58a9a357d82b45942ce9ce325956ac91d2,2025,6,0.0771401708422986
e9af15eeb7da0051bcbdc938933d3c58a9a357d82b45942ce9ce325956ac91d2,2025,8,0.10154740164349649
e9af15eeb7da0051bcbdc938933d3c58a9a357d82b45942ce9ce325956ac91d2,2025,9,0.11695979715957748
e9af15eeb7da0051bcbdc938933d3c58a9a357d82b45942ce9ce325956ac91d2,2025,10,0.15215950977000936
e9b45cfd9ed5c86f70d27ceb9f9af779e805c3331f91175a48f5884614126e67,2025,5,0.0
e9b45cfd9ed5c86f70d27ceb9f9af779e805c3331f91175a48f5884614126e67,2025,6,0.002647658435633714
e9b45cfd9ed5c86f70d27ceb9f9af779e805c3331f91175a48f5884614126e67,2025,7,0.0024887785199419546
e9b45cfd9ed5c86f70d27ceb9f9af779e805c3331f91175a48f5884614126e67,2025,8,0.0024804619008905807
e9b45cfd9ed5c86f70d27ceb9f9af779e805c3331f91175a48f5884614126e67,2025,9,0.000491649156211874
e9b45cfd9ed5c86f70d27ceb9f9af779e805c3331f91175a48f5884614126e67,2025,10,0.005460471201334122
ea09f618445bf6751842cb8c36891c72a9f4ee2fd663e742175e9ddcffcc3857,2025,5,0.05483522282457055
ea09f618445bf6751842cb8c36891c72a9f4ee2fd663e742175e9ddcffcc3857,2025,6,0.03892073445942618
ea09f618445bf6751842cb8c36891c72a9f4ee2fd663e742175e9ddcffcc3857,2025,7,0.03569165432210401
ea09f618445bf6751842cb8c36891c72a9f4ee2fd663e742175e9ddcffcc3857,2025,8,0.035468141454085764
ea09f618445bf6751842cb8c36891c72a9f4ee2fd663e742175e9ddcffcc3857,2025,9,0.038983164991166386
ea09f618445bf6751842cb8c36891c72a9f4ee2fd663e742175e9ddcffcc3857,2025,10,0.08538494830586818
ea5e42098f8e5ec1e5d57cc8bb08c3af05d0d6e562eb3a59618306849987bd3f,2025,5,0.027822637101441047
ea5e42098f8e5ec1e5d57cc8bb08c3af05d0d6e562eb3a59618306849987bd3f,2025,6,0.026304313596097896
ea5e42098f8e5ec1e5d57cc8bb08c3af05d0d6e562eb3a59618306849987bd3f,2025,7,0.03219354014174941
ea5e42098f8e5ec1e5d57cc8bb08c3af05d0d6e562eb3a59618306849987bd3f,2025,8,0.026493593034636942
ea5e42098f8e5ec1e5d57cc8bb08c3af05d0d6e562eb3a59618306849987bd3f,2025,9,0.05482235794279304
ea5e42098f8e5ec1e5d57cc8bb08c3af05d0d6e562eb3a59618306849987bd3f,2025,10,0.06843455192741141
ea76b8fd42acdb0f3dc8109478034b9ff4fc734503aaecdfefac28389c23a91a,2025,5,0.13032764217432866
ea76b8fd42acdb0f3dc8109478034b9ff4fc734503aaecdfefac28389c23a91a,2025,6,0.11450378056948371
ea76b8fd42acdb0f3dc8109478034b9ff4fc734503aaecdfefac28389c23a91a,2025,7,0.11534212497797984
ea76b8fd42acdb0f3dc8109478034b9ff4fc734503aaecdfefac28389c23a91a,2025,8,0.11244656875948202
ea76b8fd42acdb0f3dc8109478034b9ff4fc734503aaecdfefac28389c23a91a,2025,9,0.11892533549292904
ea76b8fd42acdb0f3dc8109478034b9ff4fc734503aaecdfefac28389c23a91a,2025,10,0.19522630128760515
eabf1e41cc755185465074c53de88b22a8d1534c674d3d6a0b60938b363c0574,2025,5,0.18016041385438447
eabf1e41cc755185465074c53de88b22a8d1534c674d3d6a0b60938b363c0574,2025,6,0.14893430508783712
eabf1e41cc755185465074c53de88b22a8d1534c674d3d6a0b60938b363c0574,2025,7,0.14753336431313036
eabf1e41cc755185465074c53de88b22a8d1534c674d3d6a0b60938b363c0574,2025,8,0.14412599993542702
eabf1e41cc755185465074c53de88b22a8d1534c674d3d6a0b60938b363c0574,2025,9,0.133245197860677
eabf1e41cc755185465074c53de88b22a8d1534c674d3d6a0b60938b363c0574,2025,10,0.3931690050869683
eac48f67ad81b96ac182fbe0a2e130b96c3fc3515f45a772179754a1b1f2709a,2025,5,0.04940802414870197
eac48f67ad81b96ac182fbe0a2e130b96c3fc3515f45a772179754a1b1f2709a,2025,6,0.038578715781361086
eac48f67ad81b96ac182fbe0a2e130b96c3fc3515f45a772179754a1b1f2709a,2025,7,0.03897163336028048
eac48f67ad81b96ac182fbe0a2e130b96c3fc3515f45a772179754a1b1f2709a,2025,8,0.03720169604261854
eac48f67ad81b96ac182fbe0a2e130b96c3fc3515f45a772179754a1b1f2709a,2025,9,0.03663683299847427
eac48f67ad81b96ac182fbe0a2e130b96c3fc3515f45a772179754a1b1f2709a,2025,10,0.06678662955754586
eb1e3003aa02a1e14fcb8615970e05c0e8a3f7bd502e936b27d6afaaa7ac75f4,2025,5,0.026356881568062505
eb1e3003aa02a1e14fcb8615970e05c0e8a3f7bd502e936b27d6afaaa7ac75f4,2025,6,0.024883532320161723
eb1e3003aa02a1e14fcb8615970e05c0e8a3f7bd502e936b27d6afaaa7ac75f4,2025,7,0.02383432425601182
eb1e3003aa02a1e14fcb8615970e05c0e8a3f7bd502e936b27d6afaaa7ac75f4,2025,8,0.021944215962580383
eb1e3003aa02a1e14fcb8615970e05c0e8a3f7bd502e936b27d6afaaa7ac75f4,2025,9,0.025620340126959747
eb1e3003aa02a1e14fcb8615970e05c0e8a3f7bd502e936b27d6afaaa7ac75f4,2025,10,0.03399190391150965
eb8ce3d46c5b4dfe341fa976c778f7ef497a8993d9b28a1f1c9fc959f8c06100,2025,5,0.05799402540150235
eb8ce3d46c5b4dfe341fa976c778f7ef497a8993d9b28a1f1c9fc959f8c06100,2025,6,0.02985937247144587
eb8ce3d46c5b4dfe341fa976c778f7ef497a8993d9b28a1f1c9fc959f8c06100,2025,7,0.02306065678607306
eb8ce3d46c5b4dfe341fa976c778f7ef497a8993d9b28a1f1c9fc959f8c06100,2025,8,0.024466878932003024
eb8ce3d46c5b4dfe341fa976c778f7ef497a8993d9b28a1f1c9fc959f8c06100,2025,9,0.02977462967560509
eb8ce3d46c5b4dfe341fa976c778f7ef497a8993d9b28a1f1c9fc959f8c06100,2025,10,0.058734958273207585
ec7026b778531a3a135ceb191f395ed1704811a287b4cddae125ab13c2d5f1eb,2025,5,0.18021395211616004
ec7026b778531a3a135ceb191f395ed1704811a287b4cddae125ab13c2d5f1eb,2025,6,0.13883294724077053
ec7026b778531a3a135ceb191f395ed1704811a287b4cddae125ab13c2d5f1eb,2025,7,0.1388085201112343
ec7026b778531a3a135ceb191f395ed1704811a287b4cddae125ab13c2d5f1eb,2025,8,0.12060726917342658
ec7026b778531a3a135ceb191f395ed1704811a287b4cddae125ab13c2d5f1eb,2025,9,0.13411805837460672
ec7026b778531a3a135ceb191f395ed1704811a287b4cddae125ab13c2d5f1eb,2025,10,0.20627522672123158
ed1e641ad2db3df782aa2fe9da7017d3636a9d69d691d9a768dd8bdba0e60f6e,2025,5,0.023620994929345905
ed1e641ad2db3df782aa2fe9da7017d3636a9d69d691d9a768dd8bdba0e60f6e,2025,6,0.02463545542846555
ed1e641ad2db3df782aa2fe9da7017d3636a9d69d691d9a768dd8bdba0e60f6e,2025,7,0.022642486881454184
ed1e641ad2db3df782aa2fe9da7017d3636a9d69d691d9a768dd8bdba0e60f6e,2025,8,0.019854437198908982
ed1e641ad2db3df782aa2fe9da7017d3636a9d69d691d9a768dd8bdba0e60f6e,2025,9,0.018968950782433623
ed1e641ad2db3df782aa2fe9da7017d3636a9d69d691d9a768dd8bdba0e60f6e,2025,10,0.03144075531066447
ed262db88dc7bcb276bf4f16b9465dcc9e2f035419e706f1caf4b301990345b6,2025,5,0.20527806186695596
ed262db88dc7bcb276bf4f16b9465dcc9e2f035419e706f1caf4b301990345b6,2025,6,0.13164165572660202
ed262db88dc7bcb276bf4f16b9465dcc9e2f035419e706f1caf4b301990345b6,2025,7,0.14382920448199524
ed262db88dc7bcb276bf4f16b9465dcc9e2f035419e706f1caf4b301990345b6,2025,8,0.13000166416364584
ed262db88dc7bcb276bf4f16b9465dcc9e2f035419e706f1caf4b301990345b6,2025,9,0.16381764960460513
ed262db88dc7bcb276bf4f16b9465dcc9e2f035419e706f1caf4b301990345b6,2025,10,0.21493390603784684
ed3356c0d7df2f83f08e4aac10108e52892eda64484c26bc7fa01f01a17797ad,2025,5,0.027608549025343994
ed3356c0d7df2f83f08e4aac10108e52892eda64484c26bc7fa01f01a17797ad,2025,6,0.019075912863726573
ed3356c0d7df2f83f08e4aac10108e52892eda64484c26bc7fa01f01a17797ad,2025,7,0.024832612956649663
ed3356c0d7df2f83f08e4aac10108e52892eda64484c26bc7fa01f01a17797ad,2025,8,0.02137921614435006
ed3356c0d7df2f83f08e4aac10108e52892eda64484c26bc7fa01f01a17797ad,2025,9,0.017545810801826593
ed3356c0d7df2f83f08e4aac10108e52892eda64484c26bc7fa01f01a17797ad,2025,10,0.04084156860729249
ed4624ec23b0e859369e29136fdf6bc599678036404a8be10a7c8afe457e8d83,2025,5,0.1071180995734676
ed4624ec23b0e859369e29136fdf6bc599678036404a8be10a7c8afe457e8d83,2025,6,0.051363606418426064
ed4624ec23b0e859369e29136fdf6bc599678036404a8be10a7c8afe457e8d83,2025,7,0.05227089780286104
ed4624ec23b0e859369e29136fdf6bc599678036404a8be10a7c8afe457e8d83,2025,8,0.04543497085850136
ed4624ec23b0e859369e29136fdf6bc599678036404a8be10a7c8afe457e8d83,2025,9,0.0416958320979185
ed4624ec23b0e859369e29136fdf6bc599678036404a8be10a7c8afe457e8d83,2025,10,0.041557254711276054
ed8bf94d964eedade9408e666c659690a016b4a0c22032ee202f3773cf8ce4da,2025,5,0.047033875462067234
ed8bf94d964eedade9408e666c659690a016b4a0c22032ee202f3773cf8ce4da,2025,6,0.03498856281685615
ed8bf94d964eedade9408e666c659690a016b4a0c22032ee202f3773cf8ce4da,2025,7,0.037222579316091756
ed8bf94d964eedade9408e666c659690a016b4a0c22032ee202f3773cf8ce4da,2025,8,0.032940232143152635
ed8bf94d964eedade9408e666c659690a016b4a0c22032ee202f3773cf8ce4da,2025,9,0.027079523307448495
ed8bf94d964eedade9408e666c659690a016b4a0c22032ee202f3773cf8ce4da,2025,10,0.07532763319873725
eda34df72c4c9069bc49bbaeaf18c9bbf1b3fd8b1267e9d65fe11731add05cd5,2025,5,0.1104011365937301
eda34df72c4c9069bc49bbaeaf18c9bbf1b3fd8b1267e9d65fe11731add05cd5,2025,6,0.07466323903440569
eda34df72c4c9069bc49bbaeaf18c9bbf1b3fd8b1267e9d65fe11731add05cd5,2025,7,0.09688530566806863
eda34df72c4c9069bc49bbaeaf18c9bbf1b3fd8b1267e9d65fe11731add05cd5,2025,8,0.08185971831112415
eda34df72c4c9069bc49bbaeaf18c9bbf1b3fd8b1267e9d65fe11731add05cd5,2025,9,0.08668941416076435
eda34df72c4c9069bc49bbaeaf18c9bbf1b3fd8b1267e9d65fe11731add05cd5,2025,10,0.07906534367579254
ee8253627511136e790034b2a853aa6d3b0d62eda41abf1bdd5fbd162a00a309,2025,5,0.03820563778410993
ee8253627511136e790034b2a853aa6d3b0d62eda41abf1bdd5fbd162a00a309,2025,6,0.020636457954323145
ee8253627511136e790034b2a853aa6d3b0d62eda41abf1bdd5fbd162a00a309,2025,7,0.020438557281661773
ee8253627511136e790034b2a853aa6d3b0d62eda41abf1bdd5fbd162a00a309,2025,9,0.006543347699383685
ee8253627511136e790034b2a853aa6d3b0d62eda41abf1bdd5fbd162a00a309,2025,10,0.02235545826473785
eead1e44092013764cd087dba330ef6110f2f552e4f18c0e6ecdc012ee5e4f2d,2025,5,0.056507146881858816
eead1e44092013764cd087dba330ef6110f2f552e4f18c0e6ecdc012ee5e4f2d,2025,6,0.06121028351561389
eead1e44092013764cd087dba330ef6110f2f552e4f18c0e6ecdc012ee5e4f2d,2025,7,0.0548859814414991
eead1e44092013764cd087dba330ef6110f2f552e4f18c0e6ecdc012ee5e4f2d,2025,8,0.05477186933357918
eead1e44092013764cd087dba330ef6110f2f552e4f18c0e6ecdc012ee5e4f2d,2025,9,0.059610828712037
eead1e44092013764cd087dba330ef6110f2f552e4f18c0e6ecdc012ee5e4f2d,2025,10,0.0856600769976489
ef28dea33ab170c611b031b44a05112e8f47f0f6101705840cd5914ce09c39a4,2025,5,0.04567991415002999
ef28dea33ab170c611b031b44a05112e8f47f0f6101705840cd5914ce09c39a4,2025,6,0.049689780736692606
ef28dea33ab170c611b031b44a05112e8f47f0f6101705840cd5914ce09c39a4,2025,7,0.05287301868663194
ef28dea33ab170c611b031b44a05112e8f47f0f6101705840cd5914ce09c39a4,2025,8,0.04744212203972737
ef28dea33ab170c611b031b44a05112e8f47f0f6101705840cd5914ce09c39a4,2025,9,0.041512279198856555
ef28dea33ab170c611b031b44a05112e8f47f0f6101705840cd5914ce09c39a4,2025,10,0.05994015725402195
ef3f42d3223ee78a2ec46b68589a324cad9eee3af88fe655424eafb0f41bcc13,2025,5,0.04717842932433688
ef3f42d3223ee78a2ec46b68589a324cad9eee3af88fe655424eafb0f41bcc13,2025,6,0.022056406793050203
ef3f42d3223ee78a2ec46b68589a324cad9eee3af88fe655424eafb0f41bcc13,2025,7,0.020952074065792754
ef3f42d3223ee78a2ec46b68589a324cad9eee3af88fe655424eafb0f41bcc13,2025,8,0.024697787587118093
ef3f42d3223ee78a2ec46b68589a324cad9eee3af88fe655424eafb0f41bcc13,2025,9,0.02156720079029184
ef3f42d3223ee78a2ec46b68589a324cad9eee3af88fe655424eafb0f41bcc13,2025,10,0.0632063307754413
ef4cf50cab12cef49e71eccdc877c7dc832464d85edaa11c6e9e7bc0e46e5402,2025,5,0.07537643660032203
ef4cf50cab12cef49e71eccdc877c7dc832464d85edaa11c6e9e7bc0e46e5402,2025,6,0.06413603573167828
ef4cf50cab12cef49e71eccdc877c7dc832464d85edaa11c6e9e7bc0e46e5402,2025,7,0.06527343678820918
ef4cf50cab12cef49e71eccdc877c7dc832464d85edaa11c6e9e7bc0e46e5402,2025,8,0.06447858575603863
ef4cf50cab12cef49e71eccdc877c7dc832464d85edaa11c6e9e7bc0e46e5402,2025,9,0.05698779318623888
ef4cf50cab12cef49e71eccdc877c7dc832464d85edaa11c6e9e7bc0e46e5402,2025,10,0.0993343514249839
f0602f126a12e57a6c8dfa27258aa94ca3a0df2b53014722ef21c3190cc951ca,2025,5,0.011008697604793526
f0602f126a12e57a6c8dfa27258aa94ca3a0df2b53014722ef21c3190cc951ca,2025,6,0.017346016332779487
f0602f126a12e57a6c8dfa27258aa94ca3a0df2b53014722ef21c3190cc951ca,2025,7,0.01708287493578696
f0602f126a12e57a6c8dfa27258aa94ca3a0df2b53014722ef21c3190cc951ca,2025,8,0.014533817251817027
f0602f126a12e57a6c8dfa27258aa94ca3a0df2b53014722ef21c3190cc951ca,2025,9,0.009075463449738549
f0602f126a12e57a6c8dfa27258aa94ca3a0df2b53014722ef21c3190cc951ca,2025,10,0.019397299256916575
f07f0649d25c1f4f7ec5d313265122b7cb570822d2688ddd6773f9eff05a81bd,2025,5,0.07734641596088836
f07f0649d25c1f4f7ec5d313265122b7cb570822d2688ddd6773f9eff05a81bd,2025,6,0.06299993508233075
f07f0649d25c1f4f7ec5d313265122b7cb570822d2688ddd6773f9eff05a81bd,2025,7,0.07812133135240125
f07f0649d25c1f4f7ec5d313265122b7cb570822d2688ddd6773f9eff05a81bd,2025,8,0.06750852300760886
f07f0649d25c1f4f7ec5d313265122b7cb570822d2688ddd6773f9eff05a81bd,2025,9,0.06833380885069423
f07f0649d25c1f4f7ec5d313265122b7cb570822d2688ddd6773f9eff05a81bd,2025,10,0.11409193782083754
f0a6ff254c7c41448443ec4a67a9f5557ad30ff34f07a1ca62020a2a5a94545e,2025,5,0.05232855404574188
f0a6ff254c7c41448443ec4a67a9f5557ad30ff34f07a1ca62020a2a5a94545e,2025,6,0.030107197960522615
f0a6ff254c7c41448443ec4a67a9f5557ad30ff34f07a1ca62020a2a5a94545e,2025,9,0.10685055052056534
f0a6ff254c7c41448443ec4a67a9f5557ad30ff34f07a1ca62020a2a5a94545e,2025,10,0.06499137229981217
f11d8cfedee8c5925ef4a1d47a972d2df2f8d7d56a6633a86accd9444d3a0546,2025,5,0.05982227459721902
f11d8cfedee8c5925ef4a1d47a972d2df2f8d7d56a6633a86accd9444d3a0546,2025,6,0.05173322618435153
f11d8cfedee8c5925ef4a1d47a972d2df2f8d7d56a6633a86accd9444d3a0546,2025,7,0.04449069305658542
f11d8cfedee8c5925ef4a1d47a972d2df2f8d7d56a6633a86accd9444d3a0546,2025,8,0.057963054663450024
f11d8cfedee8c5925ef4a1d47a972d2df2f8d7d56a6633a86accd9444d3a0546,2025,9,0.04785205492627598
f11d8cfedee8c5925ef4a1d47a972d2df2f8d7d56a6633a86accd9444d3a0546,2025,10,0.06469816862664138
f13b3500f3c7be94a6347ee826ad91f49edd161b146d076d2c49a57c6b16384a,2025,5,0.045972930114807145
f13b3500f3c7be94a6347ee826ad91f49edd161b146d076d2c49a57c6b16384a,2025,6,0.03130836111183154
f13b3500f3c7be94a6347ee826ad91f49edd161b146d076d2c49a57c6b16384a,2025,7,0.039713486750762805
f13b3500f3c7be94a6347ee826ad91f49edd161b146d076d2c49a57c6b16384a,2025,8,0.0402179626486744
f13b3500f3c7be94a6347ee826ad91f49edd161b146d076d2c49a57c6b16384a,2025,9,0.02761406692460483
f13b3500f3c7be94a6347ee826ad91f49edd161b146d076d2c49a57c6b16384a,2025,10,0.026333658556460717
f23cba44e3343d25a040bc9e063dbc67fc5045961411b0713829887987d426df,2025,5,0.042444670449739846
f23cba44e3343d25a040bc9e063dbc67fc5045961411b0713829887987d426df,2025,6,0.07057320806399306
f23cba44e3343d25a040bc9e063dbc67fc5045961411b0713829887987d426df,2025,7,0.061379561267308924
f23cba44e3343d25a040bc9e063dbc67fc5045961411b0713829887987d426df,2025,8,0.06162196838808967
f23cba44e3343d25a040bc9e063dbc67fc5045961411b0713829887987d426df,2025,9,0.0397601661271693
f23cba44e3343d25a040bc9e063dbc67fc5045961411b0713829887987d426df,2025,10,0.04840987977838768
f2518e0507bbbde6389b855b1fdfb9cf77ca6417e650340dd400f9c79748539b,2025,5,0.03321408872998888
f2518e0507bbbde6389b855b1fdfb9cf77ca6417e650340dd400f9c79748539b,2025,6,0.015811513907642495
f2518e0507bbbde6389b855b1fdfb9cf77ca6417e650340dd400f9c79748539b,2025,7,0.020712762519288365
f2518e0507bbbde6389b855b1fdfb9cf77ca6417e650340dd400f9c79748539b,2025,8,0.021818495447539152
f2518e0507bbbde6389b855b1fdfb9cf77ca6417e650340dd400f9c79748539b,2025,9,0.016851232170291292
f2518e0507bbbde6389b855b1fdfb9cf77ca6417e650340dd400f9c79748539b,2025,10,0.05527569420659911
f2a26575b704c72019f4145839f1ce39b9529b2ff5491ff2afee360a08ee815c,2025,5,0.023328243926065875
f2a26575b704c72019f4145839f1ce39b9529b2ff5491ff2afee360a08ee815c,2025,6,0.026491134847760087
f2a26575b704c72019f4145839f1ce39b9529b2ff5491ff2afee360a08ee815c,2025,7,0.011541370183002036
f2a26575b704c72019f4145839f1ce39b9529b2ff5491ff2afee360a08ee815c,2025,8,0.01276297871840971
f2a26575b704c72019f4145839f1ce39b9529b2ff5491ff2afee360a08ee815c,2025,9,0.009308290924999418
f2a26575b704c72019f4145839f1ce39b9529b2ff5491ff2afee360a08ee815c,2025,10,0.024577725474767127
f2fc3d92b4b032eb63ad18effa30f583ae6ba47e5c661ed96dd30c680a83bb93,2025,5,0.025258204590188203
f2fc3d92b4b032eb63ad18effa30f583ae6ba47e5c661ed96dd30c680a83bb93,2025,6,0.020021044671492398
f2fc3d92b4b032eb63ad18effa30f583ae6ba47e5c661ed96dd30c680a83bb93,2025,7,0.01990690968688953
f2fc3d92b4b032eb63ad18effa30f583ae6ba47e5c661ed96dd30c680a83bb93,2025,8,0.019491433883411804
f2fc3d92b4b032eb63ad18effa30f583ae6ba47e5c661ed96dd30c680a83bb93,2025,9,0.018473623445131364
f2fc3d92b4b032eb63ad18effa30f583ae6ba47e5c661ed96dd30c680a83bb93,2025,10,0.03388060394091548
f33069d307c37f4ca46ce1be23d86bbe444b3b05ace0484eb7ab7b86684f188e,2025,5,0.023924008034378795
f33069d307c37f4ca46ce1be23d86bbe444b3b05ace0484eb7ab7b86684f188e,2025,6,0.013823263419735513
f33069d307c37f4ca46ce1be23d86bbe444b3b05ace0484eb7ab7b86684f188e,2025,7,0.01636256712439789
f33069d307c37f4ca46ce1be23d86bbe444b3b05ace0484eb7ab7b86684f188e,2025,8,0.016834863209178617
f33069d307c37f4ca46ce1be23d86bbe444b3b05ace0484eb7ab7b86684f188e,2025,9,0.025644205458714705
f33069d307c37f4ca46ce1be23d86bbe444b3b05ace0484eb7ab7b86684f188e,2025,10,0.029357977643106437
f3968cb4a6817b89379517944e4947b9bc7f19410a019cd4f0eb12236c2de72c,2025,5,0.03210104651468583
f3968cb4a6817b89379517944e4947b9bc7f19410a019cd4f0eb12236c2de72c,2025,6,0.025100707086699304
f3968cb4a6817b89379517944e4947b9bc7f19410a019cd4f0eb12236c2de72c,2025,7,0.027545273168590116
f3968cb4a6817b89379517944e4947b9bc7f19410a019cd4f0eb12236c2de72c,2025,8,0.030802253660228592
f3968cb4a6817b89379517944e4947b9bc7f19410a019cd4f0eb12236c2de72c,2025,9,0.03409522773450449
f3968cb4a6817b89379517944e4947b9bc7f19410a019cd4f0eb12236c2de72c,2025,10,0.0704801478731415
f39df7ac9df378fff78b705b4f4055b34a1035726ce22ceb6ee3c85a98bd7d06,2025,5,0.027744264309107876
f39df7ac9df378fff78b705b4f4055b34a1035726ce22ceb6ee3c85a98bd7d06,2025,6,0.016673664556663678
f39df7ac9df378fff78b705b4f4055b34a1035726ce22ceb6ee3c85a98bd7d06,2025,7,0.01835550145595244
f39df7ac9df378fff78b705b4f4055b34a1035726ce22ceb6ee3c85a98bd7d06,2025,8,0.017305580299551412
f39df7ac9df378fff78b705b4f4055b34a1035726ce22ceb6ee3c85a98bd7d06,2025,9,0.020852620542886925
f39df7ac9df378fff78b705b4f4055b34a1035726ce22ceb6ee3c85a98bd7d06,2025,10,0.05936231769295133
f56d840a338b79cf5a16081fc0195ba77bf126f1871db4143033d7e8e6206c12,2025,5,0.09197491203685967
f56d840a338b79cf5a16081fc0195ba77bf126f1871db4143033d7e8e6206c12,2025,6,0.060333681928365926
f56d840a338b79cf5a16081fc0195ba77bf126f1871db4143033d7e8e6206c12,2025,7,0.06830581820996079
f56d840a338b79cf5a16081fc0195ba77bf126f1871db4143033d7e8e6206c12,2025,8,0.06635944120791656
f56d840a338b79cf5a16081fc0195ba77bf126f1871db4143033d7e8e6206c12,2025,9,0.048867620444708756
f56d840a338b79cf5a16081fc0195ba77bf126f1871db4143033d7e8e6206c12,2025,10,0.11704923735900127
f5cf627b3797690f652485fea5f176b71aeced0fd8b84da650e97f2ca6426a5c,2025,5,0.024594001544225173
f5cf627b3797690f652485fea5f176b71aeced0fd8b84da650e97f2ca6426a5c,2025,6,0.021021517567291537
f5cf627b3797690f652485fea5f176b71aeced0fd8b84da650e97f2ca6426a5c,2025,7,0.010969873161398637
f5cf627b3797690f652485fea5f176b71aeced0fd8b84da650e97f2ca6426a5c,2025,8,0.007751581080317223
f5cf627b3797690f652485fea5f176b71aeced0fd8b84da650e97f2ca6426a5c,2025,9,0.019742860056805398
f5cf627b3797690f652485fea5f176b71aeced0fd8b84da650e97f2ca6426a5c,2025,10,0.04542935061015724
f604f6b00075b792e7f4772bb87d4bc45427bee86fb807328818f847b10def0d,2025,5,0.052749027498501175
f604f6b00075b792e7f4772bb87d4bc45427bee86fb807328818f847b10def0d,2025,6,0.03246472764892171
f604f6b00075b792e7f4772bb87d4bc45427bee86fb807328818f847b10def0d,2025,7,0.034301259238256734
f604f6b00075b792e7f4772bb87d4bc45427bee86fb807328818f847b10def0d,2025,8,0.03307348352020031
f604f6b00075b792e7f4772bb87d4bc45427bee86fb807328818f847b10def0d,2025,9,0.04043026337954134
f604f6b00075b792e7f4772bb87d4bc45427bee86fb807328818f847b10def0d,2025,10,0.0755037323645723
f68067f98ab55685043aa57a4f7de9efceebcfc6d1121d99820678b0763339c5,2025,5,0.08900992534734953
f68067f98ab55685043aa57a4f7de9efceebcfc6d1121d99820678b0763339c5,2025,6,0.0602938881854484
f68067f98ab55685043aa57a4f7de9efceebcfc6d1121d99820678b0763339c5,2025,7,0.06496550407601742
f68067f98ab55685043aa57a4f7de9efceebcfc6d1121d99820678b0763339c5,2025,8,0.0589644918385061
f68067f98ab55685043aa57a4f7de9efceebcfc6d1121d99820678b0763339c5,2025,9,0.07018234104511002
f68067f98ab55685043aa57a4f7de9efceebcfc6d1121d99820678b0763339c5,2025,10,0.12158852458238635
f6a726a12662b848041c5209b34ee14f4cafd2dd14d77c976a3cc32bd2d6d983,2025,5,0.0516707759725969
f6a726a12662b848041c5209b34ee14f4cafd2dd14d77c976a3cc32bd2d6d983,2025,6,0.03813096315279295
f6a726a12662b848041c5209b34ee14f4cafd2dd14d77c976a3cc32bd2d6d983,2025,7,0.04452419814260434
f6a726a12662b848041c5209b34ee14f4cafd2dd14d77c976a3cc32bd2d6d983,2025,8,0.04317027814884574
f6a726a12662b848041c5209b34ee14f4cafd2dd14d77c976a3cc32bd2d6d983,2025,9,0.04492572078982035
f6a726a12662b848041c5209b34ee14f4cafd2dd14d77c976a3cc32bd2d6d983,2025,10,0.06595315346496626
f789a51cf28de82e2128d5bd935ccf22a04ae0316a1ca7492cbdd81907c70c1c,2025,5,0.028322855303098526
f789a51cf28de82e2128d5bd935ccf22a04ae0316a1ca7492cbdd81907c70c1c,2025,6,0.022647803630151266
f789a51cf28de82e2128d5bd935ccf22a04ae0316a1ca7492cbdd81907c70c1c,2025,7,0.027331124832547474
f789a51cf28de82e2128d5bd935ccf22a04ae0316a1ca7492cbdd81907c70c1c,2025,8,0.02400609203436926
f789a51cf28de82e2128d5bd935ccf22a04ae0316a1ca7492cbdd81907c70c1c,2025,9,0.013857773438512992
f789a51cf28de82e2128d5bd935ccf22a04ae0316a1ca7492cbdd81907c70c1c,2025,10,0.043645427543046025
f80941732300ef76d680f7d02a47966a8e3ece5bb3c837609944cc240547ed05,2025,5,0.10622110387770509
f80941732300ef76d680f7d02a47966a8e3ece5bb3c837609944cc240547ed05,2025,6,0.09040236535581153
f80941732300ef76d680f7d02a47966a8e3ece5bb3c837609944cc240547ed05,2025,7,0.09657596826741424
f80941732300ef76d680f7d02a47966a8e3ece5bb3c837609944cc240547ed05,2025,8,0.09292536283945799
f80941732300ef76d680f7d02a47966a8e3ece5bb3c837609944cc240547ed05,2025,9,0.09352143727213211
f80941732300ef76d680f7d02a47966a8e3ece5bb3c837609944cc240547ed05,2025,10,0.18008187754477406
f8192b32a44d79619ba586e2a4e988563e2bef2d550ca9d7ba008eecf62e57c8,2025,5,0.03249063062495512
f8192b32a44d79619ba586e2a4e988563e2bef2d550ca9d7ba008eecf62e57c8,2025,6,0.030531391266266382
f8192b32a44d79619ba586e2a4e988563e2bef2d550ca9d7ba008eecf62e57c8,2025,7,0.030757413013142148
f8192b32a44d79619ba586e2a4e988563e2bef2d550ca9d7ba008eecf62e57c8,2025,8,0.03429132741664556
f8192b32a44d79619ba586e2a4e988563e2bef2d550ca9d7ba008eecf62e57c8,2025,9,0.028598731308376712
f8192b32a44d79619ba586e2a4e988563e2bef2d550ca9d7ba008eecf62e57c8,2025,10,0.04864323596893787
f8688ec2e8d888995c84a89a081c8942e741e0348d5ea2d7bbb9c0aee3fb715f,2025,5,0.08625616479222095
f8688ec2e8d888995c84a89a081c8942e741e0348d5ea2d7bbb9c0aee3fb715f,2025,6,0.06304754777451915
f8688ec2e8d888995c84a89a081c8942e741e0348d5ea2d7bbb9c0aee3fb715f,2025,7,0.06519903935831622
f8688ec2e8d888995c84a89a081c8942e741e0348d5ea2d7bbb9c0aee3fb715f,2025,8,0.05886009391425701
f8688ec2e8d888995c84a89a081c8942e741e0348d5ea2d7bbb9c0aee3fb715f,2025,9,0.06410816778312173
f8688ec2e8d888995c84a89a081c8942e741e0348d5ea2d7bbb9c0aee3fb715f,2025,10,0.10421308793073228
f950b5836c59dbf42931280439ff42893a3e187a12e7d49ffd37292c9bb7d496,2025,5,0.03832255457577419
f950b5836c59dbf42931280439ff42893a3e187a12e7d49ffd37292c9bb7d496,2025,6,0.051425388362619645
f950b5836c59dbf42931280439ff42893a3e187a12e7d49ffd37292c9bb7d496,2025,7,0.052175534611956294
f950b5836c59dbf42931280439ff42893a3e187a12e7d49ffd37292c9bb7d496,2025,8,0.04042602957237729
f950b5836c59dbf42931280439ff42893a3e187a12e7d49ffd37292c9bb7d496,2025,9,0.040317080040017134
f950b5836c59dbf42931280439ff42893a3e187a12e7d49ffd37292c9bb7d496,2025,10,0.057126583191522765
f97d1618b1b36051a92bffc425589855af0463af61bc5f7168b8a147f18c4dca,2025,5,0.06360354654442292
f97d1618b1b36051a92bffc425589855af0463af61bc5f7168b8a147f18c4dca,2025,6,0.06909403594299734
f97d1618b1b36051a92bffc425589855af0463af61bc5f7168b8a147f18c4dca,2025,7,0.07960363656163211
f97d1618b1b36051a92bffc425589855af0463af61bc5f7168b8a147f18c4dca,2025,8,0.07463107581176465
f97d1618b1b36051a92bffc425589855af0463af61bc5f7168b8a147f18c4dca,2025,9,0.07067307326693975
f97d1618b1b36051a92bffc425589855af0463af61bc5f7168b8a147f18c4dca,2025,10,0.08569066147273029
f99b61a31667174a9d7b6dbc01be6929d27a659c277c1ab22fe8b30606bb5a8d,2025,5,0.025999501845298527
f99b61a31667174a9d7b6dbc01be6929d27a659c277c1ab22fe8b30606bb5a8d,2025,6,0.021615547424795722
f99b61a31667174a9d7b6dbc01be6929d27a659c277c1ab22fe8b30606bb5a8d,2025,7,0.023028165052177016
f99b61a31667174a9d7b6dbc01be6929d27a659c277c1ab22fe8b30606bb5a8d,2025,8,0.01688740288354533
f99b61a31667174a9d7b6dbc01be6929d27a659c277c1ab22fe8b30606bb5a8d,2025,9,0.01701589019621151
f99b61a31667174a9d7b6dbc01be6929d27a659c277c1ab22fe8b30606bb5a8d,2025,10,0.04277855896769797
fb584dd7c99400152dfebd6c60fa883f2de3451168cd19b9d2d3a7f992a066bf,2025,5,0.024516702334112545
fb584dd7c99400152dfebd6c60fa883f2de3451168cd19b9d2d3a7f992a066bf,2025,6,0.02122106703900533
fb584dd7c99400152dfebd6c60fa883f2de3451168cd19b9d2d3a7f992a066bf,2025,7,0.025248692943792582
fb584dd7c99400152dfebd6c60fa883f2de3451168cd19b9d2d3a7f992a066bf,2025,8,0.023263875190881016
fb584dd7c99400152dfebd6c60fa883f2de3451168cd19b9d2d3a7f992a066bf,2025,9,0.02289417268389217
fb584dd7c99400152dfebd6c60fa883f2de3451168cd19b9d2d3a7f992a066bf,2025,10,0.05037009339537879
fba0f7b57aefffb146b7f66a98e39dcd76204553382d8a204e8ab418e357a484,2025,5,0.03851363620126802
fba0f7b57aefffb146b7f66a98e39dcd76204553382d8a204e8ab418e357a484,2025,6,0.03180951423676185
fba0f7b57aefffb146b7f66a98e39dcd76204553382d8a204e8ab418e357a484,2025,7,0.034669238136182404
fba0f7b57aefffb146b7f66a98e39dcd76204553382d8a204e8ab418e357a484,2025,8,0.03548478236351392
fba0f7b57aefffb146b7f66a98e39dcd76204553382d8a204e8ab418e357a484,2025,9,0.04063083774499215
fba0f7b57aefffb146b7f66a98e39dcd76204553382d8a204e8ab418e357a484,2025,10,0.0565638481256133
fbdf266dd372334fcd865972f980574608f7fc122ecf6ceda8331dbec250c537,2025,5,0.0547722705508051
fbdf266dd372334fcd865972f980574608f7fc122ecf6ceda8331dbec250c537,2025,6,0.04816202845568681
fbdf266dd372334fcd865972f980574608f7fc122ecf6ceda8331dbec250c537,2025,7,0.0449903055981508
fbdf266dd372334fcd865972f980574608f7fc122ecf6ceda8331dbec250c537,2025,8,0.04803645565623347
fbdf266dd372334fcd865972f980574608f7fc122ecf6ceda8331dbec250c537,2025,9,0.0359936233737576
fbdf266dd372334fcd865972f980574608f7fc122ecf6ceda8331dbec250c537,2025,10,0.05255973572908999
fc376d9b600a622120a38da673f71d121b850055851e26eb2b460450ed483720,2025,5,0.03037266042087533
fc376d9b600a622120a38da673f71d121b850055851e26eb2b460450ed483720,2025,6,0.00734977928186333
fc376d9b600a622120a38da673f71d121b850055851e26eb2b460450ed483720,2025,7,0.0009761921758323047
fc376d9b600a622120a38da673f71d121b850055851e26eb2b460450ed483720,2025,8,0.004502373956276627
fc376d9b600a622120a38da673f71d121b850055851e26eb2b460450ed483720,2025,9,0.016193204676412824
fc376d9b600a622120a38da673f71d121b850055851e26eb2b460450ed483720,2025,10,0.03955100087780726
fd2d77f969dd205ffe471e2349d3d2f54dc6e30a7d2ccd74a049a43ad656204c,2025,5,0.09326975569254572
fd2d77f969dd205ffe471e2349d3d2f54dc6e30a7d2ccd74a049a43ad656204c,2025,6,0.06417451844895763
fd2d77f969dd205ffe471e2349d3d2f54dc6e30a7d2ccd74a049a43ad656204c,2025,7,0.06353469719044344
fd2d77f969dd205ffe471e2349d3d2f54dc6e30a7d2ccd74a049a43ad656204c,2025,8,0.05801738069375045
fd2d77f969dd205ffe471e2349d3d2f54dc6e30a7d2ccd74a049a43ad656204c,2025,9,0.06569296282214679
fd2d77f969dd205ffe471e2349d3d2f54dc6e30a7d2ccd74a049a43ad656204c,2025,10,0.12262278574210142
fdd1157e24eae9617881107d653c75ee16234d3bb7d84f163b6da5338a8bd2c6,2025,5,0.06392269864883308
fdd1157e24eae9617881107d653c75ee16234d3bb7d84f163b6da5338a8bd2c6,2025,6,0.02416330015199368
fdd1157e24eae9617881107d653c75ee16234d3bb7d84f163b6da5338a8bd2c6,2025,7,0.025837936999247618
fdd1157e24eae9617881107d653c75ee16234d3bb7d84f163b6da5338a8bd2c6,2025,8,0.02582474471580032
fdd1157e24eae9617881107d653c75ee16234d3bb7d84f163b6da5338a8bd2c6,2025,9,0.020504012678232784
fdd1157e24eae9617881107d653c75ee16234d3bb7d84f163b6da5338a8bd2c6,2025,10,0.06547207407877481
ffd5e815486d2b094a0ff197111e96c998e11fda1626f71f176af4b1c3296d4e,2025,5,0.02657926383938633
ffd5e815486d2b094a0ff197111e96c998e11fda1626f71f176af4b1c3296d4e,2025,6,0.031210564621893658
ffd5e815486d2b094a0ff197111e96c998e11fda1626f71f176af4b1c3296d4e,2025,7,0.03300050363420336
ffd5e815486d2b094a0ff197111e96c998e11fda1626f71f176af4b1c3296d4e,2025,8,0.029418541223761134
ffd5e815486d2b094a0ff197111e96c998e11fda1626f71f176af4b1c3296d4e,2025,9,0.022068698211222284
ffd5e815486d2b094a0ff197111e96c998e11fda1626f71f176af4b1c3296d4e,2025,10,0.040771249886366795
